#
# A fatal error has been detected by the Java Runtime Environment:
#
#  SIGSEGV (0xb) at pc=0x00007b474c4a5620, pid=3708520, tid=3708520
#
# JRE version: OpenJDK Runtime Environment Temurin-17.0.7+7 (17.0.7+7) (build 17.0.7+7)
# Java VM: OpenJDK 64-Bit Server VM Temurin-17.0.7+7 (17.0.7+7, mixed mode, tiered, compressed oops, compressed class ptrs, g1 gc, linux-amd64)
# Problematic frame:
# C  [libsciscicos.so+0xa5620]  org_scilab_modules_scicos::Model::getObject(long long) const+0x30
#
# Core dump will be written. Default location: Core dumps may be processed with "/usr/share/apport/apport -p%p -s%s -c%c -d%d -P%P -u%u -g%g -F%F -- %E" (or dumping to /home/bgodfrey/CASPER/mlib_devel/core.3708520)
#
# If you would like to submit a bug report, please visit:
#   https://github.com/adoptium/adoptium-support/issues
# The crash happened outside the Java Virtual Machine in native code.
# See problematic frame for where to report the bug.
#

---------------  S U M M A R Y ------------

Command Line: -Djava.library.path= -Djava.system.class.loader=org.scilab.modules.jvm.ScilabClassLoader -Xshare:off --add-opens=java.desktop/sun.awt.X11=ALL-UNNAMED -Djdk.lang.processReaperUseDefaultStackSize=true --add-opens=java.desktop/javax.swing.plaf.basic=ALL-UNNAMED --add-opens=java.base/java.lang=ALL-UNNAMED --add-opens=java.base/jdk.internal.loader=ALL-UNNAMED --add-opens=java.base/java.lang.reflect=ALL-UNNAMED -Djava.util.logging.config.file=/home/bgodfrey/CASPER/Scilab/scilab-2024.1.0/share/scilab/etc/logging.properties -Xrs -Dawt.useSystemAAFontSettings=on -Djogamp.gluegen.UseTempJarCache=false 

Host: 12th Gen Intel(R) Core(TM) i7-1270P, 16 cores, 30G, 
[error occurred during error reporting (printing summary machine and OS info), id 0xb, SIGSEGV (0xb) at pc=0x00007b48ce70aa10]

Time: Tue Apr 21 18:01:57 2026 PDT elapsed time: 765.738624 seconds (0d 0h 12m 45s)

---------------  T H R E A D  ---------------

Current thread (0x00000000282129b0):  JavaThread "main" [_thread_in_native, id=3708520, stack(0x00007ffe23dfa000,0x00007ffe23efa000)]

Stack: [0x00007ffe23dfa000,0x00007ffe23efa000],  sp=0x00007ffe23ef31b8,  free space=996k
Native frames: (J=compiled Java code, j=interpreted, Vv=VM code, C=native code)
C  [libsciscicos.so+0xa5620]  org_scilab_modules_scicos::Model::getObject(long long) const+0x30
C  0x0000000000000000
C  0xffffffffffff0e80


siginfo: si_signo: 11 (SIGSEGV), si_code: 128 (SI_KERNEL), si_addr: 0x0000000000000000

Register to memory mapping:

RAX=0x002956b2d000007b is an unknown value
RBX=0x00007b474c74ab40: _ZN25org_scilab_modules_scicos10Controller10m_instanceE+0x0000000000000000 in /home/bgodfrey/CASPER/Scilab/scilab-2024.1.0/lib/scilab/libsciscicos.so at 0x00007b474c400000
RCX=0x00296be528000000 is an unknown value
RDX=0x0000000000000c85 is an unknown value
RSP=0x00007ffe23ef31b8 is pointing into the stack for thread: 0x00000000282129b0
RBP=0x00007ffe23ef31e0 is pointing into the stack for thread: 0x00000000282129b0
RSI=0x0000000000000c85 is an unknown value
RDI=0x000000002956b2f5 points into unknown readable memory: 7b 00 00
R8 =0x0000000000000c89 is an unknown value
R9 =0x00000000296d52f0 points into unknown readable memory: 0x000000002970d010 | 10 d0 70 29 00 00 00 00
R10=0x0000000000000c85 is an unknown value
R11=0xd35fd70b9d28528b is an unknown value
R12=0x00007ffe23ef31d8 is pointing into the stack for thread: 0x00000000282129b0
R13=0x00000000281f7b80 points into unknown readable memory: 0x00000000281f4670 | 70 46 1f 28 00 00 00 00
R14=0x00000000296cf930 points into unknown readable memory: 0x00000000290872ef | ef 72 08 29 00 00 00 00
R15=0x000000002988b750 points into unknown readable memory: 0x00007b474c7428d0 | d0 28 74 4c 47 7b 00 00


Registers:
RAX=0x002956b2d000007b, RBX=0x00007b474c74ab40, RCX=0x00296be528000000, RDX=0x0000000000000c85
RSP=0x00007ffe23ef31b8, RBP=0x00007ffe23ef31e0, RSI=0x0000000000000c85, RDI=0x000000002956b2f5
R8 =0x0000000000000c89, R9 =0x00000000296d52f0, R10=0x0000000000000c85, R11=0xd35fd70b9d28528b
R12=0x00007ffe23ef31d8, R13=0x00000000281f7b80, R14=0x00000000296cf930, R15=0x000000002988b750
RIP=0x00007b474c4a5620, EFLAGS=0x0000000000010206, CSGSFS=0x002b000000000033, ERR=0x0000000000000000
  TRAPNO=0x000000000000000d

Top of Stack: (sp=0x00007ffe23ef31b8)
0x00007ffe23ef31b8:   00007b474c49ea51 000000002988b750
0x00007ffe23ef31c8:   00007b474c4b3ce2 0000000000000000
0x00007ffe23ef31d8:   00007b474c742838 00007ffe23ef31f0
0x00007ffe23ef31e8:   0000000000000000 00007ffe23ef3200 

Instructions: (pc=0x00007b474c4a5620)
0x00007b474c4a5520:   0f b6 06 88 07 48 8b 3b eb b2 66 0f 1f 44 00 00
0x00007b474c4a5530:   41 54 4c 8d 67 10 55 48 89 d5 53 48 89 fb 4c 89
0x00007b474c4a5540:   27 48 8b 06 48 8b 56 08 48 89 c6 48 01 c2 e8 ad
0x00007b474c4a5550:   00 fb ff 48 8b 55 08 48 8b 75 00 48 89 df e8 4d
0x00007b474c4a5560:   2c fb ff 48 89 d8 5b 5d 41 5c c3 48 89 c5 48 8b
0x00007b474c4a5570:   3b 49 39 fc 74 05 e8 a5 10 fb ff 48 89 ef e8 4d
0x00007b474c4a5580:   28 fb ff 66 2e 0f 1f 84 00 00 00 00 00 0f 1f 00
0x00007b474c4a5590:   b8 01 00 00 00 8b 56 04 39 57 04 7c 07 b8 00 00
0x00007b474c4a55a0:   00 00 74 04 c3 0f 1f 00 b8 01 00 00 00 8b 4e 08
0x00007b474c4a55b0:   39 4f 08 7c ef b8 00 00 00 00 75 e8 8b 46 0c 39
0x00007b474c4a55c0:   47 0c 0f 9c c0 c3 66 2e 0f 1f 84 00 00 00 00 00
0x00007b474c4a55d0:   8b 46 0c 83 c0 01 89 46 0c c3 66 0f 1f 44 00 00
0x00007b474c4a55e0:   48 8d 46 0c c3 90 66 2e 0f 1f 84 00 00 00 00 00
0x00007b474c4a55f0:   4c 8b 47 18 48 89 f0 31 d2 49 f7 f0 48 8b 47 10
0x00007b474c4a5600:   4c 8b 0c d0 49 89 d2 4d 85 c9 74 44 49 8b 39 48
0x00007b474c4a5610:   8b 4f 08 eb 22 0f 1f 00 48 8b 07 48 85 c0 74 38
0x00007b474c4a5620:   48 8b 48 08 49 89 f9 31 d2 48 89 c7 48 89 c8 49
0x00007b474c4a5630:   f7 f0 49 39 d2 75 19 48 39 f1 75 dc 49 8b 01 48
0x00007b474c4a5640:   85 c0 74 14 48 39 48 08 75 06 48 8b 40 10 c3 90
0x00007b474c4a5650:   31 c0 c3 0f 1f 44 00 00 c3 90 66 0f 1f 44 00 00
0x00007b474c4a5660:   48 83 ec 08 e8 57 0a fb ff 48 85 c0 74 12 8b 40
0x00007b474c4a5670:   08 48 83 c4 08 c3 66 2e 0f 1f 84 00 00 00 00 00
0x00007b474c4a5680:   b8 03 00 00 00 48 83 c4 08 c3 66 0f 1f 44 00 00
0x00007b474c4a5690:   41 54 49 89 f4 55 48 89 fd 53 4c 8b 57 50 48 8b
0x00007b474c4a56a0:   5f 48 4d 89 d0 49 29 d8 49 c1 f8 03 eb 0d 66 90
0x00007b474c4a56b0:   4d 29 c8 49 8d 5b 08 49 83 e8 01 4d 85 c0 7e 21
0x00007b474c4a56c0:   4d 89 c1 4c 89 e6 49 d1 f9 4e 8d 1c cb 49 8b 3b
0x00007b474c4a56d0:   e8 bb fe ff ff 84 c0 75 d7 4d 89 c8 4d 85 c9 75
0x00007b474c4a56e0:   df 49 39 da 74 14 48 8b 3b 8b 47 04 41 39 44 24
0x00007b474c4a56f0:   04 7c 07 74 3b 83 2f 01 78 06 5b 5d 41 5c c3 90
0x00007b474c4a5700:   be 10 00 00 00 e8 76 10 fb ff 48 8b 55 50 48 8d
0x00007b474c4a5710:   73 08 48 39 f2 74 0f 48 29 f2 48 89 df e8 9e 22 


Stack slot to memory mapping:
stack at sp + 0 slots: 0x00007b474c49ea51: _ZNK25org_scilab_modules_scicos10Controller13getBaseObjectEx+0x0000000000000021 in /home/bgodfrey/CASPER/Scilab/scilab-2024.1.0/lib/scilab/libsciscicos.so at 0x00007b474c400000
stack at sp + 1 slots: 0x000000002988b750 points into unknown readable memory: 0x00007b474c7428d0 | d0 28 74 4c 47 7b 00 00
stack at sp + 2 slots: 0x00007b474c4b3ce2: _ZN25org_scilab_modules_scicos11view_scilab11BaseAdapterINS0_12BlockAdapterENS_5model5BlockEED1Ev+0x0000000000000052 in /home/bgodfrey/CASPER/Scilab/scilab-2024.1.0/lib/scilab/libsciscicos.so at 0x00007b474c400000
stack at sp + 3 slots: 0x0 is NULL
stack at sp + 4 slots: 0x00007b474c742838: _ZTVN25org_scilab_modules_scicos11view_scilab11AdapterViewE+0x0000000000000010 in /home/bgodfrey/CASPER/Scilab/scilab-2024.1.0/lib/scilab/libsciscicos.so at 0x00007b474c400000
stack at sp + 5 slots: 0x00007ffe23ef31f0 is pointing into the stack for thread: 0x00000000282129b0
stack at sp + 6 slots: 0x0 is NULL
stack at sp + 7 slots: 0x00007ffe23ef3200 is pointing into the stack for thread: 0x00000000282129b0


---------------  P R O C E S S  ---------------

Threads class SMR info:
_java_thread_list=0x00007b48306f6fe0, length=23, elements={
0x00000000282129b0, 0x00000000283af730, 0x00000000283b0d20, 0x00000000283d0340,
0x00000000283d3c50, 0x00000000283d4cd0, 0x00000000283d66f0, 0x00000000283d7c60,
0x00000000283d9110, 0x0000000028464ab0, 0x00000000284927f0, 0x0000000028741c80,
0x0000000028748d90, 0x000000002874c070, 0x000000002874cef0, 0x00000000288e5670,
0x0000000028a9a570, 0x00007b480077e8f0, 0x00007b4800706c40, 0x00007b4800878060,
0x00007b4800b30560, 0x00007b4830514d40, 0x00007b48306f6770
}

Java Threads: ( => current thread )
=>0x00000000282129b0 JavaThread "main" [_thread_in_native, id=3708520, stack(0x00007ffe23dfa000,0x00007ffe23efa000)]
  0x00000000283af730 JavaThread "Reference Handler" daemon [_thread_blocked, id=3708536, stack(0x00007b48c3300000,0x00007b48c3400000)]
  0x00000000283b0d20 JavaThread "Finalizer" daemon [_thread_in_native, id=3708537, stack(0x00007b48c2f00000,0x00007b48c3000000)]
  0x00000000283d0340 JavaThread "Attach Listener" daemon [_thread_blocked, id=3708538, stack(0x00007b48c2b00000,0x00007b48c2c00000)]
  0x00000000283d3c50 JavaThread "Service Thread" daemon [_thread_blocked, id=3708539, stack(0x00007b48c2700000,0x00007b48c2800000)]
  0x00000000283d4cd0 JavaThread "Monitor Deflation Thread" daemon [_thread_blocked, id=3708540, stack(0x00007b48c1f00000,0x00007b48c2000000)]
  0x00000000283d66f0 JavaThread "C2 CompilerThread0" daemon [_thread_blocked, id=3708541, stack(0x00007b48c1b00000,0x00007b48c1c00000)]
  0x00000000283d7c60 JavaThread "C1 CompilerThread0" daemon [_thread_blocked, id=3708542, stack(0x00007b48c1700000,0x00007b48c1800000)]
  0x00000000283d9110 JavaThread "Sweeper thread" daemon [_thread_blocked, id=3708543, stack(0x00007b48c1300000,0x00007b48c1400000)]
  0x0000000028464ab0 JavaThread "Common-Cleaner" daemon [_thread_blocked, id=3708547, stack(0x00007b48c0300000,0x00007b48c0400000)]
  0x00000000284927f0 JavaThread "Notification Thread" daemon [_thread_blocked, id=3708548, stack(0x00007b48bff00000,0x00007b48c0000000)]
  0x0000000028741c80 JavaThread "Java2D Disposer" daemon [_thread_blocked, id=3708550, stack(0x00007b48bf300000,0x00007b48bf400000)]
  0x0000000028748d90 JavaThread "AWT-XAWT" daemon [_thread_in_native, id=3708551, stack(0x00007b48bef00000,0x00007b48bf000000)]
  0x000000002874c070 JavaThread "AWT-Shutdown" [_thread_blocked, id=3708552, stack(0x00007b48beb00000,0x00007b48bec00000)]
  0x000000002874cef0 JavaThread "AWT-EventQueue-0" [_thread_blocked, id=3708553, stack(0x00007b48be700000,0x00007b48be800000)]
  0x00000000288e5670 JavaThread "main-SharedResourceRunner" daemon [_thread_blocked, id=3708566, stack(0x00007b48be300000,0x00007b48be400000)]
  0x0000000028a9a570 JavaThread "main-SharedResourceRunner" daemon [_thread_blocked, id=3708567, stack(0x00007b48bdb00000,0x00007b48bdc00000)]
  0x00007b480077e8f0 JavaThread "TimerQueue" daemon [_thread_blocked, id=3708625, stack(0x00007b47bc2ef000,0x00007b47bc3ef000)]
  0x00007b4800706c40 JavaThread "SwingWorker-pool-1-thread-1" daemon [_thread_blocked, id=3708626, stack(0x00007b47bc1ef000,0x00007b47bc2ef000)]
  0x00007b4800878060 JavaThread "SwingWorker-pool-1-thread-2" daemon [_thread_blocked, id=3708715, stack(0x00007b47bc0ef000,0x00007b47bc1ef000)]
  0x00007b4800b30560 JavaThread "pool-2-thread-1" [_thread_blocked, id=3709192, stack(0x00007b47bc3ef000,0x00007b47bc4ef000)]
  0x00007b4830514d40 JavaThread "C2 CompilerThread1" daemon [_thread_blocked, id=3713416, stack(0x00007b48c0700000,0x00007b48c0800000)]
  0x00007b48306f6770 JavaThread "C2 CompilerThread2" daemon [_thread_blocked, id=3713417, stack(0x00007b48ba500000,0x00007b48ba600000)]

Other Threads:
  0x00000000283a01c0 VMThread "VM Thread" [stack: 0x00007b48c3700000,0x00007b48c3800000] [id=3708535]
  0x0000000028215330 WatcherThread [stack: 0x00007b48bfb00000,0x00007b48bfc00000] [id=3708549]
  0x0000000028207ca0 GCTaskThread "GC Thread#0" [stack: 0x00007b48ca300000,0x00007b48ca400000] [id=3708530]
  0x00007b4848006a50 GCTaskThread "GC Thread#1" [stack: 0x00007b48b9b00000,0x00007b48b9c00000] [id=3708596]
  0x00007b4848007560 GCTaskThread "GC Thread#2" [stack: 0x00007b48b9700000,0x00007b48b9800000] [id=3708597]
  0x00007b4848008070 GCTaskThread "GC Thread#3" [stack: 0x00007b48b8f00000,0x00007b48b9000000] [id=3708598]
  0x00007b4848008b80 GCTaskThread "GC Thread#4" [stack: 0x00007b48b8b00000,0x00007b48b8c00000] [id=3708599]
  0x00007b4848009690 GCTaskThread "GC Thread#5" [stack: 0x00007b48b56fa000,0x00007b48b57fa000] [id=3708600]
  0x00007b484800a1a0 GCTaskThread "GC Thread#6" [stack: 0x00007b48b2cff000,0x00007b48b2dff000] [id=3708601]
  0x00007b484800acb0 GCTaskThread "GC Thread#7" [stack: 0x00007b489c667000,0x00007b489c767000] [id=3708602]
  0x00007b484800b7e0 GCTaskThread "GC Thread#8" [stack: 0x00007b489c100000,0x00007b489c200000] [id=3708603]
  0x00007b484800c330 GCTaskThread "GC Thread#9" [stack: 0x00007b488feff000,0x00007b488ffff000] [id=3708604]
  0x00007b484800ce80 GCTaskThread "GC Thread#10" [stack: 0x00007b486b8f4000,0x00007b486b9f4000] [id=3708605]
  0x00007b4848012d00 GCTaskThread "GC Thread#11" [stack: 0x00007b4869700000,0x00007b4869800000] [id=3708606]
  0x00007b4848013810 GCTaskThread "GC Thread#12" [stack: 0x00007b4869300000,0x00007b4869400000] [id=3708607]
  0x0000000028254da0 ConcurrentGCThread "G1 Main Marker" [stack: 0x00007b48c9700000,0x00007b48c9800000] [id=3708531]
  0x0000000028255c50 ConcurrentGCThread "G1 Conc#0" [stack: 0x00007b48c9300000,0x00007b48c9400000] [id=3708532]
  0x00007b485c000e50 ConcurrentGCThread "G1 Conc#1" [stack: 0x00007b47bc5f3000,0x00007b47bc6f3000] [id=3708622]
  0x00007b485c0019b0 ConcurrentGCThread "G1 Conc#2" [stack: 0x00007b47bc4f1000,0x00007b47bc5f1000] [id=3708623]
  0x0000000028242650 ConcurrentGCThread "G1 Refine#0" [stack: 0x00007b48c4500000,0x00007b48c4600000] [id=3708533]
  0x00007b4854000e50 ConcurrentGCThread "G1 Refine#1" [stack: 0x00007b4868f00000,0x00007b4869000000] [id=3708608]
  0x00007b4788000e50 ConcurrentGCThread "G1 Refine#2" [stack: 0x00007b4868b00000,0x00007b4868c00000] [id=3708609]
  0x000000002832b3b0 ConcurrentGCThread "G1 Service" [stack: 0x00007b48c4100000,0x00007b48c4200000] [id=3708534]

Threads with active compile tasks:

VM state: not at safepoint (normal execution)

VM Mutex/Monitor currently owned by a thread: None

Heap address: 0x00000005d6800000, size: 7832 MB, Compressed Oops mode: Zero based, Oop shift amount: 3

CDS archive(s) not mapped
Compressed class space mapped at: 0x00000007c0000000-0x0000000800000000, reserved size: 1073741824
Narrow klass base: 0x0000000000000000, Narrow klass shift: 3, Narrow klass range: 0x800000000

GC Precious Log:
 CPUs: 16 total, 16 available
 Memory: 31325M
 Large Page Support: Disabled
 NUMA Support: Disabled
 Compressed Oops: Enabled (Zero based)
 Heap Region Size: 4M
 Heap Min Capacity: 8M
 Heap Initial Capacity: 492M
 Heap Max Capacity: 7832M
 Pre-touch: Disabled
 Parallel Workers: 13
 Concurrent Workers: 3
 Concurrent Refinement Workers: 13
 Periodic GC: Disabled

Heap:
 garbage-first heap   total 167936K, used 64324K [0x00000005d6800000, 0x00000007c0000000)
  region size 4096K, 3 young (12288K), 2 survivors (8192K)
 Metaspace       used 56795K, committed 57152K, reserved 1114112K
  class space    used 6289K, committed 6464K, reserved 1048576K

Heap Regions: E=young(eden), S=young(survivor), O=old, HS=humongous(starts), HC=humongous(continues), CS=collection set, F=free, OA=open archive, CA=closed archive, TAMS=top-at-mark-start (previous, next)
|   0|0x00000005d6800000, 0x00000005d6c00000, 0x00000005d6c00000|100%| O|  |TAMS 0x00000005d6c00000, 0x00000005d6800000| Untracked 
|   1|0x00000005d6c00000, 0x00000005d6ebd000, 0x00000005d7000000| 68%| O|  |TAMS 0x00000005d6c00000, 0x00000005d6c00000| Untracked 
|   2|0x00000005d7000000, 0x00000005d7000000, 0x00000005d7400000|  0%| F|  |TAMS 0x00000005d7000000, 0x00000005d7000000| Untracked 
|   3|0x00000005d7400000, 0x00000005d7800000, 0x00000005d7800000|100%| O|  |TAMS 0x00000005d7800000, 0x00000005d7400000| Untracked 
|   4|0x00000005d7800000, 0x00000005d7800000, 0x00000005d7c00000|  0%| F|  |TAMS 0x00000005d7800000, 0x00000005d7800000| Untracked 
|   5|0x00000005d7c00000, 0x00000005d8000000, 0x00000005d8000000|100%| O|  |TAMS 0x00000005d8000000, 0x00000005d7c00000| Untracked 
|   6|0x00000005d8000000, 0x00000005d8400000, 0x00000005d8400000|100%| O|  |TAMS 0x00000005d8400000, 0x00000005d8000000| Untracked 
|   7|0x00000005d8400000, 0x00000005d8800000, 0x00000005d8800000|100%| O|  |TAMS 0x00000005d8800000, 0x00000005d8400000| Untracked 
|   8|0x00000005d8800000, 0x00000005d8c00000, 0x00000005d8c00000|100%| O|  |TAMS 0x00000005d8c00000, 0x00000005d8800000| Untracked 
|   9|0x00000005d8c00000, 0x00000005d9000000, 0x00000005d9000000|100%| O|  |TAMS 0x00000005d9000000, 0x00000005d8c00000| Untracked 
|  10|0x00000005d9000000, 0x00000005d9000000, 0x00000005d9400000|  0%| F|  |TAMS 0x00000005d9000000, 0x00000005d9000000| Untracked 
|  11|0x00000005d9400000, 0x00000005d9800000, 0x00000005d9800000|100%| O|  |TAMS 0x00000005d9800000, 0x00000005d9400000| Untracked 
|  12|0x00000005d9800000, 0x00000005d9800000, 0x00000005d9c00000|  0%| F|  |TAMS 0x00000005d9800000, 0x00000005d9800000| Untracked 
|  13|0x00000005d9c00000, 0x00000005da000000, 0x00000005da000000|100%|HS|  |TAMS 0x00000005da000000, 0x00000005d9c00000| Complete 
|  14|0x00000005da000000, 0x00000005da400000, 0x00000005da400000|100%|HC|  |TAMS 0x00000005da400000, 0x00000005da000000| Complete 
|  15|0x00000005da400000, 0x00000005da800000, 0x00000005da800000|100%|HS|  |TAMS 0x00000005da800000, 0x00000005da400000| Complete 
|  16|0x00000005da800000, 0x00000005dac00000, 0x00000005dac00000|100%|HS|  |TAMS 0x00000005dac00000, 0x00000005da800000| Complete 
|  17|0x00000005dac00000, 0x00000005db000000, 0x00000005db000000|100%| O|  |TAMS 0x00000005db000000, 0x00000005dac00000| Untracked 
|  18|0x00000005db000000, 0x00000005db400000, 0x00000005db400000|100%| O|  |TAMS 0x00000005db033400, 0x00000005db000000| Untracked 
|  19|0x00000005db400000, 0x00000005db414220, 0x00000005db800000|  1%| S|CS|TAMS 0x00000005db400000, 0x00000005db400000| Complete 
|  20|0x00000005db800000, 0x00000005dbc00000, 0x00000005dbc00000|100%| S|CS|TAMS 0x00000005db800000, 0x00000005db800000| Complete 
|  21|0x00000005dbc00000, 0x00000005dbc00000, 0x00000005dc000000|  0%| F|  |TAMS 0x00000005dbc00000, 0x00000005dbc00000| Untracked 
|  22|0x00000005dc000000, 0x00000005dc000000, 0x00000005dc400000|  0%| F|  |TAMS 0x00000005dc000000, 0x00000005dc000000| Untracked 
|  23|0x00000005dc400000, 0x00000005dc400000, 0x00000005dc800000|  0%| F|  |TAMS 0x00000005dc400000, 0x00000005dc400000| Untracked 
|  24|0x00000005dc800000, 0x00000005dc800000, 0x00000005dcc00000|  0%| F|  |TAMS 0x00000005dc800000, 0x00000005dc800000| Untracked 
|  25|0x00000005dcc00000, 0x00000005dcc00000, 0x00000005dd000000|  0%| F|  |TAMS 0x00000005dcc00000, 0x00000005dcc00000| Untracked 
|  26|0x00000005dd000000, 0x00000005dd000000, 0x00000005dd400000|  0%| F|  |TAMS 0x00000005dd000000, 0x00000005dd000000| Untracked 
|  27|0x00000005dd400000, 0x00000005dd400000, 0x00000005dd800000|  0%| F|  |TAMS 0x00000005dd400000, 0x00000005dd400000| Untracked 
|  28|0x00000005dd800000, 0x00000005dd800000, 0x00000005ddc00000|  0%| F|  |TAMS 0x00000005dd800000, 0x00000005dd800000| Untracked 
|  29|0x00000005ddc00000, 0x00000005ddc00000, 0x00000005de000000|  0%| F|  |TAMS 0x00000005ddc00000, 0x00000005ddc00000| Untracked 
|  30|0x00000005de000000, 0x00000005de000000, 0x00000005de400000|  0%| F|  |TAMS 0x00000005de000000, 0x00000005de000000| Untracked 
|  31|0x00000005de400000, 0x00000005de400000, 0x00000005de800000|  0%| F|  |TAMS 0x00000005de400000, 0x00000005de400000| Untracked 
|  32|0x00000005de800000, 0x00000005de800000, 0x00000005dec00000|  0%| F|  |TAMS 0x00000005de800000, 0x00000005de800000| Untracked 
|  33|0x00000005dec00000, 0x00000005dec00000, 0x00000005df000000|  0%| F|  |TAMS 0x00000005dec00000, 0x00000005dec00000| Untracked 
|  34|0x00000005df000000, 0x00000005df000000, 0x00000005df400000|  0%| F|  |TAMS 0x00000005df000000, 0x00000005df000000| Untracked 
|  35|0x00000005df400000, 0x00000005df400000, 0x00000005df800000|  0%| F|  |TAMS 0x00000005df400000, 0x00000005df400000| Untracked 
|  36|0x00000005df800000, 0x00000005df800000, 0x00000005dfc00000|  0%| F|  |TAMS 0x00000005df800000, 0x00000005df800000| Untracked 
|  37|0x00000005dfc00000, 0x00000005dfc00000, 0x00000005e0000000|  0%| F|  |TAMS 0x00000005dfc00000, 0x00000005dfc00000| Untracked 
|  38|0x00000005e0000000, 0x00000005e0000000, 0x00000005e0400000|  0%| F|  |TAMS 0x00000005e0000000, 0x00000005e0000000| Untracked 
|  39|0x00000005e0400000, 0x00000005e0400000, 0x00000005e0800000|  0%| F|  |TAMS 0x00000005e0400000, 0x00000005e0400000| Untracked 
| 122|0x00000005f5000000, 0x00000005f5351900, 0x00000005f5400000| 82%| E|  |TAMS 0x00000005f5000000, 0x00000005f5000000| Complete 

Card table byte_map: [0x00007b489c767000,0x00007b489d6b3000] _byte_map_base: 0x00007b48998b3000

Marking Bits (Prev, Next): (CMBitMap*) 0x00000000282506c0, (CMBitMap*) 0x0000000028250680
 Prev Bits: [0x00007b486b9f4000, 0x00007b4873454000)
 Next Bits: [0x00007b4873454000, 0x00007b487aeb4000)

Polling page: 0x00007b48cf058000

Metaspace:

Usage:
  Non-class:     49.32 MB used.
      Class:      6.14 MB used.
       Both:     55.46 MB used.

Virtual space:
  Non-class space:       64.00 MB reserved,      49.50 MB ( 77%) committed,  1 nodes.
      Class space:        1.00 GB reserved,       6.31 MB ( <1%) committed,  1 nodes.
             Both:        1.06 GB reserved,      55.81 MB (  5%) committed. 

Chunk freelists:
   Non-Class:  14.30 MB
       Class:  9.66 MB
        Both:  23.95 MB

MaxMetaspaceSize: unlimited
CompressedClassSpaceSize: 1.00 GB
Initial GC threshold: 21.00 MB
Current GC threshold: 91.19 MB
CDS: off
MetaspaceReclaimPolicy: balanced
 - commit_granule_bytes: 65536.
 - commit_granule_words: 8192.
 - virtual_space_node_default_size: 8388608.
 - enlarge_chunks_in_place: 1.
 - new_chunks_are_fully_committed: 0.
 - uncommit_free_chunks: 1.
 - use_allocation_guard: 0.
 - handle_deallocations: 1.


Internal statistics:

num_allocs_failed_limit: 9.
num_arena_births: 292.
num_arena_deaths: 0.
num_vsnodes_births: 2.
num_vsnodes_deaths: 0.
num_space_committed: 889.
num_space_uncommitted: 0.
num_chunks_returned_to_freelist: 9.
num_chunks_taken_from_freelist: 1115.
num_chunk_merges: 3.
num_chunk_splits: 755.
num_chunks_enlarged: 547.
num_inconsistent_stats: 0.

CodeHeap 'non-profiled nmethods': size=119168Kb used=10924Kb max_used=10924Kb free=108243Kb
 bounds [0x00007b48839a0000, 0x00007b4884450000, 0x00007b488ae00000]
CodeHeap 'profiled nmethods': size=119164Kb used=18807Kb max_used=18807Kb free=100357Kb
 bounds [0x00007b487be00000, 0x00007b487d060000, 0x00007b488325f000]
CodeHeap 'non-nmethods': size=7428Kb used=1826Kb max_used=3546Kb free=5601Kb
 bounds [0x00007b488325f000, 0x00007b48835df000, 0x00007b48839a0000]
 total_blobs=11053 nmethods=9747 adapters=1217
 compilation: enabled
              stopped_count=0, restarted_count=0
 full_count=0

Compilation events (20 events):
Event: 765.697 Thread 0x00000000283d66f0 12324       4       java.io.ObjectInputStream$BlockDataInputStream::peek (55 bytes)
Event: 765.697 Thread 0x00007b48306f6770 12323       4       java.io.ObjectInputStream$BlockDataInputStream::setBlockDataMode (74 bytes)
Event: 765.697 Thread 0x00007b4830514d40 12327       4       org.scilab.modules.xcos.graph.model.ScicosObjectOwner::<init> (36 bytes)
Event: 765.698 Thread 0x00007b48306f6770 nmethod 12323 0x00007b4884447c90 code [0x00007b4884447e20, 0x00007b4884447ef8]
Event: 765.698 Thread 0x00007b48306f6770 12328       4       org.scilab.modules.xcos.Controller::referenceObject (10 bytes)
Event: 765.698 Thread 0x00007b48306f6770 nmethod 12328 0x00007b4884447f90 code [0x00007b4884448120, 0x00007b48844481c8]
Event: 765.698 Thread 0x00007b48306f6770 12329       4       com.mxgraph.model.mxGeometry::<init> (16 bytes)
Event: 765.698 Thread 0x00000000283d66f0 nmethod 12324 0x00007b4884448290 code [0x00007b4884448440, 0x00007b4884448648]
Event: 765.698 Thread 0x00000000283d66f0 12326       4       org.scilab.modules.xcos.VectorOfInt::set (11 bytes)
Event: 765.698 Thread 0x00007b48306f6770 nmethod 12329 0x00007b4884448890 code [0x00007b4884448a00, 0x00007b4884448a98]
Event: 765.698 Thread 0x00007b48306f6770 12330       4       java.util.stream.Streams$RangeIntSpliterator::estimateSize (18 bytes)
Event: 765.698 Thread 0x00000000283d66f0 nmethod 12326 0x00007b4884448b90 code [0x00007b4884448d20, 0x00007b4884448dc8]
Event: 765.699 Thread 0x00007b4830514d40 nmethod 12327 0x00007b4884448e90 code [0x00007b4884449020, 0x00007b4884449208]
Event: 765.699 Thread 0x00007b48306f6770 nmethod 12330 0x00007b4884449390 code [0x00007b4884449500, 0x00007b4884449598]
Event: 765.710 Thread 0x00000000283d66f0 12331  s    4       java.util.Hashtable::containsKey (65 bytes)
Event: 765.715 Thread 0x00000000283d66f0 nmethod 12331 0x00007b4884449690 code [0x00007b4884449840, 0x00007b488444a138]
Event: 765.733 Thread 0x00007b4830514d40 12332       4       java.util.Arrays::asList (9 bytes)
Event: 765.733 Thread 0x00000000283d66f0 12333       4       java.util.HashMap$KeyIterator::<init> (11 bytes)
Event: 765.734 Thread 0x00007b4830514d40 nmethod 12332 0x00007b488444a510 code [0x00007b488444a6a0, 0x00007b488444a7f8]
Event: 765.736 Thread 0x00000000283d66f0 nmethod 12333 0x00007b488444a910 code [0x00007b488444aaa0, 0x00007b488444af58]

GC Heap History (20 events):
Event: 739.341 GC heap before
{Heap before GC invocations=103 (full 0):
 garbage-first heap   total 167936K, used 139035K [0x00000005d6800000, 0x00000007c0000000)
  region size 4096K, 20 young (81920K), 1 survivors (4096K)
 Metaspace       used 56621K, committed 56896K, reserved 1114112K
  class space    used 6289K, committed 6464K, reserved 1048576K
}
Event: 739.342 GC heap after
{Heap after GC invocations=104 (full 0):
 garbage-first heap   total 167936K, used 61263K [0x00000005d6800000, 0x00000007c0000000)
  region size 4096K, 1 young (4096K), 1 survivors (4096K)
 Metaspace       used 56621K, committed 56896K, reserved 1114112K
  class space    used 6289K, committed 6464K, reserved 1048576K
}
Event: 741.801 GC heap before
{Heap before GC invocations=104 (full 0):
 garbage-first heap   total 167936K, used 139087K [0x00000005d6800000, 0x00000007c0000000)
  region size 4096K, 20 young (81920K), 1 survivors (4096K)
 Metaspace       used 56632K, committed 56960K, reserved 1114112K
  class space    used 6289K, committed 6464K, reserved 1048576K
}
Event: 741.803 GC heap after
{Heap after GC invocations=105 (full 0):
 garbage-first heap   total 167936K, used 61394K [0x00000005d6800000, 0x00000007c0000000)
  region size 4096K, 1 young (4096K), 1 survivors (4096K)
 Metaspace       used 56632K, committed 56960K, reserved 1114112K
  class space    used 6289K, committed 6464K, reserved 1048576K
}
Event: 746.953 GC heap before
{Heap before GC invocations=105 (full 0):
 garbage-first heap   total 167936K, used 139218K [0x00000005d6800000, 0x00000007c0000000)
  region size 4096K, 20 young (81920K), 1 survivors (4096K)
 Metaspace       used 56666K, committed 56960K, reserved 1114112K
  class space    used 6289K, committed 6464K, reserved 1048576K
}
Event: 746.954 GC heap after
{Heap after GC invocations=106 (full 0):
 garbage-first heap   total 167936K, used 61530K [0x00000005d6800000, 0x00000007c0000000)
  region size 4096K, 1 young (4096K), 1 survivors (4096K)
 Metaspace       used 56666K, committed 56960K, reserved 1114112K
  class space    used 6289K, committed 6464K, reserved 1048576K
}
Event: 748.882 GC heap before
{Heap before GC invocations=106 (full 0):
 garbage-first heap   total 167936K, used 139354K [0x00000005d6800000, 0x00000007c0000000)
  region size 4096K, 20 young (81920K), 1 survivors (4096K)
 Metaspace       used 56667K, committed 57024K, reserved 1114112K
  class space    used 6289K, committed 6464K, reserved 1048576K
}
Event: 748.883 GC heap after
{Heap after GC invocations=107 (full 0):
 garbage-first heap   total 167936K, used 61520K [0x00000005d6800000, 0x00000007c0000000)
  region size 4096K, 1 young (4096K), 1 survivors (4096K)
 Metaspace       used 56667K, committed 57024K, reserved 1114112K
  class space    used 6289K, committed 6464K, reserved 1048576K
}
Event: 751.112 GC heap before
{Heap before GC invocations=107 (full 0):
 garbage-first heap   total 167936K, used 139344K [0x00000005d6800000, 0x00000007c0000000)
  region size 4096K, 20 young (81920K), 1 survivors (4096K)
 Metaspace       used 56690K, committed 57024K, reserved 1114112K
  class space    used 6289K, committed 6464K, reserved 1048576K
}
Event: 751.113 GC heap after
{Heap after GC invocations=108 (full 0):
 garbage-first heap   total 167936K, used 61805K [0x00000005d6800000, 0x00000007c0000000)
  region size 4096K, 1 young (4096K), 1 survivors (4096K)
 Metaspace       used 56690K, committed 57024K, reserved 1114112K
  class space    used 6289K, committed 6464K, reserved 1048576K
}
Event: 754.619 GC heap before
{Heap before GC invocations=108 (full 0):
 garbage-first heap   total 167936K, used 139629K [0x00000005d6800000, 0x00000007c0000000)
  region size 4096K, 20 young (81920K), 1 survivors (4096K)
 Metaspace       used 56724K, committed 57088K, reserved 1114112K
  class space    used 6289K, committed 6464K, reserved 1048576K
}
Event: 754.620 GC heap after
{Heap after GC invocations=109 (full 0):
 garbage-first heap   total 167936K, used 61816K [0x00000005d6800000, 0x00000007c0000000)
  region size 4096K, 1 young (4096K), 1 survivors (4096K)
 Metaspace       used 56724K, committed 57088K, reserved 1114112K
  class space    used 6289K, committed 6464K, reserved 1048576K
}
Event: 756.775 GC heap before
{Heap before GC invocations=109 (full 0):
 garbage-first heap   total 167936K, used 139640K [0x00000005d6800000, 0x00000007c0000000)
  region size 4096K, 20 young (81920K), 1 survivors (4096K)
 Metaspace       used 56742K, committed 57088K, reserved 1114112K
  class space    used 6289K, committed 6464K, reserved 1048576K
}
Event: 756.778 GC heap after
{Heap after GC invocations=110 (full 0):
 garbage-first heap   total 167936K, used 61996K [0x00000005d6800000, 0x00000007c0000000)
  region size 4096K, 1 young (4096K), 1 survivors (4096K)
 Metaspace       used 56742K, committed 57088K, reserved 1114112K
  class space    used 6289K, committed 6464K, reserved 1048576K
}
Event: 758.153 GC heap before
{Heap before GC invocations=110 (full 0):
 garbage-first heap   total 167936K, used 139820K [0x00000005d6800000, 0x00000007c0000000)
  region size 4096K, 20 young (81920K), 1 survivors (4096K)
 Metaspace       used 56757K, committed 57088K, reserved 1114112K
  class space    used 6289K, committed 6464K, reserved 1048576K
}
Event: 758.155 GC heap after
{Heap after GC invocations=111 (full 0):
 garbage-first heap   total 167936K, used 62100K [0x00000005d6800000, 0x00000007c0000000)
  region size 4096K, 1 young (4096K), 1 survivors (4096K)
 Metaspace       used 56757K, committed 57088K, reserved 1114112K
  class space    used 6289K, committed 6464K, reserved 1048576K
}
Event: 760.589 GC heap before
{Heap before GC invocations=111 (full 0):
 garbage-first heap   total 167936K, used 139924K [0x00000005d6800000, 0x00000007c0000000)
  region size 4096K, 20 young (81920K), 1 survivors (4096K)
 Metaspace       used 56764K, committed 57152K, reserved 1114112K
  class space    used 6289K, committed 6464K, reserved 1048576K
}
Event: 760.591 GC heap after
{Heap after GC invocations=112 (full 0):
 garbage-first heap   total 167936K, used 62222K [0x00000005d6800000, 0x00000007c0000000)
  region size 4096K, 1 young (4096K), 1 survivors (4096K)
 Metaspace       used 56764K, committed 57152K, reserved 1114112K
  class space    used 6289K, committed 6464K, reserved 1048576K
}
Event: 765.728 GC heap before
{Heap before GC invocations=112 (full 0):
 garbage-first heap   total 167936K, used 135950K [0x00000005d6800000, 0x00000007c0000000)
  region size 4096K, 20 young (81920K), 1 survivors (4096K)
 Metaspace       used 56795K, committed 57152K, reserved 1114112K
  class space    used 6289K, committed 6464K, reserved 1048576K
}
Event: 765.731 GC heap after
{Heap after GC invocations=113 (full 0):
 garbage-first heap   total 167936K, used 64324K [0x00000005d6800000, 0x00000007c0000000)
  region size 4096K, 2 young (8192K), 2 survivors (8192K)
 Metaspace       used 56795K, committed 57152K, reserved 1114112K
  class space    used 6289K, committed 6464K, reserved 1048576K
}

Dll operation events (20 events):
Event: 0.116 Loaded shared library /home/bgodfrey/CASPER/Scilab/scilab-2024.1.0/thirdparty/java/lib/libawt_xawt.so
Event: 0.130 Loaded shared library /home/bgodfrey/CASPER/Scilab/scilab-2024.1.0/thirdparty/java/lib/libfontmanager.so
Event: 0.157 Loaded shared library /home/bgodfrey/CASPER/Scilab/scilab-2024.1.0/lib/thirdparty/libgluegen_rt.so
Event: 0.182 Loaded shared library /home/bgodfrey/CASPER/Scilab/scilab-2024.1.0/thirdparty/java/lib/libjawt.so
Event: 0.183 Loaded shared library /home/bgodfrey/CASPER/Scilab/scilab-2024.1.0/lib/thirdparty/libnativewindow_awt.so
Event: 0.195 Loaded shared library /home/bgodfrey/CASPER/Scilab/scilab-2024.1.0/lib/thirdparty/libnativewindow_x11.so
Event: 0.242 Loaded shared library /home/bgodfrey/CASPER/Scilab/scilab-2024.1.0/lib/thirdparty/libjogl_desktop.so
Event: 0.248 Loaded shared library /usr/lib/jni/libjogl_mobile.so
Event: 0.496 Loaded shared library /home/bgodfrey/CASPER/Scilab/scilab-2024.1.0/thirdparty/java/lib/libnet.so
Event: 1.084 Loaded shared library /home/bgodfrey/CASPER/Scilab/scilab-2024.1.0/lib/scilab/libscihistory_manager.so.2024.1.0
Event: 1.380 Loaded shared library /home/bgodfrey/CASPER/Scilab/scilab-2024.1.0/lib/scilab/libsciscinotes.so.2024.1.0
Event: 1.386 Loaded shared library /home/bgodfrey/CASPER/Scilab/scilab-2024.1.0/thirdparty/java/lib/libextnet.so
Event: 1.472 Loaded shared library /home/bgodfrey/CASPER/Scilab/scilab-2024.1.0/lib/scilab/libsciconsole.so.2024.1.0
Event: 1.690 Loaded shared library /home/bgodfrey/CASPER/Scilab/scilab-2024.1.0/lib/scilab/libjavasci2.so.2024.1.0
Event: 1.692 Loaded shared library /home/bgodfrey/CASPER/Scilab/scilab-2024.1.0/lib/scilab/libscilab.so.2024.1.0
Event: 1.702 Loaded shared library /home/bgodfrey/CASPER/Scilab/scilab-2024.1.0/lib/scilab/libscixcos.so.2024.1.0
Event: 1.841 Loaded shared library /home/bgodfrey/CASPER/Scilab/scilab-2024.1.0/lib/scilab/libsciaction_binding.so.2024.1.0
Event: 6.736 Loaded shared library /home/bgodfrey/CASPER/Scilab/scilab-2024.1.0/thirdparty/java/lib/libmanagement.so
Event: 6.737 Loaded shared library /home/bgodfrey/CASPER/Scilab/scilab-2024.1.0/thirdparty/java/lib/libmanagement_ext.so
Event: 175.537 Loaded shared library /home/bgodfrey/CASPER/Scilab/scilab-2024.1.0/thirdparty/java/lib/libjavajpeg.so

Deoptimization events (20 events):
Event: 689.134 Thread 0x000000002874cef0 DEOPT PACKING pc=0x00007b4884104314 sp=0x00007b48be7eee00
Event: 689.134 Thread 0x000000002874cef0 DEOPT UNPACKING pc=0x00007b48832b5699 sp=0x00007b48be7eed20 mode 2
Event: 695.712 Thread 0x000000002874cef0 Uncommon trap: trap_request=0xffffff45 fr.pc=0x00007b4884023194 relative=0x00000000000034d4
Event: 695.712 Thread 0x000000002874cef0 Uncommon trap: reason=unstable_if action=reinterpret pc=0x00007b4884023194 method=java.io.BufferedOutputStream.write([BII)V @ 35 c2
Event: 695.712 Thread 0x000000002874cef0 DEOPT PACKING pc=0x00007b4884023194 sp=0x00007b48be7ee0a0
Event: 695.712 Thread 0x000000002874cef0 DEOPT UNPACKING pc=0x00007b48832b5699 sp=0x00007b48be7edf08 mode 2
Event: 696.011 Thread 0x000000002874cef0 Uncommon trap: trap_request=0xffffff45 fr.pc=0x00007b48842bdd3c relative=0x00000000000004fc
Event: 696.011 Thread 0x000000002874cef0 Uncommon trap: reason=unstable_if action=reinterpret pc=0x00007b48842bdd3c method=java.io.BufferedOutputStream.write([BII)V @ 35 c2
Event: 696.011 Thread 0x000000002874cef0 DEOPT PACKING pc=0x00007b48842bdd3c sp=0x00007b48be7edeb0
Event: 696.011 Thread 0x000000002874cef0 DEOPT UNPACKING pc=0x00007b48832b5699 sp=0x00007b48be7eddf8 mode 2
Event: 696.207 Thread 0x000000002874cef0 Uncommon trap: trap_request=0xffffff45 fr.pc=0x00007b4884028cb0 relative=0x0000000000000290
Event: 696.207 Thread 0x000000002874cef0 Uncommon trap: reason=unstable_if action=reinterpret pc=0x00007b4884028cb0 method=java.io.BufferedOutputStream.write([BII)V @ 35 c2
Event: 696.207 Thread 0x000000002874cef0 DEOPT PACKING pc=0x00007b4884028cb0 sp=0x00007b48be7ede30
Event: 696.207 Thread 0x000000002874cef0 DEOPT UNPACKING pc=0x00007b48832b5699 sp=0x00007b48be7eddd8 mode 2
Event: 717.610 Thread 0x000000002874cef0 Uncommon trap: trap_request=0xffffffde fr.pc=0x00007b4883f56350 relative=0x0000000000002cb0
Event: 717.611 Thread 0x000000002874cef0 Uncommon trap: reason=class_check action=maybe_recompile pc=0x00007b4883f56350 method=javax.swing.text.DefaultStyledDocument$ElementBuffer.removeElements(Ljavax/swing/text/Element;II)Z @ 125 c2
Event: 717.611 Thread 0x000000002874cef0 DEOPT PACKING pc=0x00007b4883f56350 sp=0x00007b48be7ee760
Event: 717.611 Thread 0x000000002874cef0 DEOPT UNPACKING pc=0x00007b48832b5699 sp=0x00007b48be7ee750 mode 2
Event: 738.704 Thread 0x000000002874cef0 DEOPT PACKING pc=0x00007b487c9844e8 sp=0x00007b48be7eed50
Event: 738.704 Thread 0x000000002874cef0 DEOPT UNPACKING pc=0x00007b48832b5e2f sp=0x00007b48be7ee268 mode 0

Classes unloaded (0 events):
No events

Classes redefined (0 events):
No events

Internal exceptions (20 events):
Event: 6.900 Thread 0x000000002874cef0 Implicit null exception at 0x00007b4883c084d1 to 0x00007b4883c09e6c
Event: 6.937 Thread 0x000000002874cef0 Exception <a 'java/lang/NoSuchMethodError'{0x00000005dde28620}: 'java.lang.Object java.lang.invoke.DirectMethodHandle$Holder.newInvokeSpecial(java.lang.Object, java.lang.Object, java.lang.Object, java.lang.Object, int)'> (0x00000005dde28620) 
thrown [src/hotspot/share/interpreter/linkResolver.cpp, line 758]
Event: 6.937 Thread 0x000000002874cef0 Exception <a 'java/lang/NoSuchMethodError'{0x00000005dde2cb48}: 'java.lang.Object java.lang.invoke.DirectMethodHandle$Holder.invokeSpecial(java.lang.Object, java.lang.Object, java.lang.Object, java.lang.Object, java.lang.Object, int)'> (0x00000005dde2cb48) 
thrown [src/hotspot/share/interpreter/linkResolver.cpp, line 758]
Event: 6.937 Thread 0x000000002874cef0 Exception <a 'java/lang/NoSuchMethodError'{0x00000005dde30830}: 'java.lang.Object java.lang.invoke.Invokers$Holder.linkToTargetMethod(java.lang.Object, java.lang.Object, java.lang.Object, int, java.lang.Object)'> (0x00000005dde30830) 
thrown [src/hotspot/share/interpreter/linkResolver.cpp, line 758]
Event: 6.967 Thread 0x000000002874cef0 Exception <a 'java/lang/NoSuchMethodError'{0x00000005dd8288c0}: 'void java.lang.invoke.DirectMethodHandle$Holder.invokeStatic(java.lang.Object, java.lang.Object, java.lang.Object, java.lang.Object)'> (0x00000005dd8288c0) 
thrown [src/hotspot/share/interpreter/linkResolver.cpp, line 758]
Event: 10.161 Thread 0x000000002874cef0 Implicit null exception at 0x00007b4883c663fd to 0x00007b4883c67e68
Event: 13.696 Thread 0x00007b4800878060 Implicit null exception at 0x00007b4883c527f7 to 0x00007b4883c53770
Event: 13.974 Thread 0x000000002874cef0 Implicit null exception at 0x00007b4883a92739 to 0x00007b4883a93344
Event: 16.930 Thread 0x000000002874cef0 Exception <a 'java/lang/NoSuchMethodError'{0x00000005dcf85368}: static [[Ljava/lang/String;.<clinit>()V> (0x00000005dcf85368) 
thrown [src/hotspot/share/prims/jni.cpp, line 1107]
Event: 16.930 Thread 0x000000002874cef0 Exception <a 'java/lang/NoSuchMethodError'{0x00000005dcf861a0}: static [Ljava/lang/String;.<clinit>()V> (0x00000005dcf861a0) 
thrown [src/hotspot/share/prims/jni.cpp, line 1107]
Event: 16.930 Thread 0x000000002874cef0 Exception <a 'java/lang/NoSuchMethodError'{0x00000005dcf931b8}: static [[D.<clinit>()V> (0x00000005dcf931b8) 
thrown [src/hotspot/share/prims/jni.cpp, line 1107]
Event: 16.930 Thread 0x000000002874cef0 Exception <a 'java/lang/NoSuchMethodError'{0x00000005dcf93e98}: static [D.<clinit>()V> (0x00000005dcf93e98) 
thrown [src/hotspot/share/prims/jni.cpp, line 1107]
Event: 16.930 Thread 0x000000002874cef0 Exception <a 'java/lang/NoSuchMethodError'{0x00000005dcf94d10}: static [[I.<clinit>()V> (0x00000005dcf94d10) 
thrown [src/hotspot/share/prims/jni.cpp, line 1107]
Event: 16.930 Thread 0x000000002874cef0 Exception <a 'java/lang/NoSuchMethodError'{0x00000005dcf959f0}: static [I.<clinit>()V> (0x00000005dcf959f0) 
thrown [src/hotspot/share/prims/jni.cpp, line 1107]
Event: 80.413 Thread 0x000000002874cef0 Implicit null exception at 0x00007b48840a4d33 to 0x00007b48840a4e70
Event: 80.477 Thread 0x000000002874cef0 Implicit null exception at 0x00007b48840fdbcf to 0x00007b48840fe248
Event: 80.500 Thread 0x000000002874cef0 Exception <a 'java/lang/NoSuchMethodError'{0x00000005dd3eab10}: 'int java.lang.invoke.DirectMethodHandle$Holder.invokeStatic(java.lang.Object)'> (0x00000005dd3eab10) 
thrown [src/hotspot/share/interpreter/linkResolver.cpp, line 758]
Event: 114.786 Thread 0x000000002874cef0 Implicit null exception at 0x00007b48840dd498 to 0x00007b48840ddf70
Event: 114.884 Thread 0x000000002874cef0 Implicit null exception at 0x00007b488411400a to 0x00007b4884119a18
Event: 138.676 Thread 0x000000002874cef0 Implicit null exception at 0x00007b4883f4396a to 0x00007b4883f44818

VM Operations (20 events):
Event: 756.621 Executing VM operation: Cleanup
Event: 756.621 Executing VM operation: Cleanup done
Event: 756.775 Executing VM operation: G1CollectForAllocation
Event: 756.778 Executing VM operation: G1CollectForAllocation done
Event: 757.778 Executing VM operation: Cleanup
Event: 757.778 Executing VM operation: Cleanup done
Event: 758.153 Executing VM operation: G1CollectForAllocation
Event: 758.155 Executing VM operation: G1CollectForAllocation done
Event: 759.155 Executing VM operation: Cleanup
Event: 759.155 Executing VM operation: Cleanup done
Event: 760.589 Executing VM operation: G1CollectForAllocation
Event: 760.591 Executing VM operation: G1CollectForAllocation done
Event: 761.591 Executing VM operation: Cleanup
Event: 761.592 Executing VM operation: Cleanup done
Event: 764.592 Executing VM operation: Cleanup
Event: 764.592 Executing VM operation: Cleanup done
Event: 765.592 Executing VM operation: Cleanup
Event: 765.593 Executing VM operation: Cleanup done
Event: 765.728 Executing VM operation: G1CollectForAllocation
Event: 765.731 Executing VM operation: G1CollectForAllocation done

Events (20 events):
Event: 722.688 Thread 0x00007b48340cbc40 Thread exited: 0x00007b48340cbc40
Event: 722.689 Thread 0x00007b48340cae00 Thread exited: 0x00007b48340cae00
Event: 730.937 Thread 0x00000000283d9110 flushing nmethod 0x00007b487cc6cf10
Event: 756.773 Thread 0x00007b48341d9ad0 Thread added: 0x00007b48341d9ad0
Event: 756.773 Protecting memory [0x00007b48c0700000,0x00007b48c0704000] with protection modes 0
Event: 757.417 Thread 0x00007b48341d9ad0 Thread exited: 0x00007b48341d9ad0
Event: 764.554 Thread 0x00007b4730003040 Thread exited: 0x00007b4730003040
Event: 764.555 Protecting memory [0x00007b4740001000,0x00007b4740005000] with protection modes 0
Event: 764.555 Thread 0x00007b4730003040 Thread added: 0x00007b4730003040
Event: 764.742 Thread 0x00007b4730003040 Thread exited: 0x00007b4730003040
Event: 764.742 Protecting memory [0x00007b4740001000,0x00007b4740005000] with protection modes 0
Event: 764.742 Thread 0x00007b4730003040 Thread added: 0x00007b4730003040
Event: 764.875 Thread 0x00007b4730003040 Thread exited: 0x00007b4730003040
Event: 764.875 Protecting memory [0x00007b4740001000,0x00007b4740005000] with protection modes 0
Event: 764.875 Thread 0x00007b4730003040 Thread added: 0x00007b4730003040
Event: 765.668 Thread 0x00007b4730003040 Thread exited: 0x00007b4730003040
Event: 765.697 Thread 0x00007b4830514d40 Thread added: 0x00007b4830514d40
Event: 765.697 Protecting memory [0x00007b48c0700000,0x00007b48c0704000] with protection modes 0
Event: 765.697 Thread 0x00007b48306f6770 Thread added: 0x00007b48306f6770
Event: 765.697 Protecting memory [0x00007b48ba500000,0x00007b48ba504000] with protection modes 0


Dynamic libraries:
003ff000-00401000 rw-p 00000000 103:07 57949524                          /home/bgodfrey/CASPER/Scilab/scilab-2024.1.0/bin/scilab-bin
00401000-00404000 r-xp 00002000 103:07 57949524                          /home/bgodfrey/CASPER/Scilab/scilab-2024.1.0/bin/scilab-bin
00603000-00604000 r--p 00004000 103:07 57949524                          /home/bgodfrey/CASPER/Scilab/scilab-2024.1.0/bin/scilab-bin
00604000-00605000 rw-p 00005000 103:07 57949524                          /home/bgodfrey/CASPER/Scilab/scilab-2024.1.0/bin/scilab-bin
2815a000-299e9000 rw-p 00000000 00:00 0                                  [heap]
5d6800000-5e0800000 rw-p 00000000 00:00 0 
5e0800000-5f5000000 ---p 00000000 00:00 0 
5f5000000-5f5400000 rw-p 00000000 00:00 0 
5f5400000-7c0000000 ---p 00000000 00:00 0 
7c0000000-7c0020000 rw-p 00000000 00:00 0 
7c0020000-7c0040000 rw-p 00000000 00:00 0 
7c0040000-7c00c0000 rw-p 00000000 00:00 0 
7c00c0000-7c00e0000 rw-p 00000000 00:00 0 
7c00e0000-7c0140000 rw-p 00000000 00:00 0 
7c0140000-7c01c0000 rw-p 00000000 00:00 0 
7c01c0000-7c0220000 rw-p 00000000 00:00 0 
7c0220000-7c0240000 rw-p 00000000 00:00 0 
7c0240000-7c02c0000 rw-p 00000000 00:00 0 
7c02c0000-7c0340000 rw-p 00000000 00:00 0 
7c0340000-7c03c0000 rw-p 00000000 00:00 0 
7c03c0000-7c03e0000 rw-p 00000000 00:00 0 
7c03e0000-7c0420000 rw-p 00000000 00:00 0 
7c0420000-7c0440000 rw-p 00000000 00:00 0 
7c0440000-7c04c0000 rw-p 00000000 00:00 0 
7c04c0000-7c0540000 rw-p 00000000 00:00 0 
7c0540000-7c0580000 rw-p 00000000 00:00 0 
7c0580000-7c0620000 rw-p 00000000 00:00 0 
7c0620000-7c0640000 ---p 00000000 00:00 0 
7c0640000-7c0670000 rw-p 00000000 00:00 0 
7c0670000-800000000 ---p 00000000 00:00 0 
7b4728000000-7b472829a000 rw-p 00000000 00:00 0 
7b472829a000-7b472c000000 ---p 00000000 00:00 0 
7b472c000000-7b4730000000 rw-s 00000000 00:01 16613407                   /SYSV00000000 (deleted)
7b4730000000-7b4730021000 rw-p 00000000 00:00 0 
7b4730021000-7b4734000000 ---p 00000000 00:00 0 
7b4737400000-7b47374a1000 r-xp 00000000 103:07 57949338                  /home/bgodfrey/CASPER/Scilab/scilab-2024.1.0/lib/scilab/libjavasci2.so.2024.1.0
7b47374a1000-7b47376a1000 ---p 000a1000 103:07 57949338                  /home/bgodfrey/CASPER/Scilab/scilab-2024.1.0/lib/scilab/libjavasci2.so.2024.1.0
7b47376a1000-7b47376a4000 r--p 000a1000 103:07 57949338                  /home/bgodfrey/CASPER/Scilab/scilab-2024.1.0/lib/scilab/libjavasci2.so.2024.1.0
7b47376a4000-7b47376a5000 rw-p 000a4000 103:07 57949338                  /home/bgodfrey/CASPER/Scilab/scilab-2024.1.0/lib/scilab/libjavasci2.so.2024.1.0
7b47376a5000-7b47376b8000 rw-p 002a0000 103:07 57949338                  /home/bgodfrey/CASPER/Scilab/scilab-2024.1.0/lib/scilab/libjavasci2.so.2024.1.0
7b4737800000-7b4737825000 r-xp 00000000 103:07 57949326                  /home/bgodfrey/CASPER/Scilab/scilab-2024.1.0/lib/scilab/libscixcos.so.2024.1.0
7b4737825000-7b4737a25000 ---p 00025000 103:07 57949326                  /home/bgodfrey/CASPER/Scilab/scilab-2024.1.0/lib/scilab/libscixcos.so.2024.1.0
7b4737a25000-7b4737a26000 r--p 00025000 103:07 57949326                  /home/bgodfrey/CASPER/Scilab/scilab-2024.1.0/lib/scilab/libscixcos.so.2024.1.0
7b4737a26000-7b4737a27000 rw-p 00026000 103:07 57949326                  /home/bgodfrey/CASPER/Scilab/scilab-2024.1.0/lib/scilab/libscixcos.so.2024.1.0
7b4737a27000-7b4737a2e000 rw-p 0008c000 103:07 57949326                  /home/bgodfrey/CASPER/Scilab/scilab-2024.1.0/lib/scilab/libscixcos.so.2024.1.0
7b4737c00000-7b4737c53000 r-xp 00000000 103:07 57949310                  /home/bgodfrey/CASPER/Scilab/scilab-2024.1.0/lib/scilab/libsciscicos_blocks.so.2024.1.0
7b4737c53000-7b4737e52000 ---p 00053000 103:07 57949310                  /home/bgodfrey/CASPER/Scilab/scilab-2024.1.0/lib/scilab/libsciscicos_blocks.so.2024.1.0
7b4737e52000-7b4737e53000 r--p 00052000 103:07 57949310                  /home/bgodfrey/CASPER/Scilab/scilab-2024.1.0/lib/scilab/libsciscicos_blocks.so.2024.1.0
7b4737e53000-7b4737e54000 rw-p 00053000 103:07 57949310                  /home/bgodfrey/CASPER/Scilab/scilab-2024.1.0/lib/scilab/libsciscicos_blocks.so.2024.1.0
7b4737e54000-7b4737e56000 rw-p 00000000 00:00 0 
7b4737e56000-7b4737e5a000 rw-p 001c5000 103:07 57949310                  /home/bgodfrey/CASPER/Scilab/scilab-2024.1.0/lib/scilab/libsciscicos_blocks.so.2024.1.0
7b4737ffe000-7b4737fff000 ---p 00000000 00:00 0 
7b4737fff000-7b473ffff000 rw-p 00000000 00:00 0 
7b473ffff000-7b4740000000 ---p 00000000 00:00 0 
7b4740000000-7b4740001000 rw-p 00000000 00:00 0 
7b4740001000-7b4740005000 ---p 00000000 00:00 0 
7b4740005000-7b4748000000 rw-p 00000000 00:00 0 
7b4748000000-7b4748021000 rw-p 00000000 00:00 0 
7b4748021000-7b474c000000 ---p 00000000 00:00 0 
7b474c400000-7b474c540000 r-xp 00000000 103:07 57949318                  /home/bgodfrey/CASPER/Scilab/scilab-2024.1.0/lib/scilab/libsciscicos.so.2024.1.0
7b474c540000-7b474c740000 ---p 00140000 103:07 57949318                  /home/bgodfrey/CASPER/Scilab/scilab-2024.1.0/lib/scilab/libsciscicos.so.2024.1.0
7b474c740000-7b474c747000 r--p 00140000 103:07 57949318                  /home/bgodfrey/CASPER/Scilab/scilab-2024.1.0/lib/scilab/libsciscicos.so.2024.1.0
7b474c747000-7b474c74b000 rw-p 00147000 103:07 57949318                  /home/bgodfrey/CASPER/Scilab/scilab-2024.1.0/lib/scilab/libsciscicos.so.2024.1.0
7b474c74b000-7b474c74d000 rw-p 00000000 00:00 0 
7b474c74d000-7b474c773000 rw-p 00621000 103:07 57949318                  /home/bgodfrey/CASPER/Scilab/scilab-2024.1.0/lib/scilab/libsciscicos.so.2024.1.0
7b474ca00000-7b474cab7000 r--p 00000000 103:07 39977365                  /usr/lib/x86_64-linux-gnu/librsvg-2.so.2.50.0
7b474cab7000-7b474ce4e000 r-xp 000b7000 103:07 39977365                  /usr/lib/x86_64-linux-gnu/librsvg-2.so.2.50.0
7b474ce4e000-7b474cfe0000 r--p 0044e000 103:07 39977365                  /usr/lib/x86_64-linux-gnu/librsvg-2.so.2.50.0
7b474cfe0000-7b474d077000 r--p 005e0000 103:07 39977365                  /usr/lib/x86_64-linux-gnu/librsvg-2.so.2.50.0
7b474d077000-7b474d078000 rw-p 00677000 103:07 39977365                  /usr/lib/x86_64-linux-gnu/librsvg-2.so.2.50.0
7b474d400000-7b474d482000 r-xp 00000000 103:07 57949408                  /home/bgodfrey/CASPER/Scilab/scilab-2024.1.0/lib/thirdparty/libssl.so.1.1
7b474d482000-7b474d681000 ---p 00082000 103:07 57949408                  /home/bgodfrey/CASPER/Scilab/scilab-2024.1.0/lib/thirdparty/libssl.so.1.1
7b474d681000-7b474d689000 r--p 00081000 103:07 57949408                  /home/bgodfrey/CASPER/Scilab/scilab-2024.1.0/lib/thirdparty/libssl.so.1.1
7b474d689000-7b474d68e000 rw-p 00089000 103:07 57949408                  /home/bgodfrey/CASPER/Scilab/scilab-2024.1.0/lib/thirdparty/libssl.so.1.1
7b474d800000-7b474d875000 r-xp 00000000 103:07 57949362                  /home/bgodfrey/CASPER/Scilab/scilab-2024.1.0/lib/thirdparty/libcurl.so.4.5.0
7b474d875000-7b474da74000 ---p 00075000 103:07 57949362                  /home/bgodfrey/CASPER/Scilab/scilab-2024.1.0/lib/thirdparty/libcurl.so.4.5.0
7b474da74000-7b474da76000 r--p 00074000 103:07 57949362                  /home/bgodfrey/CASPER/Scilab/scilab-2024.1.0/lib/thirdparty/libcurl.so.4.5.0
7b474da76000-7b474da77000 rw-p 00076000 103:07 57949362                  /home/bgodfrey/CASPER/Scilab/scilab-2024.1.0/lib/thirdparty/libcurl.so.4.5.0
7b474dc00000-7b474dc4d000 r-xp 00000000 103:07 57949298                  /home/bgodfrey/CASPER/Scilab/scilab-2024.1.0/lib/scilab/libsciwebtools.so.2024.1.0
7b474dc4d000-7b474de4c000 ---p 0004d000 103:07 57949298                  /home/bgodfrey/CASPER/Scilab/scilab-2024.1.0/lib/scilab/libsciwebtools.so.2024.1.0
7b474de4c000-7b474de4d000 r--p 0004c000 103:07 57949298                  /home/bgodfrey/CASPER/Scilab/scilab-2024.1.0/lib/scilab/libsciwebtools.so.2024.1.0
7b474de4d000-7b474de4f000 rw-p 0004d000 103:07 57949298                  /home/bgodfrey/CASPER/Scilab/scilab-2024.1.0/lib/scilab/libsciwebtools.so.2024.1.0
7b474de4f000-7b474de5d000 rw-p 001a5000 103:07 57949298                  /home/bgodfrey/CASPER/Scilab/scilab-2024.1.0/lib/scilab/libsciwebtools.so.2024.1.0
7b474e2d8000-7b474e500000 rw-s 00000000 00:01 16744493                   /SYSV00000000 (deleted)
7b474e500000-7b474f500000 rw-s 00000000 00:01 16580658                   /SYSV00000000 (deleted)
7b474f500000-7b474fd00000 rw-s 00000000 00:01 16515126                   /SYSV00000000 (deleted)
7b474fd00000-7b474ff00000 rw-s 00000000 00:01 16515123                   /SYSV00000000 (deleted)
7b474ff00000-7b4750000000 rw-s 00000000 00:01 16515120                   /SYSV00000000 (deleted)
7b4750000000-7b4750021000 rw-p 00000000 00:00 0 
7b4750021000-7b4754000000 ---p 00000000 00:00 0 
7b4754000000-7b4754ed6000 rw-p 00000000 00:00 0 
7b4754ed6000-7b4758000000 ---p 00000000 00:00 0 
7b4758000000-7b4758021000 rw-p 00000000 00:00 0 
7b4758021000-7b475c000000 ---p 00000000 00:00 0 
7b475c000000-7b475c021000 rw-p 00000000 00:00 0 
7b475c021000-7b4760000000 ---p 00000000 00:00 0 
7b4760000000-7b47600fb000 rw-p 00000000 00:00 0 
7b47600fb000-7b4764000000 ---p 00000000 00:00 0 
7b4764000000-7b4764e31000 rw-p 00000000 00:00 0 
7b4764e31000-7b4768000000 ---p 00000000 00:00 0 
7b4768000000-7b4768bc9000 rw-p 00000000 00:00 0 
7b4768bc9000-7b476c000000 ---p 00000000 00:00 0 
7b476c000000-7b476c0a0000 rw-p 00000000 00:00 0 
7b476c0a0000-7b4770000000 ---p 00000000 00:00 0 
7b4770000000-7b4770cc0000 rw-p 00000000 00:00 0 
7b4770cc0000-7b4774000000 ---p 00000000 00:00 0 
7b4774000000-7b4774d30000 rw-p 00000000 00:00 0 
7b4774d30000-7b4778000000 ---p 00000000 00:00 0 
7b4778000000-7b4778021000 rw-p 00000000 00:00 0 
7b4778021000-7b477c000000 ---p 00000000 00:00 0 
7b477c000000-7b477cafe000 rw-p 00000000 00:00 0 
7b477cafe000-7b4780000000 ---p 00000000 00:00 0 
7b4780000000-7b4780021000 rw-p 00000000 00:00 0 
7b4780021000-7b4784000000 ---p 00000000 00:00 0 
7b4784000000-7b4784021000 rw-p 00000000 00:00 0 
7b4784021000-7b4788000000 ---p 00000000 00:00 0 
7b4788000000-7b4788021000 rw-p 00000000 00:00 0 
7b4788021000-7b478c000000 ---p 00000000 00:00 0 
7b478c000000-7b478c021000 rw-p 00000000 00:00 0 
7b478c021000-7b4790000000 ---p 00000000 00:00 0 
7b4790000000-7b4790034000 rw-p 00000000 00:00 0 
7b4790034000-7b4794000000 ---p 00000000 00:00 0 
7b4794000000-7b4794021000 rw-p 00000000 00:00 0 
7b4794021000-7b4798000000 ---p 00000000 00:00 0 
7b4798000000-7b4798021000 rw-p 00000000 00:00 0 
7b4798021000-7b479c000000 ---p 00000000 00:00 0 
7b479c000000-7b479c021000 rw-p 00000000 00:00 0 
7b479c021000-7b47a0000000 ---p 00000000 00:00 0 
7b47a0000000-7b47a0021000 rw-p 00000000 00:00 0 
7b47a0021000-7b47a4000000 ---p 00000000 00:00 0 
7b47a4000000-7b47a4021000 rw-p 00000000 00:00 0 
7b47a4021000-7b47a8000000 ---p 00000000 00:00 0 
7b47a8000000-7b47a8021000 rw-p 00000000 00:00 0 
7b47a8021000-7b47ac000000 ---p 00000000 00:00 0 
7b47ac000000-7b47ac021000 rw-p 00000000 00:00 0 
7b47ac021000-7b47b0000000 ---p 00000000 00:00 0 
7b47b0000000-7b47b0021000 rw-p 00000000 00:00 0 
7b47b0021000-7b47b4000000 ---p 00000000 00:00 0 
7b47b4000000-7b47b4021000 rw-p 00000000 00:00 0 
7b47b4021000-7b47b8000000 ---p 00000000 00:00 0 
7b47b8000000-7b47b8021000 rw-p 00000000 00:00 0 
7b47b8021000-7b47bc000000 ---p 00000000 00:00 0 
7b47bc0ef000-7b47bc0f3000 ---p 00000000 00:00 0 
7b47bc0f3000-7b47bc1ef000 rw-p 00000000 00:00 0 
7b47bc1ef000-7b47bc1f3000 ---p 00000000 00:00 0 
7b47bc1f3000-7b47bc2ef000 rw-p 00000000 00:00 0 
7b47bc2ef000-7b47bc2f3000 ---p 00000000 00:00 0 
7b47bc2f3000-7b47bc3ef000 rw-p 00000000 00:00 0 
7b47bc3ef000-7b47bc3f3000 ---p 00000000 00:00 0 
7b47bc3f3000-7b47bc4ef000 rw-p 00000000 00:00 0 
7b47bc4ef000-7b47bc4f0000 ---p 00000000 00:00 0 
7b47bc4f0000-7b47bc5f1000 rw-p 00000000 00:00 0 
7b47bc5f1000-7b47bc5f2000 ---p 00000000 00:00 0 
7b47bc5f2000-7b47bc6f3000 rw-p 00000000 00:00 0 
7b47bdef6000-7b47bdffe000 r--p 00000000 103:07 41550062                  /usr/share/fonts/truetype/ubuntu/UbuntuSans[wdth,wght].ttf
7b47bdffe000-7b47bdfff000 ---p 00000000 00:00 0 
7b47bdfff000-7b47be7ff000 rw-p 00000000 00:00 0 
7b47be7ff000-7b47be800000 ---p 00000000 00:00 0 
7b47be800000-7b47bf000000 rw-p 00000000 00:00 0 
7b47bf000000-7b47bf083000 r--p 00000000 103:07 39978987                  /usr/lib/x86_64-linux-gnu/libgtk-3.so.0.2409.32
7b47bf083000-7b47bf431000 r-xp 00083000 103:07 39978987                  /usr/lib/x86_64-linux-gnu/libgtk-3.so.0.2409.32
7b47bf431000-7b47bf7b6000 r--p 00431000 103:07 39978987                  /usr/lib/x86_64-linux-gnu/libgtk-3.so.0.2409.32
7b47bf7b6000-7b47bf7c6000 r--p 007b5000 103:07 39978987                  /usr/lib/x86_64-linux-gnu/libgtk-3.so.0.2409.32
7b47bf7c6000-7b47bf7c8000 rw-p 007c5000 103:07 39978987                  /usr/lib/x86_64-linux-gnu/libgtk-3.so.0.2409.32
7b47bf7c8000-7b47bf7cd000 rw-p 00000000 00:00 0 
7b47c0000000-7b47c0021000 rw-p 00000000 00:00 0 
7b47c0021000-7b47c4000000 ---p 00000000 00:00 0 
7b47c4000000-7b47c4021000 rw-p 00000000 00:00 0 
7b47c4021000-7b47c8000000 ---p 00000000 00:00 0 
7b47c8000000-7b47c8021000 rw-p 00000000 00:00 0 
7b47c8021000-7b47cc000000 ---p 00000000 00:00 0 
7b47cc000000-7b47cc021000 rw-p 00000000 00:00 0 
7b47cc021000-7b47d0000000 ---p 00000000 00:00 0 
7b47d0000000-7b47d0021000 rw-p 00000000 00:00 0 
7b47d0021000-7b47d4000000 ---p 00000000 00:00 0 
7b47d4000000-7b47d4cc1000 rw-p 00000000 00:00 0 
7b47d4cc1000-7b47d8000000 ---p 00000000 00:00 0 
7b47d8000000-7b47d8021000 rw-p 00000000 00:00 0 
7b47d8021000-7b47dc000000 ---p 00000000 00:00 0 
7b47dc000000-7b47dda41000 rw-p 00000000 00:00 0 
7b47dda41000-7b47e0000000 ---p 00000000 00:00 0 
7b47e0000000-7b47e0021000 rw-p 00000000 00:00 0 
7b47e0021000-7b47e4000000 ---p 00000000 00:00 0 
7b47e40f8000-7b47e4200000 r--p 00000000 103:07 41550062                  /usr/share/fonts/truetype/ubuntu/UbuntuSans[wdth,wght].ttf
7b47e4400000-7b47e474a000 r--s 00000000 103:07 32789928                  /var/cache/fontconfig/0bd3dc0958fa2205aaaa8ebb13e2872b-le64.cache-9
7b47e4ffa000-7b47e4ffb000 ---p 00000000 00:00 0 
7b47e4ffb000-7b47e57fb000 rw-p 00000000 00:00 0 
7b47e57fb000-7b47e57fc000 ---p 00000000 00:00 0 
7b47e57fc000-7b47e5ffc000 rw-p 00000000 00:00 0 
7b47e5ffc000-7b47e5ffd000 ---p 00000000 00:00 0 
7b47e5ffd000-7b47e67fd000 rw-p 00000000 00:00 0 
7b47e67fd000-7b47e67fe000 ---p 00000000 00:00 0 
7b47e67fe000-7b47e6ffe000 rw-p 00000000 00:00 0 
7b47e6ffe000-7b47e6fff000 ---p 00000000 00:00 0 
7b47e6fff000-7b47e77ff000 rw-p 00000000 00:00 0 
7b47e77ff000-7b47e7800000 ---p 00000000 00:00 0 
7b47e7800000-7b47e8000000 rw-p 00000000 00:00 0 
7b47e8000000-7b47e8551000 rw-p 00000000 00:00 0 
7b47e8551000-7b47ec000000 ---p 00000000 00:00 0 
7b47ec174000-7b47ec183000 r--p 00000000 103:07 39977847                  /usr/lib/x86_64-linux-gnu/libgcrypt.so.20.4.3
7b47ec183000-7b47ec277000 r-xp 0000f000 103:07 39977847                  /usr/lib/x86_64-linux-gnu/libgcrypt.so.20.4.3
7b47ec277000-7b47ec2b2000 r--p 00103000 103:07 39977847                  /usr/lib/x86_64-linux-gnu/libgcrypt.so.20.4.3
7b47ec2b2000-7b47ec2b7000 r--p 0013e000 103:07 39977847                  /usr/lib/x86_64-linux-gnu/libgcrypt.so.20.4.3
7b47ec2b7000-7b47ec2bb000 rw-p 00143000 103:07 39977847                  /usr/lib/x86_64-linux-gnu/libgcrypt.so.20.4.3
7b47ec2bb000-7b47ec2bc000 rw-p 00000000 00:00 0 
7b47ec2bc000-7b47ec2d0000 r--p 00000000 103:07 39980688                  /usr/lib/x86_64-linux-gnu/libcairo.so.2.11800.0
7b47ec2d0000-7b47ec3c1000 r-xp 00014000 103:07 39980688                  /usr/lib/x86_64-linux-gnu/libcairo.so.2.11800.0
7b47ec3c1000-7b47ec3f9000 r--p 00105000 103:07 39980688                  /usr/lib/x86_64-linux-gnu/libcairo.so.2.11800.0
7b47ec3f9000-7b47ec3fd000 r--p 0013d000 103:07 39980688                  /usr/lib/x86_64-linux-gnu/libcairo.so.2.11800.0
7b47ec3fd000-7b47ec3ff000 rw-p 00141000 103:07 39980688                  /usr/lib/x86_64-linux-gnu/libcairo.so.2.11800.0
7b47ec3ff000-7b47ec400000 rw-p 00000000 00:00 0 
7b47ec400000-7b47ec401000 r--p 00000000 103:07 39983416                  /usr/lib/x86_64-linux-gnu/libicudata.so.74.2
7b47ec401000-7b47ec402000 r-xp 00001000 103:07 39983416                  /usr/lib/x86_64-linux-gnu/libicudata.so.74.2
7b47ec402000-7b47ee15e000 r--p 00002000 103:07 39983416                  /usr/lib/x86_64-linux-gnu/libicudata.so.74.2
7b47ee15e000-7b47ee15f000 r--p 01d5d000 103:07 39983416                  /usr/lib/x86_64-linux-gnu/libicudata.so.74.2
7b47ee15f000-7b47ee160000 rw-p 01d5e000 103:07 39983416                  /usr/lib/x86_64-linux-gnu/libicudata.so.74.2
7b47ee200000-7b47f6408000 r-xp 00000000 103:07 39979730                  /usr/lib/x86_64-linux-gnu/libLLVM.so.20.1
7b47f6408000-7b47f6409000 ---p 08208000 103:07 39979730                  /usr/lib/x86_64-linux-gnu/libLLVM.so.20.1
7b47f6409000-7b47f6a9e000 r--p 08208000 103:07 39979730                  /usr/lib/x86_64-linux-gnu/libLLVM.so.20.1
7b47f6a9e000-7b47f6ae6000 rw-p 0889d000 103:07 39979730                  /usr/lib/x86_64-linux-gnu/libLLVM.so.20.1
7b47f6ae6000-7b47f6b8e000 rw-p 00000000 00:00 0 
7b47f6c00000-7b47f6ccf000 r--p 00000000 103:07 39980151                  /usr/lib/x86_64-linux-gnu/libgallium-25.2.8-0ubuntu0.24.04.1.so
7b47f6ccf000-7b47f84e2000 r-xp 000cf000 103:07 39980151                  /usr/lib/x86_64-linux-gnu/libgallium-25.2.8-0ubuntu0.24.04.1.so
7b47f84e2000-7b47f9421000 r--p 018e2000 103:07 39980151                  /usr/lib/x86_64-linux-gnu/libgallium-25.2.8-0ubuntu0.24.04.1.so
7b47f9421000-7b47f9547000 r--p 02821000 103:07 39980151                  /usr/lib/x86_64-linux-gnu/libgallium-25.2.8-0ubuntu0.24.04.1.so
7b47f9547000-7b47f9569000 rw-p 02947000 103:07 39980151                  /usr/lib/x86_64-linux-gnu/libgallium-25.2.8-0ubuntu0.24.04.1.so
7b47f9569000-7b47f9733000 rw-p 00000000 00:00 0 
7b47f9800000-7b47f9aab000 r--p 00000000 103:07 39985332                  /usr/lib/x86_64-linux-gnu/libnvidia-gpucomp.so.580.126.09
7b47f9aab000-7b47fcb98000 r-xp 002ab000 103:07 39985332                  /usr/lib/x86_64-linux-gnu/libnvidia-gpucomp.so.580.126.09
7b47fcb98000-7b47fda08000 r--p 03398000 103:07 39985332                  /usr/lib/x86_64-linux-gnu/libnvidia-gpucomp.so.580.126.09
7b47fda08000-7b47fda09000 ---p 04208000 103:07 39985332                  /usr/lib/x86_64-linux-gnu/libnvidia-gpucomp.so.580.126.09
7b47fda09000-7b47fdbe0000 r--p 04208000 103:07 39985332                  /usr/lib/x86_64-linux-gnu/libnvidia-gpucomp.so.580.126.09
7b47fdbe0000-7b47fdceb000 rw-p 043df000 103:07 39985332                  /usr/lib/x86_64-linux-gnu/libnvidia-gpucomp.so.580.126.09
7b47fdceb000-7b47fdd8b000 rw-p 00000000 00:00 0 
7b47fde00000-7b47fe042000 r--p 00000000 103:07 39985135                  /usr/lib/x86_64-linux-gnu/libnvidia-eglcore.so.580.126.09
7b47fe042000-7b47fed06000 r-xp 00242000 103:07 39985135                  /usr/lib/x86_64-linux-gnu/libnvidia-eglcore.so.580.126.09
7b47fed06000-7b47ffda8000 r--p 00f06000 103:07 39985135                  /usr/lib/x86_64-linux-gnu/libnvidia-eglcore.so.580.126.09
7b47ffda8000-7b47fff20000 r--p 01fa7000 103:07 39985135                  /usr/lib/x86_64-linux-gnu/libnvidia-eglcore.so.580.126.09
7b47fff20000-7b47fff74000 rw-p 0211f000 103:07 39985135                  /usr/lib/x86_64-linux-gnu/libnvidia-eglcore.so.580.126.09
7b47fff74000-7b47fff8a000 rw-p 00000000 00:00 0 
7b4800000000-7b4800d9e000 rw-p 00000000 00:00 0 
7b4800d9e000-7b4804000000 ---p 00000000 00:00 0 
7b4804000000-7b48044f3000 rw-p 00000000 00:00 0 
7b48044f3000-7b4808000000 ---p 00000000 00:00 0 
7b4808000000-7b4808021000 rw-p 00000000 00:00 0 
7b4808021000-7b480c000000 ---p 00000000 00:00 0 
7b480c000000-7b480c021000 rw-p 00000000 00:00 0 
7b480c021000-7b4810000000 ---p 00000000 00:00 0 
7b4810000000-7b4810021000 rw-p 00000000 00:00 0 
7b4810021000-7b4814000000 ---p 00000000 00:00 0 
7b4814000000-7b4814021000 rw-p 00000000 00:00 0 
7b4814021000-7b4818000000 ---p 00000000 00:00 0 
7b4818000000-7b4818021000 rw-p 00000000 00:00 0 
7b4818021000-7b481c000000 ---p 00000000 00:00 0 
7b481c000000-7b481c021000 rw-p 00000000 00:00 0 
7b481c021000-7b4820000000 ---p 00000000 00:00 0 
7b4820000000-7b48211a2000 rw-p 00000000 00:00 0 
7b48211a2000-7b4824000000 ---p 00000000 00:00 0 
7b4824000000-7b4824269000 rw-p 00000000 00:00 0 
7b4824269000-7b4828000000 ---p 00000000 00:00 0 
7b4828000000-7b4828021000 rw-p 00000000 00:00 0 
7b4828021000-7b482c000000 ---p 00000000 00:00 0 
7b482c000000-7b482d11f000 rw-p 00000000 00:00 0 
7b482d11f000-7b4830000000 ---p 00000000 00:00 0 
7b4830000000-7b4832312000 rw-p 00000000 00:00 0 
7b4832312000-7b4834000000 ---p 00000000 00:00 0 
7b4834000000-7b4834698000 rw-p 00000000 00:00 0 
7b4834698000-7b4838000000 ---p 00000000 00:00 0 
7b4838000000-7b4838021000 rw-p 00000000 00:00 0 
7b4838021000-7b483c000000 ---p 00000000 00:00 0 
7b483c000000-7b483c021000 rw-p 00000000 00:00 0 
7b483c021000-7b4840000000 ---p 00000000 00:00 0 
7b4840000000-7b4840021000 rw-p 00000000 00:00 0 
7b4840021000-7b4844000000 ---p 00000000 00:00 0 
7b4844000000-7b4844021000 rw-p 00000000 00:00 0 
7b4844021000-7b4848000000 ---p 00000000 00:00 0 
7b4848000000-7b4848021000 rw-p 00000000 00:00 0 
7b4848021000-7b484c000000 ---p 00000000 00:00 0 
7b484c000000-7b484c021000 rw-p 00000000 00:00 0 
7b484c021000-7b4850000000 ---p 00000000 00:00 0 
7b4850000000-7b4850400000 rw-p 00000000 00:00 0 
7b4850400000-7b4850440000 rw-p 00000000 00:00 0 
7b4850440000-7b4850480000 rw-p 00000000 00:00 0 
7b4850480000-7b4850500000 rw-p 00000000 00:00 0 
7b4850500000-7b4850700000 rw-p 00000000 00:00 0 
7b4850700000-7b4850780000 rw-p 00000000 00:00 0 
7b4850780000-7b4850940000 rw-p 00000000 00:00 0 
7b4850940000-7b4850980000 rw-p 00000000 00:00 0 
7b4850980000-7b4850b00000 rw-p 00000000 00:00 0 
7b4850b00000-7b4850c40000 rw-p 00000000 00:00 0 
7b4850c40000-7b4850e00000 rw-p 00000000 00:00 0 
7b4850e00000-7b4850f80000 rw-p 00000000 00:00 0 
7b4850f80000-7b4851000000 rw-p 00000000 00:00 0 
7b4851000000-7b4851080000 rw-p 00000000 00:00 0 
7b4851080000-7b4851100000 rw-p 00000000 00:00 0 
7b4851100000-7b4851260000 rw-p 00000000 00:00 0 
7b4851260000-7b4851280000 rw-p 00000000 00:00 0 
7b4851280000-7b4851300000 rw-p 00000000 00:00 0 
7b4851300000-7b4851500000 rw-p 00000000 00:00 0 
7b4851500000-7b4851680000 rw-p 00000000 00:00 0 
7b4851680000-7b4851700000 rw-p 00000000 00:00 0 
7b4851700000-7b4851880000 rw-p 00000000 00:00 0 
7b4851880000-7b4851900000 rw-p 00000000 00:00 0 
7b4851900000-7b4851a60000 rw-p 00000000 00:00 0 
7b4851a60000-7b4851a80000 rw-p 00000000 00:00 0 
7b4851a80000-7b4851b00000 rw-p 00000000 00:00 0 
7b4851b00000-7b4851d00000 rw-p 00000000 00:00 0 
7b4851d00000-7b4851d40000 rw-p 00000000 00:00 0 
7b4851d40000-7b4851d80000 rw-p 00000000 00:00 0 
7b4851d80000-7b4851f00000 rw-p 00000000 00:00 0 
7b4851f00000-7b4851f80000 rw-p 00000000 00:00 0 
7b4851f80000-7b4852040000 rw-p 00000000 00:00 0 
7b4852040000-7b4852080000 rw-p 00000000 00:00 0 
7b4852080000-7b4852100000 rw-p 00000000 00:00 0 
7b4852100000-7b4852300000 rw-p 00000000 00:00 0 
7b4852300000-7b4852500000 rw-p 00000000 00:00 0 
7b4852500000-7b4852700000 rw-p 00000000 00:00 0 
7b4852700000-7b4852880000 rw-p 00000000 00:00 0 
7b4852880000-7b4852900000 rw-p 00000000 00:00 0 
7b4852900000-7b4852b00000 rw-p 00000000 00:00 0 
7b4852b00000-7b4852c00000 rw-p 00000000 00:00 0 
7b4852c00000-7b4852d00000 rw-p 00000000 00:00 0 
7b4852d00000-7b4852e00000 rw-p 00000000 00:00 0 
7b4852e00000-7b4852f00000 rw-p 00000000 00:00 0 
7b4852f00000-7b4853100000 rw-p 00000000 00:00 0 
7b4853100000-7b4853140000 rw-p 00000000 00:00 0 
7b4853140000-7b4853180000 ---p 00000000 00:00 0 
7b4853180000-7b48531c0000 rw-p 00000000 00:00 0 
7b48531c0000-7b4854000000 ---p 00000000 00:00 0 
7b4854000000-7b4854021000 rw-p 00000000 00:00 0 
7b4854021000-7b4858000000 ---p 00000000 00:00 0 
7b4858000000-7b4858021000 rw-p 00000000 00:00 0 
7b4858021000-7b485c000000 ---p 00000000 00:00 0 
7b485c000000-7b485c021000 rw-p 00000000 00:00 0 
7b485c021000-7b4860000000 ---p 00000000 00:00 0 
7b4860000000-7b4860021000 rw-p 00000000 00:00 0 
7b4860021000-7b4864000000 ---p 00000000 00:00 0 
7b4864000000-7b4864021000 rw-p 00000000 00:00 0 
7b4864021000-7b4868000000 ---p 00000000 00:00 0 
7b4868000000-7b4868060000 r--p 00000000 103:07 39987543                  /usr/lib/x86_64-linux-gnu/libepoxy.so.0.0.0
7b4868060000-7b48680c6000 r-xp 00060000 103:07 39987543                  /usr/lib/x86_64-linux-gnu/libepoxy.so.0.0.0
7b48680c6000-7b4868114000 r--p 000c6000 103:07 39987543                  /usr/lib/x86_64-linux-gnu/libepoxy.so.0.0.0
7b4868114000-7b486811c000 r--p 00113000 103:07 39987543                  /usr/lib/x86_64-linux-gnu/libepoxy.so.0.0.0
7b486811c000-7b4868123000 rw-p 0011b000 103:07 39987543                  /usr/lib/x86_64-linux-gnu/libepoxy.so.0.0.0
7b4868123000-7b486812e000 r--p 00000000 103:07 39980769                  /usr/lib/x86_64-linux-gnu/libharfbuzz.so.0.60830.0
7b486812e000-7b48681fc000 r-xp 0000b000 103:07 39980769                  /usr/lib/x86_64-linux-gnu/libharfbuzz.so.0.60830.0
7b48681fc000-7b486822e000 r--p 000d9000 103:07 39980769                  /usr/lib/x86_64-linux-gnu/libharfbuzz.so.0.60830.0
7b486822e000-7b486822f000 r--p 0010b000 103:07 39980769                  /usr/lib/x86_64-linux-gnu/libharfbuzz.so.0.60830.0
7b486822f000-7b4868230000 rw-p 0010c000 103:07 39980769                  /usr/lib/x86_64-linux-gnu/libharfbuzz.so.0.60830.0
7b4868230000-7b4868269000 r--p 00000000 103:07 39979346                  /usr/lib/x86_64-linux-gnu/libgio-2.0.so.0.8000.0
7b4868269000-7b4868380000 r-xp 00039000 103:07 39979346                  /usr/lib/x86_64-linux-gnu/libgio-2.0.so.0.8000.0
7b4868380000-7b48683f5000 r--p 00150000 103:07 39979346                  /usr/lib/x86_64-linux-gnu/libgio-2.0.so.0.8000.0
7b48683f5000-7b48683fd000 r--p 001c4000 103:07 39979346                  /usr/lib/x86_64-linux-gnu/libgio-2.0.so.0.8000.0
7b48683fd000-7b48683fe000 rw-p 001cc000 103:07 39979346                  /usr/lib/x86_64-linux-gnu/libgio-2.0.so.0.8000.0
7b48683fe000-7b4868400000 rw-p 00000000 00:00 0 
7b4868400000-7b4868468000 r--p 00000000 103:07 39987772                  /usr/lib/x86_64-linux-gnu/libicuuc.so.74.2
7b4868468000-7b486856d000 r-xp 00068000 103:07 39987772                  /usr/lib/x86_64-linux-gnu/libicuuc.so.74.2
7b486856d000-7b48685f7000 r--p 0016d000 103:07 39987772                  /usr/lib/x86_64-linux-gnu/libicuuc.so.74.2
7b48685f7000-7b486860a000 r--p 001f7000 103:07 39987772                  /usr/lib/x86_64-linux-gnu/libicuuc.so.74.2
7b486860a000-7b486860b000 rw-p 0020a000 103:07 39987772                  /usr/lib/x86_64-linux-gnu/libicuuc.so.74.2
7b486860b000-7b486860d000 rw-p 00000000 00:00 0 
7b48686b7000-7b48686d5000 r--p 00000000 103:07 39979373                  /usr/lib/x86_64-linux-gnu/libglib-2.0.so.0.8000.0
7b48686d5000-7b4868775000 r-xp 0001e000 103:07 39979373                  /usr/lib/x86_64-linux-gnu/libglib-2.0.so.0.8000.0
7b4868775000-7b48687fd000 r--p 000be000 103:07 39979373                  /usr/lib/x86_64-linux-gnu/libglib-2.0.so.0.8000.0
7b48687fd000-7b48687fe000 r--p 00146000 103:07 39979373                  /usr/lib/x86_64-linux-gnu/libglib-2.0.so.0.8000.0
7b48687fe000-7b48687ff000 rw-p 00147000 103:07 39979373                  /usr/lib/x86_64-linux-gnu/libglib-2.0.so.0.8000.0
7b48687ff000-7b4868800000 rw-p 00000000 00:00 0 
7b4868800000-7b486889d000 r--p 00000000 103:07 39977273                  /usr/lib/x86_64-linux-gnu/libstdc++.so.6.0.33
7b486889d000-7b48689e5000 r-xp 0009d000 103:07 39977273                  /usr/lib/x86_64-linux-gnu/libstdc++.so.6.0.33
7b48689e5000-7b4868a6c000 r--p 001e5000 103:07 39977273                  /usr/lib/x86_64-linux-gnu/libstdc++.so.6.0.33
7b4868a6c000-7b4868a77000 r--p 0026b000 103:07 39977273                  /usr/lib/x86_64-linux-gnu/libstdc++.so.6.0.33
7b4868a77000-7b4868a7a000 rw-p 00276000 103:07 39977273                  /usr/lib/x86_64-linux-gnu/libstdc++.so.6.0.33
7b4868a7a000-7b4868a7e000 rw-p 00000000 00:00 0 
7b4868afe000-7b4868aff000 ---p 00000000 00:00 0 
7b4868aff000-7b4868c00000 rw-p 00000000 00:00 0 
7b4868c00000-7b4868cb7000 r-xp 00000000 103:07 57949346                  /home/bgodfrey/CASPER/Scilab/scilab-2024.1.0/lib/thirdparty/libjogl_desktop.so
7b4868cb7000-7b4868eb6000 ---p 000b7000 103:07 57949346                  /home/bgodfrey/CASPER/Scilab/scilab-2024.1.0/lib/thirdparty/libjogl_desktop.so
7b4868eb6000-7b4868eb7000 r--p 000b6000 103:07 57949346                  /home/bgodfrey/CASPER/Scilab/scilab-2024.1.0/lib/thirdparty/libjogl_desktop.so
7b4868eb7000-7b4868eb8000 rw-p 000b7000 103:07 57949346                  /home/bgodfrey/CASPER/Scilab/scilab-2024.1.0/lib/thirdparty/libjogl_desktop.so
7b4868efe000-7b4868eff000 ---p 00000000 00:00 0 
7b4868eff000-7b4869000000 rw-p 00000000 00:00 0 
7b4869000000-7b4869007000 r-xp 00000000 103:07 57949349                  /home/bgodfrey/CASPER/Scilab/scilab-2024.1.0/lib/thirdparty/libnativewindow_x11.so
7b4869007000-7b4869206000 ---p 00007000 103:07 57949349                  /home/bgodfrey/CASPER/Scilab/scilab-2024.1.0/lib/thirdparty/libnativewindow_x11.so
7b4869206000-7b4869207000 r--p 00006000 103:07 57949349                  /home/bgodfrey/CASPER/Scilab/scilab-2024.1.0/lib/thirdparty/libnativewindow_x11.so
7b4869207000-7b4869208000 rw-p 00007000 103:07 57949349                  /home/bgodfrey/CASPER/Scilab/scilab-2024.1.0/lib/thirdparty/libnativewindow_x11.so
7b48692fe000-7b48692ff000 ---p 00000000 00:00 0 
7b48692ff000-7b4869400000 rw-p 00000000 00:00 0 
7b4869400000-7b4869402000 r-xp 00000000 103:07 57949347                  /home/bgodfrey/CASPER/Scilab/scilab-2024.1.0/lib/thirdparty/libnativewindow_awt.so
7b4869402000-7b4869601000 ---p 00002000 103:07 57949347                  /home/bgodfrey/CASPER/Scilab/scilab-2024.1.0/lib/thirdparty/libnativewindow_awt.so
7b4869601000-7b4869602000 r--p 00001000 103:07 57949347                  /home/bgodfrey/CASPER/Scilab/scilab-2024.1.0/lib/thirdparty/libnativewindow_awt.so
7b4869602000-7b4869603000 rw-p 00002000 103:07 57949347                  /home/bgodfrey/CASPER/Scilab/scilab-2024.1.0/lib/thirdparty/libnativewindow_awt.so
7b48696fe000-7b48696ff000 ---p 00000000 00:00 0 
7b48696ff000-7b4869800000 rw-p 00000000 00:00 0 
7b4869800000-7b486b800000 rw-p 00000000 00:00 0 
7b486b8f2000-7b486b8f3000 ---p 00000000 00:00 0 
7b486b8f3000-7b486b9f4000 rw-p 00000000 00:00 0 
7b486b9f4000-7b486bc74000 rw-p 00000000 00:00 0 
7b486bc74000-7b486c194000 ---p 00000000 00:00 0 
7b486c194000-7b486c1a4000 rw-p 00000000 00:00 0 
7b486c1a4000-7b4873454000 ---p 00000000 00:00 0 
7b4873454000-7b48736d4000 rw-p 00000000 00:00 0 
7b48736d4000-7b4873bf4000 ---p 00000000 00:00 0 
7b4873bf4000-7b4873c04000 rw-p 00000000 00:00 0 
7b4873c04000-7b487aeb4000 ---p 00000000 00:00 0 
7b487aeb4000-7b487af04000 rw-p 00000000 00:00 0 
7b487af04000-7b487afa8000 ---p 00000000 00:00 0 
7b487afa8000-7b487afaa000 rw-p 00000000 00:00 0 
7b487afaa000-7b487be00000 ---p 00000000 00:00 0 
7b487be00000-7b487d060000 rwxp 00000000 00:00 0 
7b487d060000-7b488325f000 ---p 00000000 00:00 0 
7b488325f000-7b48835df000 rwxp 00000000 00:00 0 
7b48835df000-7b48839a0000 ---p 00000000 00:00 0 
7b48839a0000-7b4884450000 rwxp 00000000 00:00 0 
7b4884450000-7b488ae00000 ---p 00000000 00:00 0 
7b488ae00000-7b488fe37000 r--s 00000000 103:07 57952108                  /home/bgodfrey/CASPER/Scilab/scilab-2024.1.0/thirdparty/java/lib/modules
7b488fefd000-7b488fefe000 ---p 00000000 00:00 0 
7b488fefe000-7b488ffff000 rw-p 00000000 00:00 0 
7b488ffff000-7b4890000000 ---p 00000000 00:00 0 
7b4890000000-7b4898000000 rw-p 00000000 00:00 0 
7b4898000000-7b48981bb000 rw-p 00000000 00:00 0 
7b48981bb000-7b489c000000 ---p 00000000 00:00 0 
7b489c0fe000-7b489c0ff000 ---p 00000000 00:00 0 
7b489c0ff000-7b489c200000 rw-p 00000000 00:00 0 
7b489c200000-7b489c400000 rw-s 10a744000 00:10 1059                      anon_inode:i915.gem
7b489c400000-7b489c403000 r-xp 00000000 103:07 57949345                  /home/bgodfrey/CASPER/Scilab/scilab-2024.1.0/lib/thirdparty/libgluegen_rt.so
7b489c403000-7b489c602000 ---p 00003000 103:07 57949345                  /home/bgodfrey/CASPER/Scilab/scilab-2024.1.0/lib/thirdparty/libgluegen_rt.so
7b489c602000-7b489c603000 r--p 00002000 103:07 57949345                  /home/bgodfrey/CASPER/Scilab/scilab-2024.1.0/lib/thirdparty/libgluegen_rt.so
7b489c603000-7b489c604000 rw-p 00003000 103:07 57949345                  /home/bgodfrey/CASPER/Scilab/scilab-2024.1.0/lib/thirdparty/libgluegen_rt.so
7b489c665000-7b489c666000 ---p 00000000 00:00 0 
7b489c666000-7b489c767000 rw-p 00000000 00:00 0 
7b489c767000-7b489c7b7000 rw-p 00000000 00:00 0 
7b489c7b7000-7b489c85b000 ---p 00000000 00:00 0 
7b489c85b000-7b489c85d000 rw-p 00000000 00:00 0 
7b489c85d000-7b489d6b3000 ---p 00000000 00:00 0 
7b489d6b3000-7b489d703000 rw-p 00000000 00:00 0 
7b489d703000-7b489d7a7000 ---p 00000000 00:00 0 
7b489d7a7000-7b489d7a9000 rw-p 00000000 00:00 0 
7b489d7a9000-7b489e5ff000 ---p 00000000 00:00 0 
7b489e5ff000-7b489e600000 ---p 00000000 00:00 0 
7b489e600000-7b48a6600000 rw-p 00000000 00:00 0 
7b48a6600000-7b48a6b75000 r--p 00000000 103:07 39979113                  /usr/lib/locale/locale-archive
7b48a6c00000-7b48b2c00000 rw-p 00000000 00:00 0 
7b48b2cfd000-7b48b2cfe000 ---p 00000000 00:00 0 
7b48b2cfe000-7b48b2dff000 rw-p 00000000 00:00 0 
7b48b2dff000-7b48b2e00000 ---p 00000000 00:00 0 
7b48b2e00000-7b48b3600000 rw-p 00000000 00:00 0 
7b48b3600000-7b48b5600000 rw-p 00000000 00:00 0 
7b48b56f8000-7b48b56f9000 ---p 00000000 00:00 0 
7b48b56f9000-7b48b57fa000 rw-p 00000000 00:00 0 
7b48b57fa000-7b48b57fb000 ---p 00000000 00:00 0 
7b48b57fb000-7b48b5ffb000 rw-p 00000000 00:00 0 
7b48b5ffb000-7b48b5ffc000 ---p 00000000 00:00 0 
7b48b5ffc000-7b48b67fc000 rw-p 00000000 00:00 0 
7b48b67fc000-7b48b67fd000 ---p 00000000 00:00 0 
7b48b67fd000-7b48b6ffd000 rw-p 00000000 00:00 0 
7b48b6ffd000-7b48b6ffe000 ---p 00000000 00:00 0 
7b48b6ffe000-7b48b77fe000 rw-p 00000000 00:00 0 
7b48b77fe000-7b48b77ff000 ---p 00000000 00:00 0 
7b48b77ff000-7b48b7fff000 rw-p 00000000 00:00 0 
7b48b7fff000-7b48b8000000 ---p 00000000 00:00 0 
7b48b8000000-7b48b8800000 rw-p 00000000 00:00 0 
7b48b8800000-7b48b880b000 r-xp 00000000 103:07 57949438                  /home/bgodfrey/CASPER/Scilab/scilab-2024.1.0/lib/thirdparty/libcamd.so.2.4.1
7b48b880b000-7b48b8a0a000 ---p 0000b000 103:07 57949438                  /home/bgodfrey/CASPER/Scilab/scilab-2024.1.0/lib/thirdparty/libcamd.so.2.4.1
7b48b8a0a000-7b48b8a0b000 r--p 0000a000 103:07 57949438                  /home/bgodfrey/CASPER/Scilab/scilab-2024.1.0/lib/thirdparty/libcamd.so.2.4.1
7b48b8a0b000-7b48b8a0c000 rw-p 0000b000 103:07 57949438                  /home/bgodfrey/CASPER/Scilab/scilab-2024.1.0/lib/thirdparty/libcamd.so.2.4.1
7b48b8afe000-7b48b8aff000 ---p 00000000 00:00 0 
7b48b8aff000-7b48b8c00000 rw-p 00000000 00:00 0 
7b48b8c00000-7b48b8c0a000 r-xp 00000000 103:07 57949434                  /home/bgodfrey/CASPER/Scilab/scilab-2024.1.0/lib/thirdparty/libccolamd.so.2.9.1
7b48b8c0a000-7b48b8e0a000 ---p 0000a000 103:07 57949434                  /home/bgodfrey/CASPER/Scilab/scilab-2024.1.0/lib/thirdparty/libccolamd.so.2.9.1
7b48b8e0a000-7b48b8e0b000 r--p 0000a000 103:07 57949434                  /home/bgodfrey/CASPER/Scilab/scilab-2024.1.0/lib/thirdparty/libccolamd.so.2.9.1
7b48b8e0b000-7b48b8e0c000 rw-p 0000b000 103:07 57949434                  /home/bgodfrey/CASPER/Scilab/scilab-2024.1.0/lib/thirdparty/libccolamd.so.2.9.1
7b48b8efe000-7b48b8eff000 ---p 00000000 00:00 0 
7b48b8eff000-7b48b9000000 rw-p 00000000 00:00 0 
7b48b9000000-7b48b90fe000 r-xp 00000000 103:07 57949424                  /home/bgodfrey/CASPER/Scilab/scilab-2024.1.0/lib/thirdparty/libcholmod.so.3.0.6
7b48b90fe000-7b48b92fe000 ---p 000fe000 103:07 57949424                  /home/bgodfrey/CASPER/Scilab/scilab-2024.1.0/lib/thirdparty/libcholmod.so.3.0.6
7b48b92fe000-7b48b92ff000 r--p 000fe000 103:07 57949424                  /home/bgodfrey/CASPER/Scilab/scilab-2024.1.0/lib/thirdparty/libcholmod.so.3.0.6
7b48b92ff000-7b48b9300000 rw-p 000ff000 103:07 57949424                  /home/bgodfrey/CASPER/Scilab/scilab-2024.1.0/lib/thirdparty/libcholmod.so.3.0.6
7b48b9400000-7b48b9403000 r-xp 00000000 103:07 57949442                  /home/bgodfrey/CASPER/Scilab/scilab-2024.1.0/lib/thirdparty/libbtf.so.1.2.1
7b48b9403000-7b48b9602000 ---p 00003000 103:07 57949442                  /home/bgodfrey/CASPER/Scilab/scilab-2024.1.0/lib/thirdparty/libbtf.so.1.2.1
7b48b9602000-7b48b9603000 r--p 00002000 103:07 57949442                  /home/bgodfrey/CASPER/Scilab/scilab-2024.1.0/lib/thirdparty/libbtf.so.1.2.1
7b48b9603000-7b48b9604000 rw-p 00003000 103:07 57949442                  /home/bgodfrey/CASPER/Scilab/scilab-2024.1.0/lib/thirdparty/libbtf.so.1.2.1
7b48b96fe000-7b48b96ff000 ---p 00000000 00:00 0 
7b48b96ff000-7b48b9800000 rw-p 00000000 00:00 0 
7b48b9800000-7b48b9806000 r-xp 00000000 103:07 57949430                  /home/bgodfrey/CASPER/Scilab/scilab-2024.1.0/lib/thirdparty/libcolamd.so.2.9.1
7b48b9806000-7b48b9a06000 ---p 00006000 103:07 57949430                  /home/bgodfrey/CASPER/Scilab/scilab-2024.1.0/lib/thirdparty/libcolamd.so.2.9.1
7b48b9a06000-7b48b9a07000 r--p 00006000 103:07 57949430                  /home/bgodfrey/CASPER/Scilab/scilab-2024.1.0/lib/thirdparty/libcolamd.so.2.9.1
7b48b9a07000-7b48b9a08000 rw-p 00007000 103:07 57949430                  /home/bgodfrey/CASPER/Scilab/scilab-2024.1.0/lib/thirdparty/libcolamd.so.2.9.1
7b48b9afe000-7b48b9aff000 ---p 00000000 00:00 0 
7b48b9aff000-7b48b9c00000 rw-p 00000000 00:00 0 
7b48b9c00000-7b48b9c2c000 r-xp 00000000 103:07 57949496                  /home/bgodfrey/CASPER/Scilab/scilab-2024.1.0/lib/thirdparty/redist/libscilzma.so.5.4.4
7b48b9c2c000-7b48b9e2c000 ---p 0002c000 103:07 57949496                  /home/bgodfrey/CASPER/Scilab/scilab-2024.1.0/lib/thirdparty/redist/libscilzma.so.5.4.4
7b48b9e2c000-7b48b9e2d000 r--p 0002c000 103:07 57949496                  /home/bgodfrey/CASPER/Scilab/scilab-2024.1.0/lib/thirdparty/redist/libscilzma.so.5.4.4
7b48b9e2d000-7b48b9e30000 rw-p 0002d000 103:07 57949496                  /home/bgodfrey/CASPER/Scilab/scilab-2024.1.0/lib/thirdparty/redist/libscilzma.so.5.4.4
7b48b9ebf000-7b48ba000000 rw-s 00000000 103:07 56885363                  /home/bgodfrey/.cache/mesa_shader_cache/index
7b48ba000000-7b48ba28e000 r-xp 00000000 103:07 57949359                  /home/bgodfrey/CASPER/Scilab/scilab-2024.1.0/lib/thirdparty/libcrypto.so.1.1
7b48ba28e000-7b48ba48d000 ---p 0028e000 103:07 57949359                  /home/bgodfrey/CASPER/Scilab/scilab-2024.1.0/lib/thirdparty/libcrypto.so.1.1
7b48ba48d000-7b48ba4b8000 r--p 0028d000 103:07 57949359                  /home/bgodfrey/CASPER/Scilab/scilab-2024.1.0/lib/thirdparty/libcrypto.so.1.1
7b48ba4b8000-7b48ba4ba000 rw-p 002b8000 103:07 57949359                  /home/bgodfrey/CASPER/Scilab/scilab-2024.1.0/lib/thirdparty/libcrypto.so.1.1
7b48ba4ba000-7b48ba4be000 rw-p 00000000 00:00 0 
7b48ba500000-7b48ba504000 ---p 00000000 00:00 0 
7b48ba504000-7b48ba600000 rw-p 00000000 00:00 0 
7b48ba600000-7b48ba628000 r--p 00000000 103:07 39978350                  /usr/lib/x86_64-linux-gnu/libc.so.6
7b48ba628000-7b48ba7b0000 r-xp 00028000 103:07 39978350                  /usr/lib/x86_64-linux-gnu/libc.so.6
7b48ba7b0000-7b48ba7ff000 r--p 001b0000 103:07 39978350                  /usr/lib/x86_64-linux-gnu/libc.so.6
7b48ba7ff000-7b48ba803000 r--p 001fe000 103:07 39978350                  /usr/lib/x86_64-linux-gnu/libc.so.6
7b48ba803000-7b48ba805000 rw-p 00202000 103:07 39978350                  /usr/lib/x86_64-linux-gnu/libc.so.6
7b48ba805000-7b48ba812000 rw-p 00000000 00:00 0 
7b48baa00000-7b48baa17000 r-xp 00000000 103:07 57949508                  /home/bgodfrey/CASPER/Scilab/scilab-2024.1.0/lib/thirdparty/redist/libscigcc_s.so.1
7b48baa17000-7b48bac16000 ---p 00017000 103:07 57949508                  /home/bgodfrey/CASPER/Scilab/scilab-2024.1.0/lib/thirdparty/redist/libscigcc_s.so.1
7b48bac16000-7b48bac17000 r--p 00016000 103:07 57949508                  /home/bgodfrey/CASPER/Scilab/scilab-2024.1.0/lib/thirdparty/redist/libscigcc_s.so.1
7b48bac17000-7b48bac18000 rw-p 00017000 103:07 57949508                  /home/bgodfrey/CASPER/Scilab/scilab-2024.1.0/lib/thirdparty/redist/libscigcc_s.so.1
7b48bac18000-7b48bac19000 rw-p 000d3000 103:07 57949508                  /home/bgodfrey/CASPER/Scilab/scilab-2024.1.0/lib/thirdparty/redist/libscigcc_s.so.1
7b48bac1e000-7b48bac4d000 r--p 00000000 103:07 39980566                  /usr/lib/x86_64-linux-gnu/libxml2.so.2.9.14
7b48bac4d000-7b48badb3000 r-xp 0002f000 103:07 39980566                  /usr/lib/x86_64-linux-gnu/libxml2.so.2.9.14
7b48badb3000-7b48badf5000 r--p 00195000 103:07 39980566                  /usr/lib/x86_64-linux-gnu/libxml2.so.2.9.14
7b48badf5000-7b48badfe000 r--p 001d6000 103:07 39980566                  /usr/lib/x86_64-linux-gnu/libxml2.so.2.9.14
7b48badfe000-7b48badff000 rw-p 001df000 103:07 39980566                  /usr/lib/x86_64-linux-gnu/libxml2.so.2.9.14
7b48badff000-7b48bae00000 rw-p 00000000 00:00 0 
7b48bae00000-7b48bb052000 r--p 00000000 103:07 57952080                  /home/bgodfrey/CASPER/Scilab/scilab-2024.1.0/thirdparty/java/lib/server/libjvm.so
7b48bb052000-7b48bbd72000 r-xp 00252000 103:07 57952080                  /home/bgodfrey/CASPER/Scilab/scilab-2024.1.0/thirdparty/java/lib/server/libjvm.so
7b48bbd72000-7b48bbffe000 r--p 00f72000 103:07 57952080                  /home/bgodfrey/CASPER/Scilab/scilab-2024.1.0/thirdparty/java/lib/server/libjvm.so
7b48bbffe000-7b48bbfff000 ---p 011fe000 103:07 57952080                  /home/bgodfrey/CASPER/Scilab/scilab-2024.1.0/thirdparty/java/lib/server/libjvm.so
7b48bbfff000-7b48bc0b8000 r--p 011fe000 103:07 57952080                  /home/bgodfrey/CASPER/Scilab/scilab-2024.1.0/thirdparty/java/lib/server/libjvm.so
7b48bc0b8000-7b48bc0ed000 rw-p 012b7000 103:07 57952080                  /home/bgodfrey/CASPER/Scilab/scilab-2024.1.0/thirdparty/java/lib/server/libjvm.so
7b48bc0ed000-7b48bc147000 rw-p 00000000 00:00 0 
7b48bc200000-7b48bc23f000 r-xp 00000000 103:07 57949505                  /home/bgodfrey/CASPER/Scilab/scilab-2024.1.0/lib/thirdparty/redist/libsciquadmath.so.0
7b48bc23f000-7b48bc43e000 ---p 0003f000 103:07 57949505                  /home/bgodfrey/CASPER/Scilab/scilab-2024.1.0/lib/thirdparty/redist/libsciquadmath.so.0
7b48bc43e000-7b48bc43f000 r--p 0003e000 103:07 57949505                  /home/bgodfrey/CASPER/Scilab/scilab-2024.1.0/lib/thirdparty/redist/libsciquadmath.so.0
7b48bc43f000-7b48bc440000 rw-p 0003f000 103:07 57949505                  /home/bgodfrey/CASPER/Scilab/scilab-2024.1.0/lib/thirdparty/redist/libsciquadmath.so.0
7b48bc440000-7b48bc441000 rw-p 0010d000 103:07 57949505                  /home/bgodfrey/CASPER/Scilab/scilab-2024.1.0/lib/thirdparty/redist/libsciquadmath.so.0
7b48bc4bf000-7b48bc600000 rw-s 00000000 103:07 56885363                  /home/bgodfrey/.cache/mesa_shader_cache/index
7b48bc600000-7b48bc86a000 r-xp 00000000 103:07 57949506                  /home/bgodfrey/CASPER/Scilab/scilab-2024.1.0/lib/thirdparty/redist/libscigfortran.so.5
7b48bc86a000-7b48bca6a000 ---p 0026a000 103:07 57949506                  /home/bgodfrey/CASPER/Scilab/scilab-2024.1.0/lib/thirdparty/redist/libscigfortran.so.5
7b48bca6a000-7b48bca6b000 r--p 0026a000 103:07 57949506                  /home/bgodfrey/CASPER/Scilab/scilab-2024.1.0/lib/thirdparty/redist/libscigfortran.so.5
7b48bca6b000-7b48bca6d000 rw-p 0026b000 103:07 57949506                  /home/bgodfrey/CASPER/Scilab/scilab-2024.1.0/lib/thirdparty/redist/libscigfortran.so.5
7b48bca6d000-7b48bca82000 rw-p 00a3a000 103:07 57949506                  /home/bgodfrey/CASPER/Scilab/scilab-2024.1.0/lib/thirdparty/redist/libscigfortran.so.5
7b48bcabd000-7b48bcaf1000 r--p 00000000 103:07 39983091                  /usr/lib/x86_64-linux-gnu/libEGL_nvidia.so.580.126.09
7b48bcaf1000-7b48bcb88000 r-xp 00034000 103:07 39983091                  /usr/lib/x86_64-linux-gnu/libEGL_nvidia.so.580.126.09
7b48bcb88000-7b48bcbdc000 r--p 000cb000 103:07 39983091                  /usr/lib/x86_64-linux-gnu/libEGL_nvidia.so.580.126.09
7b48bcbdc000-7b48bcbdd000 ---p 0011f000 103:07 39983091                  /usr/lib/x86_64-linux-gnu/libEGL_nvidia.so.580.126.09
7b48bcbdd000-7b48bcbe5000 r--p 0011f000 103:07 39983091                  /usr/lib/x86_64-linux-gnu/libEGL_nvidia.so.580.126.09
7b48bcbe5000-7b48bcbfb000 rw-p 00127000 103:07 39983091                  /usr/lib/x86_64-linux-gnu/libEGL_nvidia.so.580.126.09
7b48bcbfb000-7b48bcc00000 rw-p 00000000 00:00 0 
7b48bcc00000-7b48bd8b8000 r-xp 00000000 103:07 57949352                  /home/bgodfrey/CASPER/Scilab/scilab-2024.1.0/lib/thirdparty/libopenblas.so.0.3.7
7b48bd8b8000-7b48bdab7000 ---p 00cb8000 103:07 57949352                  /home/bgodfrey/CASPER/Scilab/scilab-2024.1.0/lib/thirdparty/libopenblas.so.0.3.7
7b48bdab7000-7b48bdabd000 r--p 00cb7000 103:07 57949352                  /home/bgodfrey/CASPER/Scilab/scilab-2024.1.0/lib/thirdparty/libopenblas.so.0.3.7
7b48bdabd000-7b48bdac7000 rw-p 00cbd000 103:07 57949352                  /home/bgodfrey/CASPER/Scilab/scilab-2024.1.0/lib/thirdparty/libopenblas.so.0.3.7
7b48bdac7000-7b48bdac9000 rw-p 00000000 00:00 0 
7b48bdb00000-7b48bdb04000 ---p 00000000 00:00 0 
7b48bdb04000-7b48bdc00000 rw-p 00000000 00:00 0 
7b48bdc00000-7b48bdd79000 r-xp 00000000 103:07 57949510                  /home/bgodfrey/CASPER/Scilab/scilab-2024.1.0/lib/thirdparty/redist/libscistdc++.so.6
7b48bdd79000-7b48bdf79000 ---p 00179000 103:07 57949510                  /home/bgodfrey/CASPER/Scilab/scilab-2024.1.0/lib/thirdparty/redist/libscistdc++.so.6
7b48bdf79000-7b48bdf83000 r--p 00179000 103:07 57949510                  /home/bgodfrey/CASPER/Scilab/scilab-2024.1.0/lib/thirdparty/redist/libscistdc++.so.6
7b48bdf83000-7b48bdf85000 rw-p 00183000 103:07 57949510                  /home/bgodfrey/CASPER/Scilab/scilab-2024.1.0/lib/thirdparty/redist/libscistdc++.so.6
7b48bdf85000-7b48bdf89000 rw-p 00000000 00:00 0 
7b48bdf89000-7b48bdfd2000 rw-p 00ded000 103:07 57949510                  /home/bgodfrey/CASPER/Scilab/scilab-2024.1.0/lib/thirdparty/redist/libscistdc++.so.6
7b48be000000-7b48be001000 r-xp 00000000 103:07 57949138                  /home/bgodfrey/CASPER/Scilab/scilab-2024.1.0/lib/scilab/libscitclsci-disable.so.2024.1.0
7b48be001000-7b48be200000 ---p 00001000 103:07 57949138                  /home/bgodfrey/CASPER/Scilab/scilab-2024.1.0/lib/scilab/libscitclsci-disable.so.2024.1.0
7b48be200000-7b48be201000 r--p 00000000 103:07 57949138                  /home/bgodfrey/CASPER/Scilab/scilab-2024.1.0/lib/scilab/libscitclsci-disable.so.2024.1.0
7b48be201000-7b48be202000 rw-p 00001000 103:07 57949138                  /home/bgodfrey/CASPER/Scilab/scilab-2024.1.0/lib/scilab/libscitclsci-disable.so.2024.1.0
7b48be202000-7b48be203000 rw-p 00003000 103:07 57949138                  /home/bgodfrey/CASPER/Scilab/scilab-2024.1.0/lib/scilab/libscitclsci-disable.so.2024.1.0
7b48be300000-7b48be304000 ---p 00000000 00:00 0 
7b48be304000-7b48be400000 rw-p 00000000 00:00 0 
7b48be400000-7b48be404000 r-xp 00000000 103:07 57949274                  /home/bgodfrey/CASPER/Scilab/scilab-2024.1.0/lib/scilab/libscipreferences-cli.so.2024.1.0
7b48be404000-7b48be603000 ---p 00004000 103:07 57949274                  /home/bgodfrey/CASPER/Scilab/scilab-2024.1.0/lib/scilab/libscipreferences-cli.so.2024.1.0
7b48be603000-7b48be604000 r--p 00003000 103:07 57949274                  /home/bgodfrey/CASPER/Scilab/scilab-2024.1.0/lib/scilab/libscipreferences-cli.so.2024.1.0
7b48be604000-7b48be605000 rw-p 00004000 103:07 57949274                  /home/bgodfrey/CASPER/Scilab/scilab-2024.1.0/lib/scilab/libscipreferences-cli.so.2024.1.0
7b48be605000-7b48be606000 rw-p 0000e000 103:07 57949274                  /home/bgodfrey/CASPER/Scilab/scilab-2024.1.0/lib/scilab/libscipreferences-cli.so.2024.1.0
7b48be700000-7b48be704000 ---p 00000000 00:00 0 
7b48be704000-7b48be800000 rw-p 00000000 00:00 0 
7b48be800000-7b48be801000 r-xp 00000000 103:07 57949146                  /home/bgodfrey/CASPER/Scilab/scilab-2024.1.0/lib/scilab/libscicommons-disable.so.2024.1.0
7b48be801000-7b48bea00000 ---p 00001000 103:07 57949146                  /home/bgodfrey/CASPER/Scilab/scilab-2024.1.0/lib/scilab/libscicommons-disable.so.2024.1.0
7b48bea00000-7b48bea01000 r--p 00000000 103:07 57949146                  /home/bgodfrey/CASPER/Scilab/scilab-2024.1.0/lib/scilab/libscicommons-disable.so.2024.1.0
7b48bea01000-7b48bea02000 rw-p 00001000 103:07 57949146                  /home/bgodfrey/CASPER/Scilab/scilab-2024.1.0/lib/scilab/libscicommons-disable.so.2024.1.0
7b48bea02000-7b48bea03000 rw-p 00003000 103:07 57949146                  /home/bgodfrey/CASPER/Scilab/scilab-2024.1.0/lib/scilab/libscicommons-disable.so.2024.1.0
7b48beb00000-7b48beb04000 ---p 00000000 00:00 0 
7b48beb04000-7b48bec00000 rw-p 00000000 00:00 0 
7b48bec00000-7b48bec01000 r-xp 00000000 103:07 57949266                  /home/bgodfrey/CASPER/Scilab/scilab-2024.1.0/lib/scilab/libscihistory_browser-disable.so.2024.1.0
7b48bec01000-7b48bee00000 ---p 00001000 103:07 57949266                  /home/bgodfrey/CASPER/Scilab/scilab-2024.1.0/lib/scilab/libscihistory_browser-disable.so.2024.1.0
7b48bee00000-7b48bee01000 r--p 00000000 103:07 57949266                  /home/bgodfrey/CASPER/Scilab/scilab-2024.1.0/lib/scilab/libscihistory_browser-disable.so.2024.1.0
7b48bee01000-7b48bee02000 rw-p 00001000 103:07 57949266                  /home/bgodfrey/CASPER/Scilab/scilab-2024.1.0/lib/scilab/libscihistory_browser-disable.so.2024.1.0
7b48bee02000-7b48bee03000 rw-p 00003000 103:07 57949266                  /home/bgodfrey/CASPER/Scilab/scilab-2024.1.0/lib/scilab/libscihistory_browser-disable.so.2024.1.0
7b48bef00000-7b48bef04000 ---p 00000000 00:00 0 
7b48bef04000-7b48bf000000 rw-p 00000000 00:00 0 
7b48bf000000-7b48bf001000 r-xp 00000000 103:07 57949258                  /home/bgodfrey/CASPER/Scilab/scilab-2024.1.0/lib/scilab/libsciui_data-disable.so.2024.1.0
7b48bf001000-7b48bf200000 ---p 00001000 103:07 57949258                  /home/bgodfrey/CASPER/Scilab/scilab-2024.1.0/lib/scilab/libsciui_data-disable.so.2024.1.0
7b48bf200000-7b48bf201000 r--p 00000000 103:07 57949258                  /home/bgodfrey/CASPER/Scilab/scilab-2024.1.0/lib/scilab/libsciui_data-disable.so.2024.1.0
7b48bf201000-7b48bf202000 rw-p 00001000 103:07 57949258                  /home/bgodfrey/CASPER/Scilab/scilab-2024.1.0/lib/scilab/libsciui_data-disable.so.2024.1.0
7b48bf202000-7b48bf203000 rw-p 00003000 103:07 57949258                  /home/bgodfrey/CASPER/Scilab/scilab-2024.1.0/lib/scilab/libsciui_data-disable.so.2024.1.0
7b48bf300000-7b48bf304000 ---p 00000000 00:00 0 
7b48bf304000-7b48bf400000 rw-p 00000000 00:00 0 
7b48bf400000-7b48bf401000 r-xp 00000000 103:07 57949246                  /home/bgodfrey/CASPER/Scilab/scilab-2024.1.0/lib/scilab/libsciscinotes-disable.so.2024.1.0
7b48bf401000-7b48bf600000 ---p 00001000 103:07 57949246                  /home/bgodfrey/CASPER/Scilab/scilab-2024.1.0/lib/scilab/libsciscinotes-disable.so.2024.1.0
7b48bf600000-7b48bf601000 r--p 00000000 103:07 57949246                  /home/bgodfrey/CASPER/Scilab/scilab-2024.1.0/lib/scilab/libsciscinotes-disable.so.2024.1.0
7b48bf601000-7b48bf602000 rw-p 00001000 103:07 57949246                  /home/bgodfrey/CASPER/Scilab/scilab-2024.1.0/lib/scilab/libsciscinotes-disable.so.2024.1.0
7b48bf602000-7b48bf603000 rw-p 00003000 103:07 57949246                  /home/bgodfrey/CASPER/Scilab/scilab-2024.1.0/lib/scilab/libsciscinotes-disable.so.2024.1.0
7b48bf63b000-7b48bf641000 r--p 00000000 103:07 57952110                  /home/bgodfrey/CASPER/Scilab/scilab-2024.1.0/thirdparty/java/lib/libfontmanager.so
7b48bf641000-7b48bf7b0000 r-xp 00006000 103:07 57952110                  /home/bgodfrey/CASPER/Scilab/scilab-2024.1.0/thirdparty/java/lib/libfontmanager.so
7b48bf7b0000-7b48bf7fb000 r--p 00175000 103:07 57952110                  /home/bgodfrey/CASPER/Scilab/scilab-2024.1.0/thirdparty/java/lib/libfontmanager.so
7b48bf7fb000-7b48bf7fc000 ---p 001c0000 103:07 57952110                  /home/bgodfrey/CASPER/Scilab/scilab-2024.1.0/thirdparty/java/lib/libfontmanager.so
7b48bf7fc000-7b48bf7fe000 r--p 001c0000 103:07 57952110                  /home/bgodfrey/CASPER/Scilab/scilab-2024.1.0/thirdparty/java/lib/libfontmanager.so
7b48bf7fe000-7b48bf7ff000 rw-p 001c2000 103:07 57952110                  /home/bgodfrey/CASPER/Scilab/scilab-2024.1.0/thirdparty/java/lib/libfontmanager.so
7b48bf7ff000-7b48bf800000 rw-p 00000000 00:00 0 
7b48bf800000-7b48bf802000 r-xp 00000000 103:07 57949175                  /home/bgodfrey/CASPER/Scilab/scilab-2024.1.0/lib/scilab/libscigraphic_objects-disable.so.2024.1.0
7b48bf802000-7b48bfa01000 ---p 00002000 103:07 57949175                  /home/bgodfrey/CASPER/Scilab/scilab-2024.1.0/lib/scilab/libscigraphic_objects-disable.so.2024.1.0
7b48bfa01000-7b48bfa02000 r--p 00001000 103:07 57949175                  /home/bgodfrey/CASPER/Scilab/scilab-2024.1.0/lib/scilab/libscigraphic_objects-disable.so.2024.1.0
7b48bfa02000-7b48bfa03000 rw-p 00002000 103:07 57949175                  /home/bgodfrey/CASPER/Scilab/scilab-2024.1.0/lib/scilab/libscigraphic_objects-disable.so.2024.1.0
7b48bfa03000-7b48bfa04000 rw-p 00005000 103:07 57949175                  /home/bgodfrey/CASPER/Scilab/scilab-2024.1.0/lib/scilab/libscigraphic_objects-disable.so.2024.1.0
7b48bfafe000-7b48bfaff000 ---p 00000000 00:00 0 
7b48bfaff000-7b48bfc00000 rw-p 00000000 00:00 0 
7b48bfc00000-7b48bfc01000 r-xp 00000000 103:07 57949322                  /home/bgodfrey/CASPER/Scilab/scilab-2024.1.0/lib/scilab/libscixcos-disable.so.2024.1.0
7b48bfc01000-7b48bfe00000 ---p 00001000 103:07 57949322                  /home/bgodfrey/CASPER/Scilab/scilab-2024.1.0/lib/scilab/libscixcos-disable.so.2024.1.0
7b48bfe00000-7b48bfe01000 r--p 00000000 103:07 57949322                  /home/bgodfrey/CASPER/Scilab/scilab-2024.1.0/lib/scilab/libscixcos-disable.so.2024.1.0
7b48bfe01000-7b48bfe02000 rw-p 00001000 103:07 57949322                  /home/bgodfrey/CASPER/Scilab/scilab-2024.1.0/lib/scilab/libscixcos-disable.so.2024.1.0
7b48bfe02000-7b48bfe03000 rw-p 00003000 103:07 57949322                  /home/bgodfrey/CASPER/Scilab/scilab-2024.1.0/lib/scilab/libscixcos-disable.so.2024.1.0
7b48bff00000-7b48bff04000 ---p 00000000 00:00 0 
7b48bff04000-7b48c0000000 rw-p 00000000 00:00 0 
7b48c0000000-7b48c0001000 r-xp 00000000 103:07 57949154                  /home/bgodfrey/CASPER/Scilab/scilab-2024.1.0/lib/scilab/libscijvm-disable.so.2024.1.0
7b48c0001000-7b48c0200000 ---p 00001000 103:07 57949154                  /home/bgodfrey/CASPER/Scilab/scilab-2024.1.0/lib/scilab/libscijvm-disable.so.2024.1.0
7b48c0200000-7b48c0201000 r--p 00000000 103:07 57949154                  /home/bgodfrey/CASPER/Scilab/scilab-2024.1.0/lib/scilab/libscijvm-disable.so.2024.1.0
7b48c0201000-7b48c0202000 rw-p 00001000 103:07 57949154                  /home/bgodfrey/CASPER/Scilab/scilab-2024.1.0/lib/scilab/libscijvm-disable.so.2024.1.0
7b48c0202000-7b48c0203000 rw-p 00003000 103:07 57949154                  /home/bgodfrey/CASPER/Scilab/scilab-2024.1.0/lib/scilab/libscijvm-disable.so.2024.1.0
7b48c0300000-7b48c0304000 ---p 00000000 00:00 0 
7b48c0304000-7b48c0400000 rw-p 00000000 00:00 0 
7b48c0400000-7b48c0401000 r-xp 00000000 103:07 57949166                  /home/bgodfrey/CASPER/Scilab/scilab-2024.1.0/lib/scilab/libsciaction_binding-disable.so.2024.1.0
7b48c0401000-7b48c0600000 ---p 00001000 103:07 57949166                  /home/bgodfrey/CASPER/Scilab/scilab-2024.1.0/lib/scilab/libsciaction_binding-disable.so.2024.1.0
7b48c0600000-7b48c0601000 r--p 00000000 103:07 57949166                  /home/bgodfrey/CASPER/Scilab/scilab-2024.1.0/lib/scilab/libsciaction_binding-disable.so.2024.1.0
7b48c0601000-7b48c0603000 rw-p 00001000 103:07 57949166                  /home/bgodfrey/CASPER/Scilab/scilab-2024.1.0/lib/scilab/libsciaction_binding-disable.so.2024.1.0
7b48c0700000-7b48c0704000 ---p 00000000 00:00 0 
7b48c0704000-7b48c0800000 rw-p 00000000 00:00 0 
7b48c0800000-7b48c085c000 r-xp 00000000 103:07 57949504                  /home/bgodfrey/CASPER/Scilab/scilab-2024.1.0/lib/thirdparty/redist/libscincurses.so.6.4
7b48c085c000-7b48c0a5b000 ---p 0005c000 103:07 57949504                  /home/bgodfrey/CASPER/Scilab/scilab-2024.1.0/lib/thirdparty/redist/libscincurses.so.6.4
7b48c0a5b000-7b48c0a5f000 r--p 0005b000 103:07 57949504                  /home/bgodfrey/CASPER/Scilab/scilab-2024.1.0/lib/thirdparty/redist/libscincurses.so.6.4
7b48c0a5f000-7b48c0a65000 rw-p 0005f000 103:07 57949504                  /home/bgodfrey/CASPER/Scilab/scilab-2024.1.0/lib/thirdparty/redist/libscincurses.so.6.4
7b48c0c00000-7b48c0c0c000 r-xp 00000000 103:07 57949126                  /home/bgodfrey/CASPER/Scilab/scilab-2024.1.0/lib/scilab/libsciconsole-minimal.so.2024.1.0
7b48c0c0c000-7b48c0e0b000 ---p 0000c000 103:07 57949126                  /home/bgodfrey/CASPER/Scilab/scilab-2024.1.0/lib/scilab/libsciconsole-minimal.so.2024.1.0
7b48c0e0b000-7b48c0e0c000 r--p 0000b000 103:07 57949126                  /home/bgodfrey/CASPER/Scilab/scilab-2024.1.0/lib/scilab/libsciconsole-minimal.so.2024.1.0
7b48c0e0c000-7b48c0e0d000 rw-p 0000c000 103:07 57949126                  /home/bgodfrey/CASPER/Scilab/scilab-2024.1.0/lib/scilab/libsciconsole-minimal.so.2024.1.0
7b48c0e0d000-7b48c0e0f000 rw-p 00036000 103:07 57949126                  /home/bgodfrey/CASPER/Scilab/scilab-2024.1.0/lib/scilab/libsciconsole-minimal.so.2024.1.0
7b48c1000000-7b48c1001000 r-xp 00000000 103:07 57949194                  /home/bgodfrey/CASPER/Scilab/scilab-2024.1.0/lib/scilab/libscigraphic_export-disable.so.2024.1.0
7b48c1001000-7b48c1200000 ---p 00001000 103:07 57949194                  /home/bgodfrey/CASPER/Scilab/scilab-2024.1.0/lib/scilab/libscigraphic_export-disable.so.2024.1.0
7b48c1200000-7b48c1201000 r--p 00000000 103:07 57949194                  /home/bgodfrey/CASPER/Scilab/scilab-2024.1.0/lib/scilab/libscigraphic_export-disable.so.2024.1.0
7b48c1201000-7b48c1202000 rw-p 00001000 103:07 57949194                  /home/bgodfrey/CASPER/Scilab/scilab-2024.1.0/lib/scilab/libscigraphic_export-disable.so.2024.1.0
7b48c1202000-7b48c1203000 rw-p 00003000 103:07 57949194                  /home/bgodfrey/CASPER/Scilab/scilab-2024.1.0/lib/scilab/libscigraphic_export-disable.so.2024.1.0
7b48c1300000-7b48c1304000 ---p 00000000 00:00 0 
7b48c1304000-7b48c1400000 rw-p 00000000 00:00 0 
7b48c1400000-7b48c1402000 r-xp 00000000 103:07 57949202                  /home/bgodfrey/CASPER/Scilab/scilab-2024.1.0/lib/scilab/libscigraphics-disable.so.2024.1.0
7b48c1402000-7b48c1601000 ---p 00002000 103:07 57949202                  /home/bgodfrey/CASPER/Scilab/scilab-2024.1.0/lib/scilab/libscigraphics-disable.so.2024.1.0
7b48c1601000-7b48c1602000 r--p 00001000 103:07 57949202                  /home/bgodfrey/CASPER/Scilab/scilab-2024.1.0/lib/scilab/libscigraphics-disable.so.2024.1.0
7b48c1602000-7b48c1603000 rw-p 00002000 103:07 57949202                  /home/bgodfrey/CASPER/Scilab/scilab-2024.1.0/lib/scilab/libscigraphics-disable.so.2024.1.0
7b48c1603000-7b48c1604000 rw-p 00006000 103:07 57949202                  /home/bgodfrey/CASPER/Scilab/scilab-2024.1.0/lib/scilab/libscigraphics-disable.so.2024.1.0
7b48c1700000-7b48c1704000 ---p 00000000 00:00 0 
7b48c1704000-7b48c1800000 rw-p 00000000 00:00 0 
7b48c1800000-7b48c1802000 r-xp 00000000 103:07 57949186                  /home/bgodfrey/CASPER/Scilab/scilab-2024.1.0/lib/scilab/libscigui-disable.so.2024.1.0
7b48c1802000-7b48c1a01000 ---p 00002000 103:07 57949186                  /home/bgodfrey/CASPER/Scilab/scilab-2024.1.0/lib/scilab/libscigui-disable.so.2024.1.0
7b48c1a01000-7b48c1a02000 r--p 00001000 103:07 57949186                  /home/bgodfrey/CASPER/Scilab/scilab-2024.1.0/lib/scilab/libscigui-disable.so.2024.1.0
7b48c1a02000-7b48c1a03000 rw-p 00002000 103:07 57949186                  /home/bgodfrey/CASPER/Scilab/scilab-2024.1.0/lib/scilab/libscigui-disable.so.2024.1.0
7b48c1a03000-7b48c1a04000 rw-p 00005000 103:07 57949186                  /home/bgodfrey/CASPER/Scilab/scilab-2024.1.0/lib/scilab/libscigui-disable.so.2024.1.0
7b48c1b00000-7b48c1b04000 ---p 00000000 00:00 0 
7b48c1b04000-7b48c1c00000 rw-p 00000000 00:00 0 
7b48c1c00000-7b48c1c16000 r-xp 00000000 103:07 57949491                  /home/bgodfrey/CASPER/Scilab/scilab-2024.1.0/lib/thirdparty/redist/libsciz.so.1.2.11
7b48c1c16000-7b48c1e15000 ---p 00016000 103:07 57949491                  /home/bgodfrey/CASPER/Scilab/scilab-2024.1.0/lib/thirdparty/redist/libsciz.so.1.2.11
7b48c1e15000-7b48c1e16000 r--p 00015000 103:07 57949491                  /home/bgodfrey/CASPER/Scilab/scilab-2024.1.0/lib/thirdparty/redist/libsciz.so.1.2.11
7b48c1e16000-7b48c1e18000 rw-p 00016000 103:07 57949491                  /home/bgodfrey/CASPER/Scilab/scilab-2024.1.0/lib/thirdparty/redist/libsciz.so.1.2.11
7b48c1f00000-7b48c1f04000 ---p 00000000 00:00 0 
7b48c1f04000-7b48c2000000 rw-p 00000000 00:00 0 
7b48c2000000-7b48c2158000 r-xp 00000000 103:07 57949500                  /home/bgodfrey/CASPER/Scilab/scilab-2024.1.0/lib/thirdparty/redist/libscixml2.so.2.9.9
7b48c2158000-7b48c2358000 ---p 00158000 103:07 57949500                  /home/bgodfrey/CASPER/Scilab/scilab-2024.1.0/lib/thirdparty/redist/libscixml2.so.2.9.9
7b48c2358000-7b48c2360000 r--p 00158000 103:07 57949500                  /home/bgodfrey/CASPER/Scilab/scilab-2024.1.0/lib/thirdparty/redist/libscixml2.so.2.9.9
7b48c2360000-7b48c2362000 rw-p 00160000 103:07 57949500                  /home/bgodfrey/CASPER/Scilab/scilab-2024.1.0/lib/thirdparty/redist/libscixml2.so.2.9.9
7b48c2362000-7b48c2363000 rw-p 00000000 00:00 0 
7b48c2363000-7b48c236f000 rw-p 00162000 103:07 57949500                  /home/bgodfrey/CASPER/Scilab/scilab-2024.1.0/lib/thirdparty/redist/libscixml2.so.2.9.9
7b48c2400000-7b48c2464000 r-xp 00000000 103:07 57949294                  /home/bgodfrey/CASPER/Scilab/scilab-2024.1.0/lib/scilab/libscicoverage.so.2024.1.0
7b48c2464000-7b48c2664000 ---p 00064000 103:07 57949294                  /home/bgodfrey/CASPER/Scilab/scilab-2024.1.0/lib/scilab/libscicoverage.so.2024.1.0
7b48c2664000-7b48c2666000 r--p 00064000 103:07 57949294                  /home/bgodfrey/CASPER/Scilab/scilab-2024.1.0/lib/scilab/libscicoverage.so.2024.1.0
7b48c2666000-7b48c2667000 rw-p 00066000 103:07 57949294                  /home/bgodfrey/CASPER/Scilab/scilab-2024.1.0/lib/scilab/libscicoverage.so.2024.1.0
7b48c2667000-7b48c2678000 rw-p 0020b000 103:07 57949294                  /home/bgodfrey/CASPER/Scilab/scilab-2024.1.0/lib/scilab/libscicoverage.so.2024.1.0
7b48c2700000-7b48c2704000 ---p 00000000 00:00 0 
7b48c2704000-7b48c2800000 rw-p 00000000 00:00 0 
7b48c2800000-7b48c28cd000 r-xp 00000000 103:07 57949290                  /home/bgodfrey/CASPER/Scilab/scilab-2024.1.0/lib/scilab/libscislint.so.2024.1.0
7b48c28cd000-7b48c2acd000 ---p 000cd000 103:07 57949290                  /home/bgodfrey/CASPER/Scilab/scilab-2024.1.0/lib/scilab/libscislint.so.2024.1.0
7b48c2acd000-7b48c2ad0000 r--p 000cd000 103:07 57949290                  /home/bgodfrey/CASPER/Scilab/scilab-2024.1.0/lib/scilab/libscislint.so.2024.1.0
7b48c2ad0000-7b48c2ad2000 rw-p 000d0000 103:07 57949290                  /home/bgodfrey/CASPER/Scilab/scilab-2024.1.0/lib/scilab/libscislint.so.2024.1.0
7b48c2ad2000-7b48c2afd000 rw-p 004f5000 103:07 57949290                  /home/bgodfrey/CASPER/Scilab/scilab-2024.1.0/lib/scilab/libscislint.so.2024.1.0
7b48c2b00000-7b48c2b04000 ---p 00000000 00:00 0 
7b48c2b04000-7b48c2c00000 rw-p 00000000 00:00 0 
7b48c2c00000-7b48c2c2c000 r-xp 00000000 103:07 57949286                  /home/bgodfrey/CASPER/Scilab/scilab-2024.1.0/lib/scilab/libsciexternal_objects.so.2024.1.0
7b48c2c2c000-7b48c2e2c000 ---p 0002c000 103:07 57949286                  /home/bgodfrey/CASPER/Scilab/scilab-2024.1.0/lib/scilab/libsciexternal_objects.so.2024.1.0
7b48c2e2c000-7b48c2e2d000 r--p 0002c000 103:07 57949286                  /home/bgodfrey/CASPER/Scilab/scilab-2024.1.0/lib/scilab/libsciexternal_objects.so.2024.1.0
7b48c2e2d000-7b48c2e2e000 rw-p 0002d000 103:07 57949286                  /home/bgodfrey/CASPER/Scilab/scilab-2024.1.0/lib/scilab/libsciexternal_objects.so.2024.1.0
7b48c2e2e000-7b48c2e35000 rw-p 000e3000 103:07 57949286                  /home/bgodfrey/CASPER/Scilab/scilab-2024.1.0/lib/scilab/libsciexternal_objects.so.2024.1.0
7b48c2f00000-7b48c2f04000 ---p 00000000 00:00 0 
7b48c2f04000-7b48c3000000 rw-p 00000000 00:00 0 
7b48c3000000-7b48c3037000 r-xp 00000000 103:07 57949282                  /home/bgodfrey/CASPER/Scilab/scilab-2024.1.0/lib/scilab/libscixml.so.2024.1.0
7b48c3037000-7b48c3237000 ---p 00037000 103:07 57949282                  /home/bgodfrey/CASPER/Scilab/scilab-2024.1.0/lib/scilab/libscixml.so.2024.1.0
7b48c3237000-7b48c3238000 r--p 00037000 103:07 57949282                  /home/bgodfrey/CASPER/Scilab/scilab-2024.1.0/lib/scilab/libscixml.so.2024.1.0
7b48c3238000-7b48c3239000 rw-p 00038000 103:07 57949282                  /home/bgodfrey/CASPER/Scilab/scilab-2024.1.0/lib/scilab/libscixml.so.2024.1.0
7b48c3239000-7b48c3242000 rw-p 000c7000 103:07 57949282                  /home/bgodfrey/CASPER/Scilab/scilab-2024.1.0/lib/scilab/libscixml.so.2024.1.0
7b48c3300000-7b48c3304000 ---p 00000000 00:00 0 
7b48c3304000-7b48c3400000 rw-p 00000000 00:00 0 
7b48c3400000-7b48c341b000 r-xp 00000000 103:07 57949078                  /home/bgodfrey/CASPER/Scilab/scilab-2024.1.0/lib/scilab/libscifunctions_manager.so.2024.1.0
7b48c341b000-7b48c361b000 ---p 0001b000 103:07 57949078                  /home/bgodfrey/CASPER/Scilab/scilab-2024.1.0/lib/scilab/libscifunctions_manager.so.2024.1.0
7b48c361b000-7b48c361c000 r--p 0001b000 103:07 57949078                  /home/bgodfrey/CASPER/Scilab/scilab-2024.1.0/lib/scilab/libscifunctions_manager.so.2024.1.0
7b48c361c000-7b48c361d000 rw-p 0001c000 103:07 57949078                  /home/bgodfrey/CASPER/Scilab/scilab-2024.1.0/lib/scilab/libscifunctions_manager.so.2024.1.0
7b48c361d000-7b48c3622000 rw-p 00080000 103:07 57949078                  /home/bgodfrey/CASPER/Scilab/scilab-2024.1.0/lib/scilab/libscifunctions_manager.so.2024.1.0
7b48c367e000-7b48c36fe000 rw-s 00000000 00:01 16515119                   /SYSV00000000 (deleted)
7b48c36fe000-7b48c36ff000 ---p 00000000 00:00 0 
7b48c36ff000-7b48c3800000 rw-p 00000000 00:00 0 
7b48c3800000-7b48c3ddc000 r-xp 00000000 103:07 57949242                  /home/bgodfrey/CASPER/Scilab/scilab-2024.1.0/lib/scilab/libsciast.so.2024.1.0
7b48c3ddc000-7b48c3fdc000 ---p 005dc000 103:07 57949242                  /home/bgodfrey/CASPER/Scilab/scilab-2024.1.0/lib/scilab/libsciast.so.2024.1.0
7b48c3fdc000-7b48c3ff8000 r--p 005dc000 103:07 57949242                  /home/bgodfrey/CASPER/Scilab/scilab-2024.1.0/lib/scilab/libsciast.so.2024.1.0
7b48c3ff8000-7b48c3ffc000 rw-p 005f8000 103:07 57949242                  /home/bgodfrey/CASPER/Scilab/scilab-2024.1.0/lib/scilab/libsciast.so.2024.1.0
7b48c3ffc000-7b48c4038000 rw-p 00000000 00:00 0 
7b48c4038000-7b48c40d8000 rw-p 015d2000 103:07 57949242                  /home/bgodfrey/CASPER/Scilab/scilab-2024.1.0/lib/scilab/libsciast.so.2024.1.0
7b48c40fe000-7b48c40ff000 ---p 00000000 00:00 0 
7b48c40ff000-7b48c4200000 rw-p 00000000 00:00 0 
7b48c4200000-7b48c421d000 r-xp 00000000 103:07 57949122                  /home/bgodfrey/CASPER/Scilab/scilab-2024.1.0/lib/scilab/libscistatistics.so.2024.1.0
7b48c421d000-7b48c441c000 ---p 0001d000 103:07 57949122                  /home/bgodfrey/CASPER/Scilab/scilab-2024.1.0/lib/scilab/libscistatistics.so.2024.1.0
7b48c441c000-7b48c441d000 r--p 0001c000 103:07 57949122                  /home/bgodfrey/CASPER/Scilab/scilab-2024.1.0/lib/scilab/libscistatistics.so.2024.1.0
7b48c441d000-7b48c441e000 rw-p 0001d000 103:07 57949122                  /home/bgodfrey/CASPER/Scilab/scilab-2024.1.0/lib/scilab/libscistatistics.so.2024.1.0
7b48c441e000-7b48c441f000 rw-p 00041000 103:07 57949122                  /home/bgodfrey/CASPER/Scilab/scilab-2024.1.0/lib/scilab/libscistatistics.so.2024.1.0
7b48c44fe000-7b48c44ff000 ---p 00000000 00:00 0 
7b48c44ff000-7b48c4600000 rw-p 00000000 00:00 0 
7b48c4600000-7b48c46fc000 r-xp 00000000 103:07 57949369                  /home/bgodfrey/CASPER/Scilab/scilab-2024.1.0/lib/thirdparty/libfftw3.so.3.3.2
7b48c46fc000-7b48c48fb000 ---p 000fc000 103:07 57949369                  /home/bgodfrey/CASPER/Scilab/scilab-2024.1.0/lib/thirdparty/libfftw3.so.3.3.2
7b48c48fb000-7b48c4902000 r--p 000fb000 103:07 57949369                  /home/bgodfrey/CASPER/Scilab/scilab-2024.1.0/lib/thirdparty/libfftw3.so.3.3.2
7b48c4902000-7b48c4903000 rw-p 00102000 103:07 57949369                  /home/bgodfrey/CASPER/Scilab/scilab-2024.1.0/lib/thirdparty/libfftw3.so.3.3.2
7b48c491e000-7b48c4920000 r--p 00000000 103:07 57952148                  /home/bgodfrey/CASPER/Scilab/scilab-2024.1.0/thirdparty/java/lib/libjavajpeg.so
7b48c4920000-7b48c494d000 r-xp 00002000 103:07 57952148                  /home/bgodfrey/CASPER/Scilab/scilab-2024.1.0/thirdparty/java/lib/libjavajpeg.so
7b48c494d000-7b48c4954000 r--p 0002f000 103:07 57952148                  /home/bgodfrey/CASPER/Scilab/scilab-2024.1.0/thirdparty/java/lib/libjavajpeg.so
7b48c4954000-7b48c4955000 r--p 00035000 103:07 57952148                  /home/bgodfrey/CASPER/Scilab/scilab-2024.1.0/thirdparty/java/lib/libjavajpeg.so
7b48c4955000-7b48c4956000 rw-p 00036000 103:07 57952148                  /home/bgodfrey/CASPER/Scilab/scilab-2024.1.0/thirdparty/java/lib/libjavajpeg.so
7b48c497d000-7b48c498d000 r--p 00000000 103:07 39977450                  /usr/lib/x86_64-linux-gnu/libibus-1.0.so.5.0.529
7b48c498d000-7b48c49c5000 r-xp 00010000 103:07 39977450                  /usr/lib/x86_64-linux-gnu/libibus-1.0.so.5.0.529
7b48c49c5000-7b48c49fd000 r--p 00048000 103:07 39977450                  /usr/lib/x86_64-linux-gnu/libibus-1.0.so.5.0.529
7b48c49fd000-7b48c49ff000 r--p 00080000 103:07 39977450                  /usr/lib/x86_64-linux-gnu/libibus-1.0.so.5.0.529
7b48c49ff000-7b48c4a00000 rw-p 00082000 103:07 39977450                  /usr/lib/x86_64-linux-gnu/libibus-1.0.so.5.0.529
7b48c4a00000-7b48c4a1f000 r-xp 00000000 103:07 57949376                  /home/bgodfrey/CASPER/Scilab/scilab-2024.1.0/lib/thirdparty/libhdf5_hl.so.100.1.7
7b48c4a1f000-7b48c4c1e000 ---p 0001f000 103:07 57949376                  /home/bgodfrey/CASPER/Scilab/scilab-2024.1.0/lib/thirdparty/libhdf5_hl.so.100.1.7
7b48c4c1e000-7b48c4c1f000 r--p 0001e000 103:07 57949376                  /home/bgodfrey/CASPER/Scilab/scilab-2024.1.0/lib/thirdparty/libhdf5_hl.so.100.1.7
7b48c4c1f000-7b48c4c20000 rw-p 0001f000 103:07 57949376                  /home/bgodfrey/CASPER/Scilab/scilab-2024.1.0/lib/thirdparty/libhdf5_hl.so.100.1.7
7b48c4c20000-7b48c4c21000 rw-p 00000000 00:00 0 
7b48c4c4b000-7b48c4cff000 r--p 00000000 103:07 43128716                  /usr/share/themes/Yaru-dark/gtk-3.0/gtk.gresource
7b48c4cff000-7b48c4e00000 rw-p 00000000 00:00 0 
7b48c4e00000-7b48c518c000 r-xp 00000000 103:07 57949379                  /home/bgodfrey/CASPER/Scilab/scilab-2024.1.0/lib/thirdparty/libhdf5.so.103.4.0
7b48c518c000-7b48c538c000 ---p 0038c000 103:07 57949379                  /home/bgodfrey/CASPER/Scilab/scilab-2024.1.0/lib/thirdparty/libhdf5.so.103.4.0
7b48c538c000-7b48c5396000 r--p 0038c000 103:07 57949379                  /home/bgodfrey/CASPER/Scilab/scilab-2024.1.0/lib/thirdparty/libhdf5.so.103.4.0
7b48c5396000-7b48c539f000 rw-p 00396000 103:07 57949379                  /home/bgodfrey/CASPER/Scilab/scilab-2024.1.0/lib/thirdparty/libhdf5.so.103.4.0
7b48c539f000-7b48c53a1000 rw-p 00000000 00:00 0 
7b48c53b0000-7b48c5400000 r--p 00000000 103:07 42081383                  /usr/share/icons/Humanity/icon-theme.cache
7b48c5400000-7b48c555a000 r-xp 00000000 103:07 57949118                  /home/bgodfrey/CASPER/Scilab/scilab-2024.1.0/lib/scilab/libscihdf5.so.2024.1.0
7b48c555a000-7b48c575a000 ---p 0015a000 103:07 57949118                  /home/bgodfrey/CASPER/Scilab/scilab-2024.1.0/lib/scilab/libscihdf5.so.2024.1.0
7b48c575a000-7b48c5769000 r--p 0015a000 103:07 57949118                  /home/bgodfrey/CASPER/Scilab/scilab-2024.1.0/lib/scilab/libscihdf5.so.2024.1.0
7b48c5769000-7b48c576b000 rw-p 00169000 103:07 57949118                  /home/bgodfrey/CASPER/Scilab/scilab-2024.1.0/lib/scilab/libscihdf5.so.2024.1.0
7b48c576b000-7b48c576c000 rw-p 00000000 00:00 0 
7b48c576c000-7b48c5792000 rw-p 00581000 103:07 57949118                  /home/bgodfrey/CASPER/Scilab/scilab-2024.1.0/lib/scilab/libscihdf5.so.2024.1.0
7b48c5793000-7b48c5795000 r--p 00000000 103:07 57952131                  /home/bgodfrey/CASPER/Scilab/scilab-2024.1.0/thirdparty/java/lib/libmanagement_ext.so
7b48c5795000-7b48c5798000 r-xp 00002000 103:07 57952131                  /home/bgodfrey/CASPER/Scilab/scilab-2024.1.0/thirdparty/java/lib/libmanagement_ext.so
7b48c5798000-7b48c5799000 r--p 00005000 103:07 57952131                  /home/bgodfrey/CASPER/Scilab/scilab-2024.1.0/thirdparty/java/lib/libmanagement_ext.so
7b48c5799000-7b48c579a000 ---p 00006000 103:07 57952131                  /home/bgodfrey/CASPER/Scilab/scilab-2024.1.0/thirdparty/java/lib/libmanagement_ext.so
7b48c579a000-7b48c579b000 r--p 00006000 103:07 57952131                  /home/bgodfrey/CASPER/Scilab/scilab-2024.1.0/thirdparty/java/lib/libmanagement_ext.so
7b48c579b000-7b48c579c000 rw-p 00007000 103:07 57952131                  /home/bgodfrey/CASPER/Scilab/scilab-2024.1.0/thirdparty/java/lib/libmanagement_ext.so
7b48c579c000-7b48c57c8000 r--s 00000000 103:07 40897687                  /usr/share/mime/mime.cache
7b48c57c8000-7b48c57d2000 r--p 00000000 103:07 42091125                  /usr/share/icons/Adwaita/icon-theme.cache
7b48c57d2000-7b48c5800000 r--p 00000000 103:07 42089626                  /usr/share/icons/Yaru/icon-theme.cache
7b48c5800000-7b48c5802000 r-xp 00000000 103:07 57949402                  /home/bgodfrey/CASPER/Scilab/scilab-2024.1.0/lib/thirdparty/libpcreposix.so.0.0.3
7b48c5802000-7b48c5a01000 ---p 00002000 103:07 57949402                  /home/bgodfrey/CASPER/Scilab/scilab-2024.1.0/lib/thirdparty/libpcreposix.so.0.0.3
7b48c5a01000-7b48c5a02000 r--p 00001000 103:07 57949402                  /home/bgodfrey/CASPER/Scilab/scilab-2024.1.0/lib/thirdparty/libpcreposix.so.0.0.3
7b48c5a02000-7b48c5a03000 rw-p 00002000 103:07 57949402                  /home/bgodfrey/CASPER/Scilab/scilab-2024.1.0/lib/thirdparty/libpcreposix.so.0.0.3
7b48c5a04000-7b48c5a2e000 r--p 00000000 103:07 39977038                  /usr/lib/x86_64-linux-gnu/libgdk-3.so.0.2409.32
7b48c5a2e000-7b48c5ab2000 r-xp 0002a000 103:07 39977038                  /usr/lib/x86_64-linux-gnu/libgdk-3.so.0.2409.32
7b48c5ab2000-7b48c5af4000 r--p 000ae000 103:07 39977038                  /usr/lib/x86_64-linux-gnu/libgdk-3.so.0.2409.32
7b48c5af4000-7b48c5afd000 r--p 000ef000 103:07 39977038                  /usr/lib/x86_64-linux-gnu/libgdk-3.so.0.2409.32
7b48c5afd000-7b48c5aff000 rw-p 000f8000 103:07 39977038                  /usr/lib/x86_64-linux-gnu/libgdk-3.so.0.2409.32
7b48c5aff000-7b48c5c00000 rw-p 00000000 00:00 0 
7b48c5c00000-7b48c5c43000 r-xp 00000000 103:07 57949405                  /home/bgodfrey/CASPER/Scilab/scilab-2024.1.0/lib/thirdparty/libpcre.so.1.2.6
7b48c5c43000-7b48c5e42000 ---p 00043000 103:07 57949405                  /home/bgodfrey/CASPER/Scilab/scilab-2024.1.0/lib/thirdparty/libpcre.so.1.2.6
7b48c5e42000-7b48c5e43000 r--p 00042000 103:07 57949405                  /home/bgodfrey/CASPER/Scilab/scilab-2024.1.0/lib/thirdparty/libpcre.so.1.2.6
7b48c5e43000-7b48c5e44000 rw-p 00043000 103:07 57949405                  /home/bgodfrey/CASPER/Scilab/scilab-2024.1.0/lib/thirdparty/libpcre.so.1.2.6
7b48c5e48000-7b48c5e49000 r--p 00000000 103:07 40763616                  /usr/lib/x86_64-linux-gnu/gdk-pixbuf-2.0/2.10.0/loaders/libpixbufloader-svg.so
7b48c5e49000-7b48c5e4a000 r-xp 00001000 103:07 40763616                  /usr/lib/x86_64-linux-gnu/gdk-pixbuf-2.0/2.10.0/loaders/libpixbufloader-svg.so
7b48c5e4a000-7b48c5e4b000 r--p 00002000 103:07 40763616                  /usr/lib/x86_64-linux-gnu/gdk-pixbuf-2.0/2.10.0/loaders/libpixbufloader-svg.so
7b48c5e4b000-7b48c5e4c000 r--p 00002000 103:07 40763616                  /usr/lib/x86_64-linux-gnu/gdk-pixbuf-2.0/2.10.0/loaders/libpixbufloader-svg.so
7b48c5e4c000-7b48c5e4d000 rw-p 00003000 103:07 40763616                  /usr/lib/x86_64-linux-gnu/gdk-pixbuf-2.0/2.10.0/loaders/libpixbufloader-svg.so
7b48c5e4d000-7b48c5ea1000 r--p 00000000 103:07 41552782                  /usr/share/fonts/truetype/dejavu/DejaVuSansMono.ttf
7b48c5ea1000-7b48c5eff000 r--s 00000000 103:07 32792112                  /var/cache/fontconfig/2300eef321c393bfd76478a5c0e95b23-le64.cache-9
7b48c5eff000-7b48c6000000 rw-p 00000000 00:00 0 
7b48c6000000-7b48c6012000 r-xp 00000000 103:07 57949114                  /home/bgodfrey/CASPER/Scilab/scilab-2024.1.0/lib/scilab/libscihistory_manager.so.2024.1.0
7b48c6012000-7b48c6212000 ---p 00012000 103:07 57949114                  /home/bgodfrey/CASPER/Scilab/scilab-2024.1.0/lib/scilab/libscihistory_manager.so.2024.1.0
7b48c6212000-7b48c6213000 r--p 00012000 103:07 57949114                  /home/bgodfrey/CASPER/Scilab/scilab-2024.1.0/lib/scilab/libscihistory_manager.so.2024.1.0
7b48c6213000-7b48c6214000 rw-p 00013000 103:07 57949114                  /home/bgodfrey/CASPER/Scilab/scilab-2024.1.0/lib/scilab/libscihistory_manager.so.2024.1.0
7b48c6214000-7b48c6217000 rw-p 00056000 103:07 57949114                  /home/bgodfrey/CASPER/Scilab/scilab-2024.1.0/lib/scilab/libscihistory_manager.so.2024.1.0
7b48c621e000-7b48c621f000 rw-p 00000000 00:00 0 
7b48c621f000-7b48c6222000 r--p 00000000 103:07 57952124                  /home/bgodfrey/CASPER/Scilab/scilab-2024.1.0/thirdparty/java/lib/libmanagement.so
7b48c6222000-7b48c6223000 r-xp 00003000 103:07 57952124                  /home/bgodfrey/CASPER/Scilab/scilab-2024.1.0/thirdparty/java/lib/libmanagement.so
7b48c6223000-7b48c6224000 r--p 00004000 103:07 57952124                  /home/bgodfrey/CASPER/Scilab/scilab-2024.1.0/thirdparty/java/lib/libmanagement.so
7b48c6224000-7b48c6225000 r--p 00004000 103:07 57952124                  /home/bgodfrey/CASPER/Scilab/scilab-2024.1.0/thirdparty/java/lib/libmanagement.so
7b48c6225000-7b48c6226000 rw-p 00005000 103:07 57952124                  /home/bgodfrey/CASPER/Scilab/scilab-2024.1.0/thirdparty/java/lib/libmanagement.so
7b48c6226000-7b48c622f000 r--p 00000000 103:07 42103792                  /usr/share/icons/hicolor/icon-theme.cache
7b48c622f000-7b48c6230000 r--p 00000000 103:07 57952155                  /home/bgodfrey/CASPER/Scilab/scilab-2024.1.0/thirdparty/java/lib/libextnet.so
7b48c6230000-7b48c6231000 r-xp 00001000 103:07 57952155                  /home/bgodfrey/CASPER/Scilab/scilab-2024.1.0/thirdparty/java/lib/libextnet.so
7b48c6231000-7b48c6232000 r--p 00002000 103:07 57952155                  /home/bgodfrey/CASPER/Scilab/scilab-2024.1.0/thirdparty/java/lib/libextnet.so
7b48c6232000-7b48c6233000 r--p 00002000 103:07 57952155                  /home/bgodfrey/CASPER/Scilab/scilab-2024.1.0/thirdparty/java/lib/libextnet.so
7b48c6233000-7b48c6234000 rw-p 00003000 103:07 57952155                  /home/bgodfrey/CASPER/Scilab/scilab-2024.1.0/thirdparty/java/lib/libextnet.so
7b48c6234000-7b48c6235000 r--p 00000000 103:07 39980246                  /usr/lib/x86_64-linux-gnu/libnss_mdns4_minimal.so.2
7b48c6235000-7b48c6237000 r-xp 00001000 103:07 39980246                  /usr/lib/x86_64-linux-gnu/libnss_mdns4_minimal.so.2
7b48c6237000-7b48c6238000 r--p 00003000 103:07 39980246                  /usr/lib/x86_64-linux-gnu/libnss_mdns4_minimal.so.2
7b48c6238000-7b48c6239000 r--p 00003000 103:07 39980246                  /usr/lib/x86_64-linux-gnu/libnss_mdns4_minimal.so.2
7b48c6239000-7b48c623a000 rw-p 00004000 103:07 39980246                  /usr/lib/x86_64-linux-gnu/libnss_mdns4_minimal.so.2
7b48c623a000-7b48c623d000 r--p 00000000 103:07 40763591                  /usr/lib/x86_64-linux-gnu/gtk-3.0/3.0.0/immodules/im-ibus.so
7b48c623d000-7b48c6241000 r-xp 00003000 103:07 40763591                  /usr/lib/x86_64-linux-gnu/gtk-3.0/3.0.0/immodules/im-ibus.so
7b48c6241000-7b48c6243000 r--p 00007000 103:07 40763591                  /usr/lib/x86_64-linux-gnu/gtk-3.0/3.0.0/immodules/im-ibus.so
7b48c6243000-7b48c6244000 r--p 00008000 103:07 40763591                  /usr/lib/x86_64-linux-gnu/gtk-3.0/3.0.0/immodules/im-ibus.so
7b48c6244000-7b48c6245000 rw-p 00009000 103:07 40763591                  /usr/lib/x86_64-linux-gnu/gtk-3.0/3.0.0/immodules/im-ibus.so
7b48c6245000-7b48c6253000 r--s 00000000 103:07 32792114                  /var/cache/fontconfig/a4e60e8d1e10d2fdff3fe3037a1845fb-le64.cache-9
7b48c6253000-7b48c6258000 r--s 00000000 103:07 32772875                  /var/cache/fontconfig/6aa41aa22e18b8fa06a12da28ea9c28b-le64.cache-9
7b48c6258000-7b48c6261000 r--s 00000000 103:07 32792108                  /var/cache/fontconfig/2151c34eae6ab8b65f2db52eba5f75d1-le64.cache-9
7b48c6261000-7b48c6263000 r--s 00000000 103:07 32792106                  /var/cache/fontconfig/14a5e22175779b556eaa434240950366-le64.cache-9
7b48c6263000-7b48c626b000 r--s 00000000 103:07 32792083                  /var/cache/fontconfig/3047814df9a2f067bd2d96a2b9c36e5a-le64.cache-9
7b48c626b000-7b48c6274000 r--s 00000000 103:07 32792082                  /var/cache/fontconfig/bf3b770c553c462765856025a94f1ce6-le64.cache-9
7b48c6274000-7b48c628b000 r--s 00000000 103:07 32792079                  /var/cache/fontconfig/d52a8644073d54c13679302ca1180695-le64.cache-9
7b48c628b000-7b48c6298000 r--s 00000000 103:07 32776611                  /var/cache/fontconfig/d589a48862398ed80a3d6066f4f56f4c-le64.cache-9
7b48c6298000-7b48c62a8000 r--s 00000000 103:07 32792042                  /var/cache/fontconfig/6cc790b63b123a6a96ee260fcdad32a9-le64.cache-9
7b48c62a8000-7b48c62b9000 r--s 00000000 103:07 32792040                  /var/cache/fontconfig/9b89f8e3dae116d678bbf48e5f21f69b-le64.cache-9
7b48c62b9000-7b48c62c4000 r--s 00000000 103:07 32792039                  /var/cache/fontconfig/d0972c3d32f097851eb916381fc38920-le64.cache-9
7b48c62c4000-7b48c62f0000 r--s 00000000 103:07 32771593                  /var/cache/fontconfig/e13b20fdb08344e0e664864cc2ede53d-le64.cache-9
7b48c62f0000-7b48c62ff000 r--s 00000000 103:07 32792118                  /var/cache/fontconfig/8f02d4cb045bd6ce15663e43f347c9f8-le64.cache-9
7b48c62ff000-7b48c6400000 rw-p 00000000 00:00 0 
7b48c6400000-7b48c6413000 r-xp 00000000 103:07 57949110                  /home/bgodfrey/CASPER/Scilab/scilab-2024.1.0/lib/scilab/libscicompletion.so.2024.1.0
7b48c6413000-7b48c6613000 ---p 00013000 103:07 57949110                  /home/bgodfrey/CASPER/Scilab/scilab-2024.1.0/lib/scilab/libscicompletion.so.2024.1.0
7b48c6613000-7b48c6614000 r--p 00013000 103:07 57949110                  /home/bgodfrey/CASPER/Scilab/scilab-2024.1.0/lib/scilab/libscicompletion.so.2024.1.0
7b48c6614000-7b48c6615000 rw-p 00014000 103:07 57949110                  /home/bgodfrey/CASPER/Scilab/scilab-2024.1.0/lib/scilab/libscicompletion.so.2024.1.0
7b48c6615000-7b48c6619000 rw-p 00060000 103:07 57949110                  /home/bgodfrey/CASPER/Scilab/scilab-2024.1.0/lib/scilab/libscicompletion.so.2024.1.0
7b48c6619000-7b48c661a000 r--s 00000000 103:07 57159002                  /home/bgodfrey/.local/share/mime/mime.cache
7b48c661a000-7b48c661f000 r--s 00000000 103:07 32792101                  /var/cache/fontconfig/def309198bfa603429122923fa2bb2d4-le64.cache-9
7b48c661f000-7b48c6622000 r--p 00000000 103:07 39980611                  /usr/lib/x86_64-linux-gnu/libvorbis.so.0.4.9
7b48c6622000-7b48c663a000 r-xp 00003000 103:07 39980611                  /usr/lib/x86_64-linux-gnu/libvorbis.so.0.4.9
7b48c663a000-7b48c664b000 r--p 0001b000 103:07 39980611                  /usr/lib/x86_64-linux-gnu/libvorbis.so.0.4.9
7b48c664b000-7b48c664c000 r--p 0002b000 103:07 39980611                  /usr/lib/x86_64-linux-gnu/libvorbis.so.0.4.9
7b48c664c000-7b48c664d000 rw-p 0002c000 103:07 39980611                  /usr/lib/x86_64-linux-gnu/libvorbis.so.0.4.9
7b48c664d000-7b48c6651000 r--p 00000000 103:07 39984847                  /usr/lib/x86_64-linux-gnu/libtdb.so.1.4.10
7b48c6651000-7b48c665f000 r-xp 00004000 103:07 39984847                  /usr/lib/x86_64-linux-gnu/libtdb.so.1.4.10
7b48c665f000-7b48c6664000 r--p 00012000 103:07 39984847                  /usr/lib/x86_64-linux-gnu/libtdb.so.1.4.10
7b48c6664000-7b48c6665000 r--p 00016000 103:07 39984847                  /usr/lib/x86_64-linux-gnu/libtdb.so.1.4.10
7b48c6665000-7b48c6666000 rw-p 00017000 103:07 39984847                  /usr/lib/x86_64-linux-gnu/libtdb.so.1.4.10
7b48c6666000-7b48c668b000 r--s 00000000 103:07 32770747                  /var/cache/fontconfig/467c019e582ee353435ea5c21d137ef6-le64.cache-9
7b48c668b000-7b48c669d000 r--p 00000000 103:07 40632959                  /usr/lib/x86_64-linux-gnu/gvfs/libgvfscommon.so
7b48c669d000-7b48c66b9000 r-xp 00012000 103:07 40632959                  /usr/lib/x86_64-linux-gnu/gvfs/libgvfscommon.so
7b48c66b9000-7b48c66c5000 r--p 0002e000 103:07 40632959                  /usr/lib/x86_64-linux-gnu/gvfs/libgvfscommon.so
7b48c66c5000-7b48c66cb000 r--p 00039000 103:07 40632959                  /usr/lib/x86_64-linux-gnu/gvfs/libgvfscommon.so
7b48c66cb000-7b48c66cc000 rw-p 0003f000 103:07 40632959                  /usr/lib/x86_64-linux-gnu/gvfs/libgvfscommon.so
7b48c66cc000-7b48c66d6000 r--p 00000000 103:07 40763607                  /usr/lib/x86_64-linux-gnu/gio/modules/libgvfsdbus.so
7b48c66d6000-7b48c66f4000 r-xp 0000a000 103:07 40763607                  /usr/lib/x86_64-linux-gnu/gio/modules/libgvfsdbus.so
7b48c66f4000-7b48c66fc000 r--p 00028000 103:07 40763607                  /usr/lib/x86_64-linux-gnu/gio/modules/libgvfsdbus.so
7b48c66fc000-7b48c66fe000 r--p 00030000 103:07 40763607                  /usr/lib/x86_64-linux-gnu/gio/modules/libgvfsdbus.so
7b48c66fe000-7b48c66ff000 rw-p 00032000 103:07 40763607                  /usr/lib/x86_64-linux-gnu/gio/modules/libgvfsdbus.so
7b48c66ff000-7b48c6800000 rw-p 00000000 00:00 0 
7b48c6800000-7b48c681e000 r-xp 00000000 103:07 57949106                  /home/bgodfrey/CASPER/Scilab/scilab-2024.1.0/lib/scilab/libscispecial_functions.so.2024.1.0
7b48c681e000-7b48c6a1e000 ---p 0001e000 103:07 57949106                  /home/bgodfrey/CASPER/Scilab/scilab-2024.1.0/lib/scilab/libscispecial_functions.so.2024.1.0
7b48c6a1e000-7b48c6a1f000 r--p 0001e000 103:07 57949106                  /home/bgodfrey/CASPER/Scilab/scilab-2024.1.0/lib/scilab/libscispecial_functions.so.2024.1.0
7b48c6a1f000-7b48c6a20000 rw-p 0001f000 103:07 57949106                  /home/bgodfrey/CASPER/Scilab/scilab-2024.1.0/lib/scilab/libscispecial_functions.so.2024.1.0
7b48c6a20000-7b48c6a21000 rw-p 00045000 103:07 57949106                  /home/bgodfrey/CASPER/Scilab/scilab-2024.1.0/lib/scilab/libscispecial_functions.so.2024.1.0
7b48c6a21000-7b48c6a26000 r--s 00000000 103:07 32792100                  /var/cache/fontconfig/c57959a16110560c8d0fcea73374aeeb-le64.cache-9
7b48c6a26000-7b48c6ada000 r--p 00000000 103:07 43128716                  /usr/share/themes/Yaru-dark/gtk-3.0/gtk.gresource
7b48c6ada000-7b48c6ade000 r--p 00000000 103:07 39980584                  /usr/lib/x86_64-linux-gnu/libgpg-error.so.0.34.0
7b48c6ade000-7b48c6af4000 r-xp 00004000 103:07 39980584                  /usr/lib/x86_64-linux-gnu/libgpg-error.so.0.34.0
7b48c6af4000-7b48c6afd000 r--p 0001a000 103:07 39980584                  /usr/lib/x86_64-linux-gnu/libgpg-error.so.0.34.0
7b48c6afd000-7b48c6afe000 r--p 00023000 103:07 39980584                  /usr/lib/x86_64-linux-gnu/libgpg-error.so.0.34.0
7b48c6afe000-7b48c6aff000 rw-p 00024000 103:07 39980584                  /usr/lib/x86_64-linux-gnu/libgpg-error.so.0.34.0
7b48c6aff000-7b48c6c00000 rw-p 00000000 00:00 0 
7b48c6c00000-7b48c6c12000 r-xp 00000000 103:07 57949102                  /home/bgodfrey/CASPER/Scilab/scilab-2024.1.0/lib/scilab/libscilocalization.so.2024.1.0
7b48c6c12000-7b48c6e11000 ---p 00012000 103:07 57949102                  /home/bgodfrey/CASPER/Scilab/scilab-2024.1.0/lib/scilab/libscilocalization.so.2024.1.0
7b48c6e11000-7b48c6e13000 r--p 00011000 103:07 57949102                  /home/bgodfrey/CASPER/Scilab/scilab-2024.1.0/lib/scilab/libscilocalization.so.2024.1.0
7b48c6e13000-7b48c6e14000 rw-p 00013000 103:07 57949102                  /home/bgodfrey/CASPER/Scilab/scilab-2024.1.0/lib/scilab/libscilocalization.so.2024.1.0
7b48c6e14000-7b48c6e16000 rw-p 0003c000 103:07 57949102                  /home/bgodfrey/CASPER/Scilab/scilab-2024.1.0/lib/scilab/libscilocalization.so.2024.1.0
7b48c6e16000-7b48c6e18000 r--s 00000000 103:07 32792104                  /var/cache/fontconfig/4f3e3037c9980c83b53a9351efadef62-le64.cache-9
7b48c6e18000-7b48c6e1f000 r--s 00000000 103:07 32792078                  /var/cache/fontconfig/7ab2eb8330e5664a2b0e875ad8d37ad9-le64.cache-9
7b48c6e1f000-7b48c6e35000 r--p 00000000 103:07 39980277                  /usr/lib/x86_64-linux-gnu/libsystemd.so.0.38.0
7b48c6e35000-7b48c6ec4000 r-xp 00016000 103:07 39980277                  /usr/lib/x86_64-linux-gnu/libsystemd.so.0.38.0
7b48c6ec4000-7b48c6ef2000 r--p 000a5000 103:07 39980277                  /usr/lib/x86_64-linux-gnu/libsystemd.so.0.38.0
7b48c6ef2000-7b48c6efd000 r--p 000d2000 103:07 39980277                  /usr/lib/x86_64-linux-gnu/libsystemd.so.0.38.0
7b48c6efd000-7b48c6efe000 rw-p 000dd000 103:07 39980277                  /usr/lib/x86_64-linux-gnu/libsystemd.so.0.38.0
7b48c6efe000-7b48c7000000 rw-p 00000000 00:00 0 
7b48c7000000-7b48c704c000 r-xp 00000000 103:07 57949357                  /home/bgodfrey/CASPER/Scilab/scilab-2024.1.0/lib/thirdparty/libarpack.so.2.0.0
7b48c704c000-7b48c724b000 ---p 0004c000 103:07 57949357                  /home/bgodfrey/CASPER/Scilab/scilab-2024.1.0/lib/thirdparty/libarpack.so.2.0.0
7b48c724b000-7b48c724c000 r--p 0004b000 103:07 57949357                  /home/bgodfrey/CASPER/Scilab/scilab-2024.1.0/lib/thirdparty/libarpack.so.2.0.0
7b48c724c000-7b48c724d000 rw-p 0004c000 103:07 57949357                  /home/bgodfrey/CASPER/Scilab/scilab-2024.1.0/lib/thirdparty/libarpack.so.2.0.0
7b48c724d000-7b48c724e000 r--s 00000000 103:07 32792105                  /var/cache/fontconfig/660208299946a285a940457d1287da33-le64.cache-9
7b48c724e000-7b48c724f000 r--s 00000000 103:07 32792099                  /var/cache/fontconfig/b872e6e592da6075ffa4ab0a1fcc0c75-le64.cache-9
7b48c724f000-7b48c7250000 r--s 00000000 103:07 32792098                  /var/cache/fontconfig/f6d4eedfaab2589bde49f7a3ff831d22-le64.cache-9
7b48c7250000-7b48c7251000 r--s 00000000 103:07 32792097                  /var/cache/fontconfig/589f83ef4c36d296ce6e1c846f468f08-le64.cache-9
7b48c7251000-7b48c7252000 r--s 00000000 103:07 32792096                  /var/cache/fontconfig/bab58bb527bb656aaa9f116d68a48d89-le64.cache-9
7b48c7252000-7b48c7253000 r--s 00000000 103:07 32792095                  /var/cache/fontconfig/2171a34dccabdb6bcbbc728186263178-le64.cache-9
7b48c7253000-7b48c7256000 r--p 00000000 103:07 39979818                  /usr/lib/x86_64-linux-gnu/liblz4.so.1.9.4
7b48c7256000-7b48c7271000 r-xp 00003000 103:07 39979818                  /usr/lib/x86_64-linux-gnu/liblz4.so.1.9.4
7b48c7271000-7b48c7273000 r--p 0001e000 103:07 39979818                  /usr/lib/x86_64-linux-gnu/liblz4.so.1.9.4
7b48c7273000-7b48c7274000 r--p 00020000 103:07 39979818                  /usr/lib/x86_64-linux-gnu/liblz4.so.1.9.4
7b48c7274000-7b48c7275000 rw-p 00021000 103:07 39979818                  /usr/lib/x86_64-linux-gnu/liblz4.so.1.9.4
7b48c7275000-7b48c727c000 r--p 00000000 103:07 39978445                  /usr/lib/x86_64-linux-gnu/libblkid.so.1.1.0
7b48c727c000-7b48c72a0000 r-xp 00007000 103:07 39978445                  /usr/lib/x86_64-linux-gnu/libblkid.so.1.1.0
7b48c72a0000-7b48c72a9000 r--p 0002b000 103:07 39978445                  /usr/lib/x86_64-linux-gnu/libblkid.so.1.1.0
7b48c72a9000-7b48c72af000 r--p 00033000 103:07 39978445                  /usr/lib/x86_64-linux-gnu/libblkid.so.1.1.0
7b48c72af000-7b48c72b0000 rw-p 00039000 103:07 39978445                  /usr/lib/x86_64-linux-gnu/libblkid.so.1.1.0
7b48c72b0000-7b48c72bc000 r--p 00000000 103:07 39977930                  /usr/lib/x86_64-linux-gnu/libdbus-1.so.3.32.4
7b48c72bc000-7b48c72ec000 r-xp 0000c000 103:07 39977930                  /usr/lib/x86_64-linux-gnu/libdbus-1.so.3.32.4
7b48c72ec000-7b48c72fd000 r--p 0003c000 103:07 39977930                  /usr/lib/x86_64-linux-gnu/libdbus-1.so.3.32.4
7b48c72fd000-7b48c72fe000 r--p 0004c000 103:07 39977930                  /usr/lib/x86_64-linux-gnu/libdbus-1.so.3.32.4
7b48c72fe000-7b48c72ff000 rw-p 0004d000 103:07 39977930                  /usr/lib/x86_64-linux-gnu/libdbus-1.so.3.32.4
7b48c72ff000-7b48c7400000 rw-p 00000000 00:00 0 
7b48c7400000-7b48c740c000 r-xp 00000000 103:07 57949074                  /home/bgodfrey/CASPER/Scilab/scilab-2024.1.0/lib/scilab/libsciarnoldi.so.2024.1.0
7b48c740c000-7b48c760b000 ---p 0000c000 103:07 57949074                  /home/bgodfrey/CASPER/Scilab/scilab-2024.1.0/lib/scilab/libsciarnoldi.so.2024.1.0
7b48c760b000-7b48c760c000 r--p 0000b000 103:07 57949074                  /home/bgodfrey/CASPER/Scilab/scilab-2024.1.0/lib/scilab/libsciarnoldi.so.2024.1.0
7b48c760c000-7b48c760d000 rw-p 0000c000 103:07 57949074                  /home/bgodfrey/CASPER/Scilab/scilab-2024.1.0/lib/scilab/libsciarnoldi.so.2024.1.0
7b48c760d000-7b48c760e000 rw-p 00024000 103:07 57949074                  /home/bgodfrey/CASPER/Scilab/scilab-2024.1.0/lib/scilab/libsciarnoldi.so.2024.1.0
7b48c760e000-7b48c7616000 r--s 00000000 103:07 32769410                  /var/cache/fontconfig/53d14c92082a93e67d5078324eb314ca-le64.cache-9
7b48c7616000-7b48c7626000 r--p 00000000 103:07 39979007                  /usr/lib/x86_64-linux-gnu/libatspi.so.0.0.1
7b48c7626000-7b48c763f000 r-xp 00010000 103:07 39979007                  /usr/lib/x86_64-linux-gnu/libatspi.so.0.0.1
7b48c763f000-7b48c764c000 r--p 00029000 103:07 39979007                  /usr/lib/x86_64-linux-gnu/libatspi.so.0.0.1
7b48c764c000-7b48c764f000 r--p 00036000 103:07 39979007                  /usr/lib/x86_64-linux-gnu/libatspi.so.0.0.1
7b48c764f000-7b48c7650000 rw-p 00039000 103:07 39979007                  /usr/lib/x86_64-linux-gnu/libatspi.so.0.0.1
7b48c7650000-7b48c765a000 r--p 00000000 103:07 39982778                  /usr/lib/x86_64-linux-gnu/libpixman-1.so.0.42.2
7b48c765a000-7b48c76e7000 r-xp 0000a000 103:07 39982778                  /usr/lib/x86_64-linux-gnu/libpixman-1.so.0.42.2
7b48c76e7000-7b48c76f6000 r--p 00097000 103:07 39982778                  /usr/lib/x86_64-linux-gnu/libpixman-1.so.0.42.2
7b48c76f6000-7b48c76fe000 r--p 000a5000 103:07 39982778                  /usr/lib/x86_64-linux-gnu/libpixman-1.so.0.42.2
7b48c76fe000-7b48c76ff000 rw-p 000ad000 103:07 39982778                  /usr/lib/x86_64-linux-gnu/libpixman-1.so.0.42.2
7b48c76ff000-7b48c7800000 rw-p 00000000 00:00 0 
7b48c7800000-7b48c7809000 r-xp 00000000 103:07 57949421                  /home/bgodfrey/CASPER/Scilab/scilab-2024.1.0/lib/thirdparty/libamd.so.2.4.1
7b48c7809000-7b48c7a08000 ---p 00009000 103:07 57949421                  /home/bgodfrey/CASPER/Scilab/scilab-2024.1.0/lib/thirdparty/libamd.so.2.4.1
7b48c7a08000-7b48c7a09000 r--p 00008000 103:07 57949421                  /home/bgodfrey/CASPER/Scilab/scilab-2024.1.0/lib/thirdparty/libamd.so.2.4.1
7b48c7a09000-7b48c7a0a000 rw-p 00009000 103:07 57949421                  /home/bgodfrey/CASPER/Scilab/scilab-2024.1.0/lib/thirdparty/libamd.so.2.4.1
7b48c7a0a000-7b48c7a0b000 r--s 00000000 103:07 32792094                  /var/cache/fontconfig/c5c45a61289222e0d30b1a26ef4effbe-le64.cache-9
7b48c7a0b000-7b48c7a0c000 r--s 00000000 103:07 32792093                  /var/cache/fontconfig/aec30016f93e1b46d1a973dce0d74068-le64.cache-9
7b48c7a0c000-7b48c7a0d000 r--s 00000000 103:07 32792089                  /var/cache/fontconfig/3f589640d34b7dc9042c8d453f7c8b9c-le64.cache-9
7b48c7a0d000-7b48c7a0f000 r--p 00000000 103:07 39981009                  /usr/lib/x86_64-linux-gnu/libogg.so.0.8.5
7b48c7a0f000-7b48c7a12000 r-xp 00002000 103:07 39981009                  /usr/lib/x86_64-linux-gnu/libogg.so.0.8.5
7b48c7a12000-7b48c7a15000 r--p 00005000 103:07 39981009                  /usr/lib/x86_64-linux-gnu/libogg.so.0.8.5
7b48c7a15000-7b48c7a16000 r--p 00007000 103:07 39981009                  /usr/lib/x86_64-linux-gnu/libogg.so.0.8.5
7b48c7a16000-7b48c7a17000 rw-p 00008000 103:07 39981009                  /usr/lib/x86_64-linux-gnu/libogg.so.0.8.5
7b48c7a17000-7b48c7a19000 r--p 00000000 103:07 39979849                  /usr/lib/x86_64-linux-gnu/libltdl.so.7.3.2
7b48c7a19000-7b48c7a1e000 r-xp 00002000 103:07 39979849                  /usr/lib/x86_64-linux-gnu/libltdl.so.7.3.2
7b48c7a1e000-7b48c7a20000 r--p 00007000 103:07 39979849                  /usr/lib/x86_64-linux-gnu/libltdl.so.7.3.2
7b48c7a20000-7b48c7a21000 r--p 00008000 103:07 39979849                  /usr/lib/x86_64-linux-gnu/libltdl.so.7.3.2
7b48c7a21000-7b48c7a22000 rw-p 00009000 103:07 39979849                  /usr/lib/x86_64-linux-gnu/libltdl.so.7.3.2
7b48c7a22000-7b48c7a25000 r--p 00000000 103:07 39987316                  /usr/lib/x86_64-linux-gnu/libcap.so.2.66
7b48c7a25000-7b48c7a2b000 r-xp 00003000 103:07 39987316                  /usr/lib/x86_64-linux-gnu/libcap.so.2.66
7b48c7a2b000-7b48c7a2d000 r--p 00009000 103:07 39987316                  /usr/lib/x86_64-linux-gnu/libcap.so.2.66
7b48c7a2d000-7b48c7a2e000 r--p 0000b000 103:07 39987316                  /usr/lib/x86_64-linux-gnu/libcap.so.2.66
7b48c7a2e000-7b48c7a2f000 rw-p 0000c000 103:07 39987316                  /usr/lib/x86_64-linux-gnu/libcap.so.2.66
7b48c7a2f000-7b48c7a33000 r--p 00000000 103:07 39979538                  /usr/lib/x86_64-linux-gnu/libjpeg.so.8.2.2
7b48c7a33000-7b48c7a80000 r-xp 00004000 103:07 39979538                  /usr/lib/x86_64-linux-gnu/libjpeg.so.8.2.2
7b48c7a80000-7b48c7ab0000 r--p 00051000 103:07 39979538                  /usr/lib/x86_64-linux-gnu/libjpeg.so.8.2.2
7b48c7ab0000-7b48c7ab1000 r--p 00081000 103:07 39979538                  /usr/lib/x86_64-linux-gnu/libjpeg.so.8.2.2
7b48c7ab1000-7b48c7ab2000 rw-p 00082000 103:07 39979538                  /usr/lib/x86_64-linux-gnu/libjpeg.so.8.2.2
7b48c7ab2000-7b48c7abb000 r--p 00000000 103:07 39978448                  /usr/lib/x86_64-linux-gnu/libmount.so.1.1.0
7b48c7abb000-7b48c7aef000 r-xp 00009000 103:07 39978448                  /usr/lib/x86_64-linux-gnu/libmount.so.1.1.0
7b48c7aef000-7b48c7afc000 r--p 0003d000 103:07 39978448                  /usr/lib/x86_64-linux-gnu/libmount.so.1.1.0
7b48c7afc000-7b48c7afe000 r--p 00049000 103:07 39978448                  /usr/lib/x86_64-linux-gnu/libmount.so.1.1.0
7b48c7afe000-7b48c7aff000 rw-p 0004b000 103:07 39978448                  /usr/lib/x86_64-linux-gnu/libmount.so.1.1.0
7b48c7aff000-7b48c7c00000 rw-p 00000000 00:00 0 
7b48c7c00000-7b48c7cc4000 r-xp 00000000 103:07 57949415                  /home/bgodfrey/CASPER/Scilab/scilab-2024.1.0/lib/thirdparty/libumfpack.so.5.7.1
7b48c7cc4000-7b48c7ec3000 ---p 000c4000 103:07 57949415                  /home/bgodfrey/CASPER/Scilab/scilab-2024.1.0/lib/thirdparty/libumfpack.so.5.7.1
7b48c7ec3000-7b48c7ec4000 r--p 000c3000 103:07 57949415                  /home/bgodfrey/CASPER/Scilab/scilab-2024.1.0/lib/thirdparty/libumfpack.so.5.7.1
7b48c7ec4000-7b48c7ec5000 rw-p 000c4000 103:07 57949415                  /home/bgodfrey/CASPER/Scilab/scilab-2024.1.0/lib/thirdparty/libumfpack.so.5.7.1
7b48c7ec5000-7b48c7ec6000 r--s 00000000 103:07 32792088                  /var/cache/fontconfig/16c2fda60d1b4b719f4b3d06fd951d25-le64.cache-9
7b48c7ec6000-7b48c7ec8000 r--p 00000000 103:07 39977318                  /usr/lib/x86_64-linux-gnu/libvorbisfile.so.3.3.8
7b48c7ec8000-7b48c7ecd000 r-xp 00002000 103:07 39977318                  /usr/lib/x86_64-linux-gnu/libvorbisfile.so.3.3.8
7b48c7ecd000-7b48c7ece000 r--p 00007000 103:07 39977318                  /usr/lib/x86_64-linux-gnu/libvorbisfile.so.3.3.8
7b48c7ece000-7b48c7ecf000 r--p 00007000 103:07 39977318                  /usr/lib/x86_64-linux-gnu/libvorbisfile.so.3.3.8
7b48c7ecf000-7b48c7ed0000 rw-p 00008000 103:07 39977318                  /usr/lib/x86_64-linux-gnu/libvorbisfile.so.3.3.8
7b48c7ed0000-7b48c7ed2000 r--p 00000000 103:07 39980743                  /usr/lib/x86_64-linux-gnu/libdatrie.so.1.4.0
7b48c7ed2000-7b48c7ed6000 r-xp 00002000 103:07 39980743                  /usr/lib/x86_64-linux-gnu/libdatrie.so.1.4.0
7b48c7ed6000-7b48c7ed7000 r--p 00006000 103:07 39980743                  /usr/lib/x86_64-linux-gnu/libdatrie.so.1.4.0
7b48c7ed7000-7b48c7ed8000 r--p 00006000 103:07 39980743                  /usr/lib/x86_64-linux-gnu/libdatrie.so.1.4.0
7b48c7ed8000-7b48c7ed9000 rw-p 00007000 103:07 39980743                  /usr/lib/x86_64-linux-gnu/libdatrie.so.1.4.0
7b48c7ed9000-7b48c7edc000 r--p 00000000 103:07 39980639                  /usr/lib/x86_64-linux-gnu/libgraphite2.so.3.2.1
7b48c7edc000-7b48c7ef9000 r-xp 00003000 103:07 39980639                  /usr/lib/x86_64-linux-gnu/libgraphite2.so.3.2.1
7b48c7ef9000-7b48c7efc000 r--p 00020000 103:07 39980639                  /usr/lib/x86_64-linux-gnu/libgraphite2.so.3.2.1
7b48c7efc000-7b48c7efe000 r--p 00022000 103:07 39980639                  /usr/lib/x86_64-linux-gnu/libgraphite2.so.3.2.1
7b48c7efe000-7b48c7eff000 rw-p 00024000 103:07 39980639                  /usr/lib/x86_64-linux-gnu/libgraphite2.so.3.2.1
7b48c7eff000-7b48c8000000 rw-p 00000000 00:00 0 
7b48c8000000-7b48c8032000 r-xp 00000000 103:07 57949445                  /home/bgodfrey/CASPER/Scilab/scilab-2024.1.0/lib/thirdparty/libklu.so.1.3.3
7b48c8032000-7b48c8231000 ---p 00032000 103:07 57949445                  /home/bgodfrey/CASPER/Scilab/scilab-2024.1.0/lib/thirdparty/libklu.so.1.3.3
7b48c8231000-7b48c8232000 r--p 00031000 103:07 57949445                  /home/bgodfrey/CASPER/Scilab/scilab-2024.1.0/lib/thirdparty/libklu.so.1.3.3
7b48c8232000-7b48c8233000 rw-p 00032000 103:07 57949445                  /home/bgodfrey/CASPER/Scilab/scilab-2024.1.0/lib/thirdparty/libklu.so.1.3.3
7b48c8233000-7b48c8234000 r--s 00000000 103:07 32792087                  /var/cache/fontconfig/a48eab177a16e4f3713381162db2f3e9-le64.cache-9
7b48c8234000-7b48c8238000 r--s 00000000 103:07 32789922                  /var/cache/fontconfig/e49e89034d371f0f9de17aab02136486-le64.cache-9
7b48c8238000-7b48c823e000 r--p 00000000 103:07 39981423                  /usr/lib/x86_64-linux-gnu/libselinux.so.1
7b48c823e000-7b48c825b000 r-xp 00006000 103:07 39981423                  /usr/lib/x86_64-linux-gnu/libselinux.so.1
7b48c825b000-7b48c8261000 r--p 00023000 103:07 39981423                  /usr/lib/x86_64-linux-gnu/libselinux.so.1
7b48c8261000-7b48c8262000 r--p 00029000 103:07 39981423                  /usr/lib/x86_64-linux-gnu/libselinux.so.1
7b48c8262000-7b48c8263000 rw-p 0002a000 103:07 39981423                  /usr/lib/x86_64-linux-gnu/libselinux.so.1
7b48c8263000-7b48c8265000 rw-p 00000000 00:00 0 
7b48c8265000-7b48c8267000 r--p 00000000 103:07 39983518                  /usr/lib/x86_64-linux-gnu/libpcre2-8.so.0.11.2
7b48c8267000-7b48c82d5000 r-xp 00002000 103:07 39983518                  /usr/lib/x86_64-linux-gnu/libpcre2-8.so.0.11.2
7b48c82d5000-7b48c82fd000 r--p 00070000 103:07 39983518                  /usr/lib/x86_64-linux-gnu/libpcre2-8.so.0.11.2
7b48c82fd000-7b48c82fe000 r--p 00097000 103:07 39983518                  /usr/lib/x86_64-linux-gnu/libpcre2-8.so.0.11.2
7b48c82fe000-7b48c82ff000 rw-p 00098000 103:07 39983518                  /usr/lib/x86_64-linux-gnu/libpcre2-8.so.0.11.2
7b48c82ff000-7b48c8400000 rw-p 00000000 00:00 0 
7b48c8400000-7b48c8500000 r-xp 00000000 103:07 57949094                  /home/bgodfrey/CASPER/Scilab/scilab-2024.1.0/lib/scilab/libscisundials.so.2024.1.0
7b48c8500000-7b48c8700000 ---p 00100000 103:07 57949094                  /home/bgodfrey/CASPER/Scilab/scilab-2024.1.0/lib/scilab/libscisundials.so.2024.1.0
7b48c8700000-7b48c8701000 r--p 00100000 103:07 57949094                  /home/bgodfrey/CASPER/Scilab/scilab-2024.1.0/lib/scilab/libscisundials.so.2024.1.0
7b48c8701000-7b48c8703000 rw-p 00101000 103:07 57949094                  /home/bgodfrey/CASPER/Scilab/scilab-2024.1.0/lib/scilab/libscisundials.so.2024.1.0
7b48c8703000-7b48c8712000 rw-p 00468000 103:07 57949094                  /home/bgodfrey/CASPER/Scilab/scilab-2024.1.0/lib/scilab/libscisundials.so.2024.1.0
7b48c8712000-7b48c8714000 r--s 00000000 103:07 32789920                  /var/cache/fontconfig/4b14b093aebc79c320de5e86ae1d3314-le64.cache-9
7b48c8714000-7b48c8719000 r--p 00000000 103:07 39982255                  /usr/lib/x86_64-linux-gnu/libxcb-render.so.0.0.0
7b48c8719000-7b48c871e000 r-xp 00005000 103:07 39982255                  /usr/lib/x86_64-linux-gnu/libxcb-render.so.0.0.0
7b48c871e000-7b48c8721000 r--p 0000a000 103:07 39982255                  /usr/lib/x86_64-linux-gnu/libxcb-render.so.0.0.0
7b48c8721000-7b48c8722000 r--p 0000c000 103:07 39982255                  /usr/lib/x86_64-linux-gnu/libxcb-render.so.0.0.0
7b48c8722000-7b48c8723000 rw-p 0000d000 103:07 39982255                  /usr/lib/x86_64-linux-gnu/libxcb-render.so.0.0.0
7b48c8723000-7b48c8728000 r--p 00000000 103:07 39977271                  /usr/lib/x86_64-linux-gnu/libxkbcommon.so.0.0.0
7b48c8728000-7b48c8748000 r-xp 00005000 103:07 39977271                  /usr/lib/x86_64-linux-gnu/libxkbcommon.so.0.0.0
7b48c8748000-7b48c8769000 r--p 00025000 103:07 39977271                  /usr/lib/x86_64-linux-gnu/libxkbcommon.so.0.0.0
7b48c8769000-7b48c876b000 r--p 00045000 103:07 39977271                  /usr/lib/x86_64-linux-gnu/libxkbcommon.so.0.0.0
7b48c876b000-7b48c876c000 rw-p 00047000 103:07 39977271                  /usr/lib/x86_64-linux-gnu/libxkbcommon.so.0.0.0
7b48c876c000-7b48c8778000 r--p 00000000 103:07 39983794                  /usr/lib/x86_64-linux-gnu/libatk-bridge-2.0.so.0.0.0
7b48c8778000-7b48c8792000 r-xp 0000c000 103:07 39983794                  /usr/lib/x86_64-linux-gnu/libatk-bridge-2.0.so.0.0.0
7b48c8792000-7b48c87a5000 r--p 00026000 103:07 39983794                  /usr/lib/x86_64-linux-gnu/libatk-bridge-2.0.so.0.0.0
7b48c87a5000-7b48c87a6000 r--p 00039000 103:07 39983794                  /usr/lib/x86_64-linux-gnu/libatk-bridge-2.0.so.0.0.0
7b48c87a6000-7b48c87a8000 rw-p 0003a000 103:07 39983794                  /usr/lib/x86_64-linux-gnu/libatk-bridge-2.0.so.0.0.0
7b48c87a8000-7b48c87b3000 r--p 00000000 103:07 39979020                  /usr/lib/x86_64-linux-gnu/libatk-1.0.so.0.25209.1
7b48c87b3000-7b48c87c3000 r-xp 0000b000 103:07 39979020                  /usr/lib/x86_64-linux-gnu/libatk-1.0.so.0.25209.1
7b48c87c3000-7b48c87ce000 r--p 0001b000 103:07 39979020                  /usr/lib/x86_64-linux-gnu/libatk-1.0.so.0.25209.1
7b48c87ce000-7b48c87d1000 r--p 00026000 103:07 39979020                  /usr/lib/x86_64-linux-gnu/libatk-1.0.so.0.25209.1
7b48c87d1000-7b48c87d2000 rw-p 00029000 103:07 39979020                  /usr/lib/x86_64-linux-gnu/libatk-1.0.so.0.25209.1
7b48c87d2000-7b48c87da000 r--p 00000000 103:07 39977405                  /usr/lib/x86_64-linux-gnu/libgdk_pixbuf-2.0.so.0.4200.10
7b48c87da000-7b48c87f5000 r-xp 00008000 103:07 39977405                  /usr/lib/x86_64-linux-gnu/libgdk_pixbuf-2.0.so.0.4200.10
7b48c87f5000-7b48c87fe000 r--p 00023000 103:07 39977405                  /usr/lib/x86_64-linux-gnu/libgdk_pixbuf-2.0.so.0.4200.10
7b48c87fe000-7b48c87ff000 r--p 0002c000 103:07 39977405                  /usr/lib/x86_64-linux-gnu/libgdk_pixbuf-2.0.so.0.4200.10
7b48c87ff000-7b48c8800000 rw-p 0002d000 103:07 39977405                  /usr/lib/x86_64-linux-gnu/libgdk_pixbuf-2.0.so.0.4200.10
7b48c8800000-7b48c8911000 r-xp 00000000 103:07 57949098                  /home/bgodfrey/CASPER/Scilab/scilab-2024.1.0/lib/scilab/libscidifferential_equations.so.2024.1.0
7b48c8911000-7b48c8b11000 ---p 00111000 103:07 57949098                  /home/bgodfrey/CASPER/Scilab/scilab-2024.1.0/lib/scilab/libscidifferential_equations.so.2024.1.0
7b48c8b11000-7b48c8b13000 r--p 00111000 103:07 57949098                  /home/bgodfrey/CASPER/Scilab/scilab-2024.1.0/lib/scilab/libscidifferential_equations.so.2024.1.0
7b48c8b13000-7b48c8b15000 rw-p 00113000 103:07 57949098                  /home/bgodfrey/CASPER/Scilab/scilab-2024.1.0/lib/scilab/libscidifferential_equations.so.2024.1.0
7b48c8b15000-7b48c8b18000 rw-p 00000000 00:00 0 
7b48c8b18000-7b48c8b28000 rw-p 00427000 103:07 57949098                  /home/bgodfrey/CASPER/Scilab/scilab-2024.1.0/lib/scilab/libscidifferential_equations.so.2024.1.0
7b48c8b28000-7b48c8b2c000 r--s 00000000 103:07 32789917                  /var/cache/fontconfig/246184dc75a16901ca37d96895904249-le64.cache-9
7b48c8b2c000-7b48c8b2e000 r--p 00000000 103:07 39982992                  /usr/lib/x86_64-linux-gnu/libthai.so.0.3.1
7b48c8b2e000-7b48c8b32000 r-xp 00002000 103:07 39982992                  /usr/lib/x86_64-linux-gnu/libthai.so.0.3.1
7b48c8b32000-7b48c8b35000 r--p 00006000 103:07 39982992                  /usr/lib/x86_64-linux-gnu/libthai.so.0.3.1
7b48c8b35000-7b48c8b36000 r--p 00008000 103:07 39982992                  /usr/lib/x86_64-linux-gnu/libthai.so.0.3.1
7b48c8b36000-7b48c8b37000 rw-p 00009000 103:07 39982992                  /usr/lib/x86_64-linux-gnu/libthai.so.0.3.1
7b48c8b37000-7b48c8b39000 r--p 00000000 103:07 39987539                  /usr/lib/x86_64-linux-gnu/libXrandr.so.2.2.0
7b48c8b39000-7b48c8b40000 r-xp 00002000 103:07 39987539                  /usr/lib/x86_64-linux-gnu/libXrandr.so.2.2.0
7b48c8b40000-7b48c8b42000 r--p 00009000 103:07 39987539                  /usr/lib/x86_64-linux-gnu/libXrandr.so.2.2.0
7b48c8b42000-7b48c8b43000 r--p 0000a000 103:07 39987539                  /usr/lib/x86_64-linux-gnu/libXrandr.so.2.2.0
7b48c8b43000-7b48c8b44000 rw-p 0000b000 103:07 39987539                  /usr/lib/x86_64-linux-gnu/libXrandr.so.2.2.0
7b48c8b44000-7b48c8b4c000 r--p 00000000 103:07 39977287                  /usr/lib/x86_64-linux-gnu/libfontconfig.so.1.12.1
7b48c8b4c000-7b48c8b7b000 r-xp 00008000 103:07 39977287                  /usr/lib/x86_64-linux-gnu/libfontconfig.so.1.12.1
7b48c8b7b000-7b48c8b92000 r--p 00037000 103:07 39977287                  /usr/lib/x86_64-linux-gnu/libfontconfig.so.1.12.1
7b48c8b92000-7b48c8b94000 r--p 0004d000 103:07 39977287                  /usr/lib/x86_64-linux-gnu/libfontconfig.so.1.12.1
7b48c8b94000-7b48c8b95000 rw-p 0004f000 103:07 39977287                  /usr/lib/x86_64-linux-gnu/libfontconfig.so.1.12.1
7b48c8b95000-7b48c8ba8000 r--p 00000000 103:07 39980802                  /usr/lib/x86_64-linux-gnu/libpango-1.0.so.0.5200.1
7b48c8ba8000-7b48c8be1000 r-xp 00013000 103:07 39980802                  /usr/lib/x86_64-linux-gnu/libpango-1.0.so.0.5200.1
7b48c8be1000-7b48c8bfb000 r--p 0004c000 103:07 39980802                  /usr/lib/x86_64-linux-gnu/libpango-1.0.so.0.5200.1
7b48c8bfb000-7b48c8bff000 r--p 00065000 103:07 39980802                  /usr/lib/x86_64-linux-gnu/libpango-1.0.so.0.5200.1
7b48c8bff000-7b48c8c00000 rw-p 00069000 103:07 39980802                  /usr/lib/x86_64-linux-gnu/libpango-1.0.so.0.5200.1
7b48c8c00000-7b48c8c04000 r-xp 00000000 103:07 57949090                  /home/bgodfrey/CASPER/Scilab/scilab-2024.1.0/lib/scilab/libscicall_scilab.so.2024.1.0
7b48c8c04000-7b48c8e03000 ---p 00004000 103:07 57949090                  /home/bgodfrey/CASPER/Scilab/scilab-2024.1.0/lib/scilab/libscicall_scilab.so.2024.1.0
7b48c8e03000-7b48c8e04000 r--p 00003000 103:07 57949090                  /home/bgodfrey/CASPER/Scilab/scilab-2024.1.0/lib/scilab/libscicall_scilab.so.2024.1.0
7b48c8e04000-7b48c8e05000 rw-p 00004000 103:07 57949090                  /home/bgodfrey/CASPER/Scilab/scilab-2024.1.0/lib/scilab/libscicall_scilab.so.2024.1.0
7b48c8e05000-7b48c8e06000 rw-p 0000f000 103:07 57949090                  /home/bgodfrey/CASPER/Scilab/scilab-2024.1.0/lib/scilab/libscicall_scilab.so.2024.1.0
7b48c8e06000-7b48c8e07000 r--s 00000000 103:07 32792086                  /var/cache/fontconfig/564b2e68ac9bc4e36a6f7f6d6125ec1c-le64.cache-9
7b48c8e07000-7b48c8e0d000 r--s 00000000 103:07 32792041                  /var/cache/fontconfig/da82082e1ef13c4097208324d67c180c-le64.cache-9
7b48c8e0d000-7b48c8e0f000 r--p 00000000 103:07 39982825                  /usr/lib/x86_64-linux-gnu/libfribidi.so.0.4.0
7b48c8e0f000-7b48c8e13000 r-xp 00002000 103:07 39982825                  /usr/lib/x86_64-linux-gnu/libfribidi.so.0.4.0
7b48c8e13000-7b48c8e29000 r--p 00006000 103:07 39982825                  /usr/lib/x86_64-linux-gnu/libfribidi.so.0.4.0
7b48c8e29000-7b48c8e2a000 r--p 0001c000 103:07 39982825                  /usr/lib/x86_64-linux-gnu/libfribidi.so.0.4.0
7b48c8e2a000-7b48c8e2b000 rw-p 0001d000 103:07 39982825                  /usr/lib/x86_64-linux-gnu/libfribidi.so.0.4.0
7b48c8e2b000-7b48c8e3a000 r--p 00000000 103:07 39979495                  /usr/lib/x86_64-linux-gnu/libgobject-2.0.so.0.8000.0
7b48c8e3a000-7b48c8e71000 r-xp 0000f000 103:07 39979495                  /usr/lib/x86_64-linux-gnu/libgobject-2.0.so.0.8000.0
7b48c8e71000-7b48c8e8a000 r--p 00046000 103:07 39979495                  /usr/lib/x86_64-linux-gnu/libgobject-2.0.so.0.8000.0
7b48c8e8a000-7b48c8e8d000 r--p 0005e000 103:07 39979495                  /usr/lib/x86_64-linux-gnu/libgobject-2.0.so.0.8000.0
7b48c8e8d000-7b48c8e8e000 rw-p 00061000 103:07 39979495                  /usr/lib/x86_64-linux-gnu/libgobject-2.0.so.0.8000.0
7b48c8e8e000-7b48c8e99000 r--p 00000000 103:07 39977476                  /usr/lib/x86_64-linux-gnu/libGLX_mesa.so.0.0.0
7b48c8e99000-7b48c8ec6000 r-xp 0000b000 103:07 39977476                  /usr/lib/x86_64-linux-gnu/libGLX_mesa.so.0.0.0
7b48c8ec6000-7b48c8ed5000 r--p 00038000 103:07 39977476                  /usr/lib/x86_64-linux-gnu/libGLX_mesa.so.0.0.0
7b48c8ed5000-7b48c8ed8000 r--p 00047000 103:07 39977476                  /usr/lib/x86_64-linux-gnu/libGLX_mesa.so.0.0.0
7b48c8ed8000-7b48c8ed9000 rw-p 0004a000 103:07 39977476                  /usr/lib/x86_64-linux-gnu/libGLX_mesa.so.0.0.0
7b48c8ed9000-7b48c8eda000 rw-p 00000000 00:00 0 
7b48c8eda000-7b48c8edd000 r--s 00000000 103:07 32792056                  /var/cache/fontconfig/f259c2cffa685e28062317905db73c4a-le64.cache-9
7b48c8edd000-7b48c8ee0000 r--p 00000000 103:07 39977286                  /usr/lib/x86_64-linux-gnu/libcanberra.so.0.2.5
7b48c8ee0000-7b48c8eeb000 r-xp 00003000 103:07 39977286                  /usr/lib/x86_64-linux-gnu/libcanberra.so.0.2.5
7b48c8eeb000-7b48c8eee000 r--p 0000e000 103:07 39977286                  /usr/lib/x86_64-linux-gnu/libcanberra.so.0.2.5
7b48c8eee000-7b48c8eef000 r--p 00010000 103:07 39977286                  /usr/lib/x86_64-linux-gnu/libcanberra.so.0.2.5
7b48c8eef000-7b48c8ef0000 rw-p 00011000 103:07 39977286                  /usr/lib/x86_64-linux-gnu/libcanberra.so.0.2.5
7b48c8ef0000-7b48c8ef2000 r--p 00000000 103:07 39977480                  /usr/lib/x86_64-linux-gnu/libcanberra-gtk3.so.0.1.9
7b48c8ef2000-7b48c8ef4000 r-xp 00002000 103:07 39977480                  /usr/lib/x86_64-linux-gnu/libcanberra-gtk3.so.0.1.9
7b48c8ef4000-7b48c8ef5000 r--p 00004000 103:07 39977480                  /usr/lib/x86_64-linux-gnu/libcanberra-gtk3.so.0.1.9
7b48c8ef5000-7b48c8ef6000 r--p 00004000 103:07 39977480                  /usr/lib/x86_64-linux-gnu/libcanberra-gtk3.so.0.1.9
7b48c8ef6000-7b48c8ef7000 rw-p 00005000 103:07 39977480                  /usr/lib/x86_64-linux-gnu/libcanberra-gtk3.so.0.1.9
7b48c8ef7000-7b48c8ef9000 r--p 00000000 103:07 40763531                  /usr/lib/x86_64-linux-gnu/gtk-3.0/modules/libcanberra-gtk3-module.so
7b48c8ef9000-7b48c8efc000 r-xp 00002000 103:07 40763531                  /usr/lib/x86_64-linux-gnu/gtk-3.0/modules/libcanberra-gtk3-module.so
7b48c8efc000-7b48c8efd000 r--p 00005000 103:07 40763531                  /usr/lib/x86_64-linux-gnu/gtk-3.0/modules/libcanberra-gtk3-module.so
7b48c8efd000-7b48c8efe000 r--p 00005000 103:07 40763531                  /usr/lib/x86_64-linux-gnu/gtk-3.0/modules/libcanberra-gtk3-module.so
7b48c8efe000-7b48c8eff000 rw-p 00006000 103:07 40763531                  /usr/lib/x86_64-linux-gnu/gtk-3.0/modules/libcanberra-gtk3-module.so
7b48c8eff000-7b48c9000000 rw-p 00000000 00:00 0 
7b48c9000000-7b48c900f000 r-xp 00000000 103:07 57949082                  /home/bgodfrey/CASPER/Scilab/scilab-2024.1.0/lib/scilab/libscifunctions.so.2024.1.0
7b48c900f000-7b48c920e000 ---p 0000f000 103:07 57949082                  /home/bgodfrey/CASPER/Scilab/scilab-2024.1.0/lib/scilab/libscifunctions.so.2024.1.0
7b48c920e000-7b48c920f000 r--p 0000e000 103:07 57949082                  /home/bgodfrey/CASPER/Scilab/scilab-2024.1.0/lib/scilab/libscifunctions.so.2024.1.0
7b48c920f000-7b48c9210000 rw-p 0000f000 103:07 57949082                  /home/bgodfrey/CASPER/Scilab/scilab-2024.1.0/lib/scilab/libscifunctions.so.2024.1.0
7b48c9210000-7b48c9213000 rw-p 00056000 103:07 57949082                  /home/bgodfrey/CASPER/Scilab/scilab-2024.1.0/lib/scilab/libscifunctions.so.2024.1.0
7b48c9213000-7b48c9214000 r--s 00000000 103:07 32781572                  /var/cache/fontconfig/da43223dd54fb3bb4243ae19d4b583b2-le64.cache-9
7b48c9214000-7b48c9215000 r--p 00000000 103:07 39979750                  /usr/lib/x86_64-linux-gnu/libgthread-2.0.so.0.8000.0
7b48c9215000-7b48c9216000 r-xp 00001000 103:07 39979750                  /usr/lib/x86_64-linux-gnu/libgthread-2.0.so.0.8000.0
7b48c9216000-7b48c9217000 r--p 00002000 103:07 39979750                  /usr/lib/x86_64-linux-gnu/libgthread-2.0.so.0.8000.0
7b48c9217000-7b48c9218000 r--p 00002000 103:07 39979750                  /usr/lib/x86_64-linux-gnu/libgthread-2.0.so.0.8000.0
7b48c9218000-7b48c9219000 rw-p 00003000 103:07 39979750                  /usr/lib/x86_64-linux-gnu/libgthread-2.0.so.0.8000.0
7b48c9219000-7b48c921a000 r--p 00000000 103:07 39983089                  /usr/lib/x86_64-linux-gnu/libXcomposite.so.1.0.0
7b48c921a000-7b48c921b000 r-xp 00001000 103:07 39983089                  /usr/lib/x86_64-linux-gnu/libXcomposite.so.1.0.0
7b48c921b000-7b48c921c000 r--p 00002000 103:07 39983089                  /usr/lib/x86_64-linux-gnu/libXcomposite.so.1.0.0
7b48c921c000-7b48c921d000 r--p 00002000 103:07 39983089                  /usr/lib/x86_64-linux-gnu/libXcomposite.so.1.0.0
7b48c921d000-7b48c921e000 rw-p 00003000 103:07 39983089                  /usr/lib/x86_64-linux-gnu/libXcomposite.so.1.0.0
7b48c921e000-7b48c923e000 rw-s 11446c000 00:10 1059                      anon_inode:i915.gem
7b48c923e000-7b48c925e000 rw-s 106642000 00:10 1059                      anon_inode:i915.gem
7b48c925e000-7b48c927e000 rw-s 104193000 00:10 1059                      anon_inode:i915.gem
7b48c927e000-7b48c92fe000 rw-s 10aea7000 00:10 1059                      anon_inode:i915.gem
7b48c92fe000-7b48c92ff000 ---p 00000000 00:00 0 
7b48c92ff000-7b48c9400000 rw-p 00000000 00:00 0 
7b48c9400000-7b48c94b9000 r-xp 00000000 103:07 57949365                  /home/bgodfrey/CASPER/Scilab/scilab-2024.1.0/lib/thirdparty/libarchive.so.13.7.1
7b48c94b9000-7b48c96b8000 ---p 000b9000 103:07 57949365                  /home/bgodfrey/CASPER/Scilab/scilab-2024.1.0/lib/thirdparty/libarchive.so.13.7.1
7b48c96b8000-7b48c96bb000 r--p 000b8000 103:07 57949365                  /home/bgodfrey/CASPER/Scilab/scilab-2024.1.0/lib/thirdparty/libarchive.so.13.7.1
7b48c96bb000-7b48c96bc000 rw-p 000bb000 103:07 57949365                  /home/bgodfrey/CASPER/Scilab/scilab-2024.1.0/lib/thirdparty/libarchive.so.13.7.1
7b48c96bc000-7b48c96bd000 rw-p 00000000 00:00 0 
7b48c96bd000-7b48c96be000 r--s 00000000 103:07 32792075                  /var/cache/fontconfig/370e5b74bf5dafc30834de68e24a87a4-le64.cache-9
7b48c96be000-7b48c96de000 rw-s 1069db000 00:10 1059                      anon_inode:i915.gem
7b48c96de000-7b48c96fe000 rw-s 10ba28000 00:10 1059                      anon_inode:i915.gem
7b48c96fe000-7b48c96ff000 ---p 00000000 00:00 0 
7b48c96ff000-7b48c9800000 rw-p 00000000 00:00 0 
7b48c9800000-7b48c9918000 r-xp 00000000 103:07 57949410                  /home/bgodfrey/CASPER/Scilab/scilab-2024.1.0/lib/thirdparty/libtcl8.5.so
7b48c9918000-7b48c9b17000 ---p 00118000 103:07 57949410                  /home/bgodfrey/CASPER/Scilab/scilab-2024.1.0/lib/thirdparty/libtcl8.5.so
7b48c9b17000-7b48c9b1c000 r--p 00117000 103:07 57949410                  /home/bgodfrey/CASPER/Scilab/scilab-2024.1.0/lib/thirdparty/libtcl8.5.so
7b48c9b1c000-7b48c9b23000 rw-p 0011c000 103:07 57949410                  /home/bgodfrey/CASPER/Scilab/scilab-2024.1.0/lib/thirdparty/libtcl8.5.so
7b48c9b23000-7b48c9b25000 r--s 00000000 103:07 32792055                  /var/cache/fontconfig/550f3886151c940c12a5ed35f6a00586-le64.cache-9
7b48c9b25000-7b48c9b2d000 r--p 00000000 103:07 39982559                  /usr/lib/x86_64-linux-gnu/libpangoft2-1.0.so.0.5200.1
7b48c9b2d000-7b48c9b3a000 r-xp 00008000 103:07 39982559                  /usr/lib/x86_64-linux-gnu/libpangoft2-1.0.so.0.5200.1
7b48c9b3a000-7b48c9b3e000 r--p 00015000 103:07 39982559                  /usr/lib/x86_64-linux-gnu/libpangoft2-1.0.so.0.5200.1
7b48c9b3e000-7b48c9b3f000 r--p 00019000 103:07 39982559                  /usr/lib/x86_64-linux-gnu/libpangoft2-1.0.so.0.5200.1
7b48c9b3f000-7b48c9b40000 rw-p 0001a000 103:07 39982559                  /usr/lib/x86_64-linux-gnu/libpangoft2-1.0.so.0.5200.1
7b48c9b40000-7b48c9b60000 rw-s 1034d3000 00:10 1059                      anon_inode:i915.gem
7b48c9b60000-7b48c9b80000 rw-s 10af27000 00:10 1059                      anon_inode:i915.gem
7b48c9b80000-7b48c9c00000 rw-s 10ab54000 00:10 1059                      anon_inode:i915.gem
7b48c9c00000-7b48c9d2e000 r-xp 00000000 103:07 57949411                  /home/bgodfrey/CASPER/Scilab/scilab-2024.1.0/lib/thirdparty/libtk8.5.so
7b48c9d2e000-7b48c9f2d000 ---p 0012e000 103:07 57949411                  /home/bgodfrey/CASPER/Scilab/scilab-2024.1.0/lib/thirdparty/libtk8.5.so
7b48c9f2d000-7b48c9f3b000 r--p 0012d000 103:07 57949411                  /home/bgodfrey/CASPER/Scilab/scilab-2024.1.0/lib/thirdparty/libtk8.5.so
7b48c9f3b000-7b48c9f4c000 rw-p 0013b000 103:07 57949411                  /home/bgodfrey/CASPER/Scilab/scilab-2024.1.0/lib/thirdparty/libtk8.5.so
7b48c9f4c000-7b48c9f4f000 r--s 00000000 103:07 32792054                  /var/cache/fontconfig/674d1711f2d1d2a09646eb0bdcadee49-le64.cache-9
7b48c9f4f000-7b48c9f54000 r--p 00000000 103:07 39979285                  /usr/lib/x86_64-linux-gnu/libpangocairo-1.0.so.0.5200.1
7b48c9f54000-7b48c9f5c000 r-xp 00005000 103:07 39979285                  /usr/lib/x86_64-linux-gnu/libpangocairo-1.0.so.0.5200.1
7b48c9f5c000-7b48c9f5e000 r--p 0000d000 103:07 39979285                  /usr/lib/x86_64-linux-gnu/libpangocairo-1.0.so.0.5200.1
7b48c9f5e000-7b48c9f5f000 r--p 0000f000 103:07 39979285                  /usr/lib/x86_64-linux-gnu/libpangocairo-1.0.so.0.5200.1
7b48c9f5f000-7b48c9f60000 rw-p 00010000 103:07 39979285                  /usr/lib/x86_64-linux-gnu/libpangocairo-1.0.so.0.5200.1
7b48c9f60000-7b48c9f80000 rw-s 107473000 00:10 1059                      anon_inode:i915.gem
7b48c9f80000-7b48c9fa0000 rw-s 10a4d4000 00:10 1059                      anon_inode:i915.gem
7b48c9fa0000-7b48c9fc0000 rw-s 105828000 00:10 1059                      anon_inode:i915.gem
7b48c9fc0000-7b48ca000000 rw-s 102a73000 00:10 1059                      anon_inode:i915.gem
7b48ca000000-7b48ca00b000 r-xp 00000000 103:07 57949142                  /home/bgodfrey/CASPER/Scilab/scilab-2024.1.0/lib/scilab/libscitclsci.so.2024.1.0
7b48ca00b000-7b48ca20a000 ---p 0000b000 103:07 57949142                  /home/bgodfrey/CASPER/Scilab/scilab-2024.1.0/lib/scilab/libscitclsci.so.2024.1.0
7b48ca20a000-7b48ca20b000 r--p 0000a000 103:07 57949142                  /home/bgodfrey/CASPER/Scilab/scilab-2024.1.0/lib/scilab/libscitclsci.so.2024.1.0
7b48ca20b000-7b48ca20c000 rw-p 0000b000 103:07 57949142                  /home/bgodfrey/CASPER/Scilab/scilab-2024.1.0/lib/scilab/libscitclsci.so.2024.1.0
7b48ca20c000-7b48ca20e000 rw-p 0016a000 103:07 57949142                  /home/bgodfrey/CASPER/Scilab/scilab-2024.1.0/lib/scilab/libscitclsci.so.2024.1.0
7b48ca20e000-7b48ca20f000 r--s 00000000 103:07 32792074                  /var/cache/fontconfig/6b2c5944714ca7831b25bed9e85cb5c8-le64.cache-9
7b48ca20f000-7b48ca210000 r--p 00000000 103:07 39985069                  /usr/lib/x86_64-linux-gnu/libXdamage.so.1.1.0
7b48ca210000-7b48ca211000 r-xp 00001000 103:07 39985069                  /usr/lib/x86_64-linux-gnu/libXdamage.so.1.1.0
7b48ca211000-7b48ca212000 r--p 00002000 103:07 39985069                  /usr/lib/x86_64-linux-gnu/libXdamage.so.1.1.0
7b48ca212000-7b48ca213000 r--p 00002000 103:07 39985069                  /usr/lib/x86_64-linux-gnu/libXdamage.so.1.1.0
7b48ca213000-7b48ca214000 rw-p 00003000 103:07 39985069                  /usr/lib/x86_64-linux-gnu/libXdamage.so.1.1.0
7b48ca214000-7b48ca216000 r--p 00000000 103:07 39983893                  /usr/lib/x86_64-linux-gnu/libwayland-cursor.so.0.22.0
7b48ca216000-7b48ca218000 r-xp 00002000 103:07 39983893                  /usr/lib/x86_64-linux-gnu/libwayland-cursor.so.0.22.0
7b48ca218000-7b48ca219000 r--p 00004000 103:07 39983893                  /usr/lib/x86_64-linux-gnu/libwayland-cursor.so.0.22.0
7b48ca219000-7b48ca21a000 r--p 00004000 103:07 39983893                  /usr/lib/x86_64-linux-gnu/libwayland-cursor.so.0.22.0
7b48ca21a000-7b48ca21e000 rw-p 00005000 103:07 39983893                  /usr/lib/x86_64-linux-gnu/libwayland-cursor.so.0.22.0
7b48ca21e000-7b48ca229000 r--p 00000000 103:07 39989100                  /usr/lib/x86_64-linux-gnu/libxcb-glx.so.0.0.0
7b48ca229000-7b48ca232000 r-xp 0000b000 103:07 39989100                  /usr/lib/x86_64-linux-gnu/libxcb-glx.so.0.0.0
7b48ca232000-7b48ca237000 r--p 00014000 103:07 39989100                  /usr/lib/x86_64-linux-gnu/libxcb-glx.so.0.0.0
7b48ca237000-7b48ca239000 r--p 00019000 103:07 39989100                  /usr/lib/x86_64-linux-gnu/libxcb-glx.so.0.0.0
7b48ca239000-7b48ca23a000 rw-p 0001b000 103:07 39989100                  /usr/lib/x86_64-linux-gnu/libxcb-glx.so.0.0.0
7b48ca23a000-7b48ca23d000 r--p 00000000 103:07 39980578                  /usr/lib/x86_64-linux-gnu/liblzma.so.5.4.5
7b48ca23d000-7b48ca25f000 r-xp 00003000 103:07 39980578                  /usr/lib/x86_64-linux-gnu/liblzma.so.5.4.5
7b48ca25f000-7b48ca26a000 r--p 00025000 103:07 39980578                  /usr/lib/x86_64-linux-gnu/liblzma.so.5.4.5
7b48ca26a000-7b48ca26b000 r--p 00030000 103:07 39980578                  /usr/lib/x86_64-linux-gnu/liblzma.so.5.4.5
7b48ca26b000-7b48ca26c000 rw-p 00031000 103:07 39980578                  /usr/lib/x86_64-linux-gnu/liblzma.so.5.4.5
7b48ca26c000-7b48ca27a000 r--p 00000000 103:07 39985030                  /usr/lib/x86_64-linux-gnu/libtinfo.so.6.4
7b48ca27a000-7b48ca28d000 r-xp 0000e000 103:07 39985030                  /usr/lib/x86_64-linux-gnu/libtinfo.so.6.4
7b48ca28d000-7b48ca29b000 r--p 00021000 103:07 39985030                  /usr/lib/x86_64-linux-gnu/libtinfo.so.6.4
7b48ca29b000-7b48ca29f000 r--p 0002e000 103:07 39985030                  /usr/lib/x86_64-linux-gnu/libtinfo.so.6.4
7b48ca29f000-7b48ca2a0000 rw-p 00032000 103:07 39985030                  /usr/lib/x86_64-linux-gnu/libtinfo.so.6.4
7b48ca2a0000-7b48ca2a8000 r--p 00000000 103:07 39978158                  /usr/lib/x86_64-linux-gnu/libedit.so.2.0.72
7b48ca2a8000-7b48ca2c7000 r-xp 00008000 103:07 39978158                  /usr/lib/x86_64-linux-gnu/libedit.so.2.0.72
7b48ca2c7000-7b48ca2d3000 r--p 00027000 103:07 39978158                  /usr/lib/x86_64-linux-gnu/libedit.so.2.0.72
7b48ca2d3000-7b48ca2d5000 r--p 00033000 103:07 39978158                  /usr/lib/x86_64-linux-gnu/libedit.so.2.0.72
7b48ca2d5000-7b48ca2d6000 rw-p 00035000 103:07 39978158                  /usr/lib/x86_64-linux-gnu/libedit.so.2.0.72
7b48ca2d6000-7b48ca2da000 rw-p 00000000 00:00 0 
7b48ca2da000-7b48ca2dd000 r--p 00000000 103:07 39977474                  /usr/lib/x86_64-linux-gnu/libdrm_intel.so.1.125.0
7b48ca2dd000-7b48ca2f3000 r-xp 00003000 103:07 39977474                  /usr/lib/x86_64-linux-gnu/libdrm_intel.so.1.125.0
7b48ca2f3000-7b48ca2fc000 r--p 00019000 103:07 39977474                  /usr/lib/x86_64-linux-gnu/libdrm_intel.so.1.125.0
7b48ca2fc000-7b48ca2fd000 r--p 00021000 103:07 39977474                  /usr/lib/x86_64-linux-gnu/libdrm_intel.so.1.125.0
7b48ca2fd000-7b48ca2fe000 rw-p 00022000 103:07 39977474                  /usr/lib/x86_64-linux-gnu/libdrm_intel.so.1.125.0
7b48ca2fe000-7b48ca2ff000 ---p 00000000 00:00 0 
7b48ca2ff000-7b48ca400000 rw-p 00000000 00:00 0 
7b48ca400000-7b48ca40c000 r-xp 00000000 103:07 57949226                  /home/bgodfrey/CASPER/Scilab/scilab-2024.1.0/lib/scilab/libscihelptools.so.2024.1.0
7b48ca40c000-7b48ca60b000 ---p 0000c000 103:07 57949226                  /home/bgodfrey/CASPER/Scilab/scilab-2024.1.0/lib/scilab/libscihelptools.so.2024.1.0
7b48ca60b000-7b48ca60c000 r--p 0000b000 103:07 57949226                  /home/bgodfrey/CASPER/Scilab/scilab-2024.1.0/lib/scilab/libscihelptools.so.2024.1.0
7b48ca60c000-7b48ca60d000 rw-p 0000c000 103:07 57949226                  /home/bgodfrey/CASPER/Scilab/scilab-2024.1.0/lib/scilab/libscihelptools.so.2024.1.0
7b48ca60d000-7b48ca60f000 rw-p 0002a000 103:07 57949226                  /home/bgodfrey/CASPER/Scilab/scilab-2024.1.0/lib/scilab/libscihelptools.so.2024.1.0
7b48ca60f000-7b48ca613000 r--s 00000000 103:07 32792038                  /var/cache/fontconfig/6afa1bb216ce958c1589e297e8008489-le64.cache-9
7b48ca613000-7b48ca617000 r--p 00000000 103:07 39979526                  /usr/lib/x86_64-linux-gnu/libcairo-gobject.so.2.11800.0
7b48ca617000-7b48ca619000 r-xp 00004000 103:07 39979526                  /usr/lib/x86_64-linux-gnu/libcairo-gobject.so.2.11800.0
7b48ca619000-7b48ca61c000 r--p 00006000 103:07 39979526                  /usr/lib/x86_64-linux-gnu/libcairo-gobject.so.2.11800.0
7b48ca61c000-7b48ca61e000 r--p 00008000 103:07 39979526                  /usr/lib/x86_64-linux-gnu/libcairo-gobject.so.2.11800.0
7b48ca61e000-7b48ca61f000 rw-p 0000a000 103:07 39979526                  /usr/lib/x86_64-linux-gnu/libcairo-gobject.so.2.11800.0
7b48ca61f000-7b48ca621000 r--p 00000000 103:07 39979381                  /usr/lib/x86_64-linux-gnu/libgmodule-2.0.so.0.8000.0
7b48ca621000-7b48ca623000 r-xp 00002000 103:07 39979381                  /usr/lib/x86_64-linux-gnu/libgmodule-2.0.so.0.8000.0
7b48ca623000-7b48ca624000 r--p 00004000 103:07 39979381                  /usr/lib/x86_64-linux-gnu/libgmodule-2.0.so.0.8000.0
7b48ca624000-7b48ca625000 r--p 00004000 103:07 39979381                  /usr/lib/x86_64-linux-gnu/libgmodule-2.0.so.0.8000.0
7b48ca625000-7b48ca626000 rw-p 00005000 103:07 39979381                  /usr/lib/x86_64-linux-gnu/libgmodule-2.0.so.0.8000.0
7b48ca626000-7b48ca629000 r--p 00000000 103:07 39979404                  /usr/lib/x86_64-linux-gnu/libelf-0.190.so
7b48ca629000-7b48ca63f000 r-xp 00003000 103:07 39979404                  /usr/lib/x86_64-linux-gnu/libelf-0.190.so
7b48ca63f000-7b48ca643000 r--p 00019000 103:07 39979404                  /usr/lib/x86_64-linux-gnu/libelf-0.190.so
7b48ca643000-7b48ca644000 r--p 0001c000 103:07 39979404                  /usr/lib/x86_64-linux-gnu/libelf-0.190.so
7b48ca644000-7b48ca645000 rw-p 0001d000 103:07 39979404                  /usr/lib/x86_64-linux-gnu/libelf-0.190.so
7b48ca645000-7b48ca649000 r--p 00000000 103:07 39984649                  /usr/lib/x86_64-linux-gnu/libzstd.so.1.5.5
7b48ca649000-7b48ca6f0000 r-xp 00004000 103:07 39984649                  /usr/lib/x86_64-linux-gnu/libzstd.so.1.5.5
7b48ca6f0000-7b48ca6fd000 r--p 000ab000 103:07 39984649                  /usr/lib/x86_64-linux-gnu/libzstd.so.1.5.5
7b48ca6fd000-7b48ca6fe000 r--p 000b7000 103:07 39984649                  /usr/lib/x86_64-linux-gnu/libzstd.so.1.5.5
7b48ca6fe000-7b48ca6ff000 rw-p 000b8000 103:07 39984649                  /usr/lib/x86_64-linux-gnu/libzstd.so.1.5.5
7b48ca6ff000-7b48ca800000 rw-p 00000000 00:00 0 
7b48ca800000-7b48ca83d000 r-xp 00000000 103:07 57949302                  /home/bgodfrey/CASPER/Scilab/scilab-2024.1.0/lib/scilab/libsciexternal_objects_java.so.2024.1.0
7b48ca83d000-7b48caa3d000 ---p 0003d000 103:07 57949302                  /home/bgodfrey/CASPER/Scilab/scilab-2024.1.0/lib/scilab/libsciexternal_objects_java.so.2024.1.0
7b48caa3d000-7b48caa3e000 r--p 0003d000 103:07 57949302                  /home/bgodfrey/CASPER/Scilab/scilab-2024.1.0/lib/scilab/libsciexternal_objects_java.so.2024.1.0
7b48caa3e000-7b48caa3f000 rw-p 0003e000 103:07 57949302                  /home/bgodfrey/CASPER/Scilab/scilab-2024.1.0/lib/scilab/libsciexternal_objects_java.so.2024.1.0
7b48caa3f000-7b48caa4b000 rw-p 000c6000 103:07 57949302                  /home/bgodfrey/CASPER/Scilab/scilab-2024.1.0/lib/scilab/libsciexternal_objects_java.so.2024.1.0
7b48caa4b000-7b48caa4c000 r--s 00000000 103:07 32792072                  /var/cache/fontconfig/d5178ab6d91b49bf20a416737dcea9e8-le64.cache-9
7b48caa4c000-7b48caa4e000 r--s 00000000 103:07 32774958                  /var/cache/fontconfig/9847559ead66962bfc5feeee9f80d7a0-le64.cache-9
7b48caa4e000-7b48caa50000 r--p 00000000 103:07 39984305                  /usr/lib/x86_64-linux-gnu/libpciaccess.so.0.11.1
7b48caa50000-7b48caa55000 r-xp 00002000 103:07 39984305                  /usr/lib/x86_64-linux-gnu/libpciaccess.so.0.11.1
7b48caa55000-7b48caa57000 r--p 00007000 103:07 39984305                  /usr/lib/x86_64-linux-gnu/libpciaccess.so.0.11.1
7b48caa57000-7b48caa58000 r--p 00008000 103:07 39984305                  /usr/lib/x86_64-linux-gnu/libpciaccess.so.0.11.1
7b48caa58000-7b48caa59000 rw-p 00009000 103:07 39984305                  /usr/lib/x86_64-linux-gnu/libpciaccess.so.0.11.1
7b48caa59000-7b48caa5c000 r--p 00000000 103:07 39979100                  /usr/lib/x86_64-linux-gnu/libdrm_amdgpu.so.1.125.0
7b48caa5c000-7b48caa62000 r-xp 00003000 103:07 39979100                  /usr/lib/x86_64-linux-gnu/libdrm_amdgpu.so.1.125.0
7b48caa62000-7b48caa64000 r--p 00009000 103:07 39979100                  /usr/lib/x86_64-linux-gnu/libdrm_amdgpu.so.1.125.0
7b48caa64000-7b48caa65000 r--p 0000a000 103:07 39979100                  /usr/lib/x86_64-linux-gnu/libdrm_amdgpu.so.1.125.0
7b48caa65000-7b48caa66000 rw-p 0000b000 103:07 39979100                  /usr/lib/x86_64-linux-gnu/libdrm_amdgpu.so.1.125.0
7b48caa66000-7b48caa69000 r--p 00000000 103:07 39989112                  /usr/lib/x86_64-linux-gnu/libxcb-sync.so.1.0.0
7b48caa69000-7b48caa6c000 r-xp 00003000 103:07 39989112                  /usr/lib/x86_64-linux-gnu/libxcb-sync.so.1.0.0
7b48caa6c000-7b48caa6d000 r--p 00006000 103:07 39989112                  /usr/lib/x86_64-linux-gnu/libxcb-sync.so.1.0.0
7b48caa6d000-7b48caa6e000 r--p 00007000 103:07 39989112                  /usr/lib/x86_64-linux-gnu/libxcb-sync.so.1.0.0
7b48caa6e000-7b48caa6f000 rw-p 00008000 103:07 39989112                  /usr/lib/x86_64-linux-gnu/libxcb-sync.so.1.0.0
7b48caa6f000-7b48caa71000 r--p 00000000 103:07 39977425                  /usr/lib/x86_64-linux-gnu/libsensors.so.5.0.0
7b48caa71000-7b48caa78000 r-xp 00002000 103:07 39977425                  /usr/lib/x86_64-linux-gnu/libsensors.so.5.0.0
7b48caa78000-7b48caa7c000 r--p 00009000 103:07 39977425                  /usr/lib/x86_64-linux-gnu/libsensors.so.5.0.0
7b48caa7c000-7b48caa7d000 r--p 0000d000 103:07 39977425                  /usr/lib/x86_64-linux-gnu/libsensors.so.5.0.0
7b48caa7d000-7b48caa7e000 rw-p 0000e000 103:07 39977425                  /usr/lib/x86_64-linux-gnu/libsensors.so.5.0.0
7b48caa7e000-7b48caa8d000 r--p 00000000 103:07 39980581                  /usr/lib/x86_64-linux-gnu/libEGL_mesa.so.0.0.0
7b48caa8d000-7b48caab5000 r-xp 0000f000 103:07 39980581                  /usr/lib/x86_64-linux-gnu/libEGL_mesa.so.0.0.0
7b48caab5000-7b48caac6000 r--p 00037000 103:07 39980581                  /usr/lib/x86_64-linux-gnu/libEGL_mesa.so.0.0.0
7b48caac6000-7b48caad2000 r--p 00047000 103:07 39980581                  /usr/lib/x86_64-linux-gnu/libEGL_mesa.so.0.0.0
7b48caad2000-7b48caad3000 rw-p 00053000 103:07 39980581                  /usr/lib/x86_64-linux-gnu/libEGL_mesa.so.0.0.0
7b48caad3000-7b48caad7000 r--p 00000000 103:07 39979712                  /usr/lib/x86_64-linux-gnu/libexpat.so.1.9.1
7b48caad7000-7b48caaf4000 r-xp 00004000 103:07 39979712                  /usr/lib/x86_64-linux-gnu/libexpat.so.1.9.1
7b48caaf4000-7b48caafc000 r--p 00021000 103:07 39979712                  /usr/lib/x86_64-linux-gnu/libexpat.so.1.9.1
7b48caafc000-7b48caafe000 r--p 00028000 103:07 39979712                  /usr/lib/x86_64-linux-gnu/libexpat.so.1.9.1
7b48caafe000-7b48caaff000 rw-p 0002a000 103:07 39979712                  /usr/lib/x86_64-linux-gnu/libexpat.so.1.9.1
7b48caaff000-7b48cac00000 rw-p 00000000 00:00 0 
7b48cac00000-7b48cac08000 r-xp 00000000 103:07 57949279                  /home/bgodfrey/CASPER/Scilab/scilab-2024.1.0/lib/scilab/libscipreferences.so.2024.1.0
7b48cac08000-7b48cae07000 ---p 00008000 103:07 57949279                  /home/bgodfrey/CASPER/Scilab/scilab-2024.1.0/lib/scilab/libscipreferences.so.2024.1.0
7b48cae07000-7b48cae08000 r--p 00007000 103:07 57949279                  /home/bgodfrey/CASPER/Scilab/scilab-2024.1.0/lib/scilab/libscipreferences.so.2024.1.0
7b48cae08000-7b48cae09000 rw-p 00008000 103:07 57949279                  /home/bgodfrey/CASPER/Scilab/scilab-2024.1.0/lib/scilab/libscipreferences.so.2024.1.0
7b48cae09000-7b48cae0b000 rw-p 0001c000 103:07 57949279                  /home/bgodfrey/CASPER/Scilab/scilab-2024.1.0/lib/scilab/libscipreferences.so.2024.1.0
7b48cae0b000-7b48cae0c000 r--p 00000000 103:07 39979617                  /usr/lib/x86_64-linux-gnu/libxshmfence.so.1.0.0
7b48cae0c000-7b48cae0d000 r-xp 00001000 103:07 39979617                  /usr/lib/x86_64-linux-gnu/libxshmfence.so.1.0.0
7b48cae0d000-7b48cae0e000 r--p 00002000 103:07 39979617                  /usr/lib/x86_64-linux-gnu/libxshmfence.so.1.0.0
7b48cae0e000-7b48cae0f000 r--p 00002000 103:07 39979617                  /usr/lib/x86_64-linux-gnu/libxshmfence.so.1.0.0
7b48cae0f000-7b48cae10000 rw-p 00003000 103:07 39979617                  /usr/lib/x86_64-linux-gnu/libxshmfence.so.1.0.0
7b48cae10000-7b48cae13000 r--p 00000000 103:07 39984935                  /usr/lib/x86_64-linux-gnu/libnvidia-egl-xlib.so.1.0.4
7b48cae13000-7b48cae1d000 r-xp 00003000 103:07 39984935                  /usr/lib/x86_64-linux-gnu/libnvidia-egl-xlib.so.1.0.4
7b48cae1d000-7b48cae21000 r--p 0000d000 103:07 39984935                  /usr/lib/x86_64-linux-gnu/libnvidia-egl-xlib.so.1.0.4
7b48cae21000-7b48cae22000 r--p 00010000 103:07 39984935                  /usr/lib/x86_64-linux-gnu/libnvidia-egl-xlib.so.1.0.4
7b48cae22000-7b48cae23000 rw-p 00011000 103:07 39984935                  /usr/lib/x86_64-linux-gnu/libnvidia-egl-xlib.so.1.0.4
7b48cae23000-7b48cae26000 r--p 00000000 103:07 39984774                  /usr/lib/x86_64-linux-gnu/libnvidia-egl-xcb.so.1.0.4
7b48cae26000-7b48cae30000 r-xp 00003000 103:07 39984774                  /usr/lib/x86_64-linux-gnu/libnvidia-egl-xcb.so.1.0.4
7b48cae30000-7b48cae34000 r--p 0000d000 103:07 39984774                  /usr/lib/x86_64-linux-gnu/libnvidia-egl-xcb.so.1.0.4
7b48cae34000-7b48cae35000 r--p 00010000 103:07 39984774                  /usr/lib/x86_64-linux-gnu/libnvidia-egl-xcb.so.1.0.4
7b48cae35000-7b48cae36000 rw-p 00011000 103:07 39984774                  /usr/lib/x86_64-linux-gnu/libnvidia-egl-xcb.so.1.0.4
7b48cae36000-7b48cae3b000 r--p 00000000 103:07 39980985                  /usr/lib/x86_64-linux-gnu/libdrm.so.2.125.0
7b48cae3b000-7b48cae47000 r-xp 00005000 103:07 39980985                  /usr/lib/x86_64-linux-gnu/libdrm.so.2.125.0
7b48cae47000-7b48cae4b000 r--p 00011000 103:07 39980985                  /usr/lib/x86_64-linux-gnu/libdrm.so.2.125.0
7b48cae4b000-7b48cae4c000 r--p 00015000 103:07 39980985                  /usr/lib/x86_64-linux-gnu/libdrm.so.2.125.0
7b48cae4c000-7b48cae4d000 rw-p 00016000 103:07 39980985                  /usr/lib/x86_64-linux-gnu/libdrm.so.2.125.0
7b48cae4d000-7b48cae54000 r--p 00000000 103:07 39978961                  /usr/lib/x86_64-linux-gnu/libwayland-server.so.0.22.0
7b48cae54000-7b48cae5c000 r-xp 00007000 103:07 39978961                  /usr/lib/x86_64-linux-gnu/libwayland-server.so.0.22.0
7b48cae5c000-7b48cae60000 r--p 0000f000 103:07 39978961                  /usr/lib/x86_64-linux-gnu/libwayland-server.so.0.22.0
7b48cae60000-7b48cae62000 r--p 00012000 103:07 39978961                  /usr/lib/x86_64-linux-gnu/libwayland-server.so.0.22.0
7b48cae62000-7b48cae63000 rw-p 00014000 103:07 39978961                  /usr/lib/x86_64-linux-gnu/libwayland-server.so.0.22.0
7b48cae63000-7b48cae73000 r--p 00000000 103:07 39985304                  /usr/lib/x86_64-linux-gnu/libnvidia-glsi.so.580.126.09
7b48cae73000-7b48caed3000 r-xp 00010000 103:07 39985304                  /usr/lib/x86_64-linux-gnu/libnvidia-glsi.so.580.126.09
7b48caed3000-7b48caef0000 r--p 00070000 103:07 39985304                  /usr/lib/x86_64-linux-gnu/libnvidia-glsi.so.580.126.09
7b48caef0000-7b48caef6000 r--p 0008c000 103:07 39985304                  /usr/lib/x86_64-linux-gnu/libnvidia-glsi.so.580.126.09
7b48caef6000-7b48caef7000 rw-p 00092000 103:07 39985304                  /usr/lib/x86_64-linux-gnu/libnvidia-glsi.so.580.126.09
7b48caef7000-7b48cb000000 rw-p 00000000 00:00 0 
7b48cb000000-7b48cb01f000 r-xp 00000000 103:07 57949162                  /home/bgodfrey/CASPER/Scilab/scilab-2024.1.0/lib/scilab/libscitypes-java.so.2024.1.0
7b48cb01f000-7b48cb21e000 ---p 0001f000 103:07 57949162                  /home/bgodfrey/CASPER/Scilab/scilab-2024.1.0/lib/scilab/libscitypes-java.so.2024.1.0
7b48cb21e000-7b48cb21f000 r--p 0001e000 103:07 57949162                  /home/bgodfrey/CASPER/Scilab/scilab-2024.1.0/lib/scilab/libscitypes-java.so.2024.1.0
7b48cb21f000-7b48cb220000 rw-p 0001f000 103:07 57949162                  /home/bgodfrey/CASPER/Scilab/scilab-2024.1.0/lib/scilab/libscitypes-java.so.2024.1.0
7b48cb220000-7b48cb223000 rw-p 00062000 103:07 57949162                  /home/bgodfrey/CASPER/Scilab/scilab-2024.1.0/lib/scilab/libscitypes-java.so.2024.1.0
7b48cb223000-7b48cb224000 r--s 00000000 103:07 32792060                  /var/cache/fontconfig/551ecf3b0e8b0bca0f25c0944f561853-le64.cache-9
7b48cb224000-7b48cb22b000 r--p 00000000 103:07 39989110                  /usr/lib/x86_64-linux-gnu/libxcb-randr.so.0.1.0
7b48cb22b000-7b48cb230000 r-xp 00007000 103:07 39989110                  /usr/lib/x86_64-linux-gnu/libxcb-randr.so.0.1.0
7b48cb230000-7b48cb233000 r--p 0000c000 103:07 39989110                  /usr/lib/x86_64-linux-gnu/libxcb-randr.so.0.1.0
7b48cb233000-7b48cb234000 r--p 0000f000 103:07 39989110                  /usr/lib/x86_64-linux-gnu/libxcb-randr.so.0.1.0
7b48cb234000-7b48cb235000 rw-p 00010000 103:07 39989110                  /usr/lib/x86_64-linux-gnu/libxcb-randr.so.0.1.0
7b48cb235000-7b48cb239000 r--p 00000000 103:07 39977783                  /usr/lib/x86_64-linux-gnu/libnvidia-egl-wayland.so.1.1.13
7b48cb239000-7b48cb242000 r-xp 00004000 103:07 39977783                  /usr/lib/x86_64-linux-gnu/libnvidia-egl-wayland.so.1.1.13
7b48cb242000-7b48cb245000 r--p 0000d000 103:07 39977783                  /usr/lib/x86_64-linux-gnu/libnvidia-egl-wayland.so.1.1.13
7b48cb245000-7b48cb246000 r--p 00010000 103:07 39977783                  /usr/lib/x86_64-linux-gnu/libnvidia-egl-wayland.so.1.1.13
7b48cb246000-7b48cb247000 rw-p 00011000 103:07 39977783                  /usr/lib/x86_64-linux-gnu/libnvidia-egl-wayland.so.1.1.13
7b48cb247000-7b48cb288000 r--p 00000000 103:07 39983046                  /usr/lib/x86_64-linux-gnu/libGLdispatch.so.0.0.0
7b48cb288000-7b48cb2c7000 r-xp 00041000 103:07 39983046                  /usr/lib/x86_64-linux-gnu/libGLdispatch.so.0.0.0
7b48cb2c7000-7b48cb2da000 r--p 00080000 103:07 39983046                  /usr/lib/x86_64-linux-gnu/libGLdispatch.so.0.0.0
7b48cb2da000-7b48cb2f6000 r--p 00093000 103:07 39983046                  /usr/lib/x86_64-linux-gnu/libGLdispatch.so.0.0.0
7b48cb2f6000-7b48cb2f7000 rw-p 000af000 103:07 39983046                  /usr/lib/x86_64-linux-gnu/libGLdispatch.so.0.0.0
7b48cb2f7000-7b48cb400000 rw-p 00000000 00:00 0 
7b48cb400000-7b48cb406000 r-xp 00000000 103:07 57949270                  /home/bgodfrey/CASPER/Scilab/scilab-2024.1.0/lib/scilab/libscihistory_browser.so.2024.1.0
7b48cb406000-7b48cb605000 ---p 00006000 103:07 57949270                  /home/bgodfrey/CASPER/Scilab/scilab-2024.1.0/lib/scilab/libscihistory_browser.so.2024.1.0
7b48cb605000-7b48cb606000 r--p 00005000 103:07 57949270                  /home/bgodfrey/CASPER/Scilab/scilab-2024.1.0/lib/scilab/libscihistory_browser.so.2024.1.0
7b48cb606000-7b48cb607000 rw-p 00006000 103:07 57949270                  /home/bgodfrey/CASPER/Scilab/scilab-2024.1.0/lib/scilab/libscihistory_browser.so.2024.1.0
7b48cb607000-7b48cb609000 rw-p 00014000 103:07 57949270                  /home/bgodfrey/CASPER/Scilab/scilab-2024.1.0/lib/scilab/libscihistory_browser.so.2024.1.0
7b48cb609000-7b48cb60a000 r--s 00000000 103:07 32792052                  /var/cache/fontconfig/3f7329c5293ffd510edef78f73874cfd-le64.cache-9
7b48cb60a000-7b48cb60b000 r--s 00000000 103:07 32792048                  /var/cache/fontconfig/22368d551a680bfe5a62c02760edf4ea-le64.cache-9
7b48cb60b000-7b48cb60c000 r--s 00000000 103:07 32792047                  /var/cache/fontconfig/4d9c95eba1cb85bbcf2878543262124a-le64.cache-9
7b48cb60c000-7b48cb60f000 r--p 00000000 103:07 39989114                  /usr/lib/x86_64-linux-gnu/libxcb-xfixes.so.0.0.0
7b48cb60f000-7b48cb612000 r-xp 00003000 103:07 39989114                  /usr/lib/x86_64-linux-gnu/libxcb-xfixes.so.0.0.0
7b48cb612000-7b48cb614000 r--p 00006000 103:07 39989114                  /usr/lib/x86_64-linux-gnu/libxcb-xfixes.so.0.0.0
7b48cb614000-7b48cb615000 r--p 00007000 103:07 39989114                  /usr/lib/x86_64-linux-gnu/libxcb-xfixes.so.0.0.0
7b48cb615000-7b48cb616000 rw-p 00008000 103:07 39989114                  /usr/lib/x86_64-linux-gnu/libxcb-xfixes.so.0.0.0
7b48cb616000-7b48cb632000 r--p 00000000 103:07 40928843                  /usr/lib/jni/libjogl_mobile.so
7b48cb632000-7b48cb657000 r-xp 0001c000 103:07 40928843                  /usr/lib/jni/libjogl_mobile.so
7b48cb657000-7b48cb664000 r--p 00041000 103:07 40928843                  /usr/lib/jni/libjogl_mobile.so
7b48cb664000-7b48cb665000 r--p 0004d000 103:07 40928843                  /usr/lib/jni/libjogl_mobile.so
7b48cb665000-7b48cb666000 rw-p 0004e000 103:07 40928843                  /usr/lib/jni/libjogl_mobile.so
7b48cb666000-7b48cb669000 r--p 00000000 103:07 39980977                  /usr/lib/x86_64-linux-gnu/libEGL.so.1.1.0
7b48cb669000-7b48cb673000 r-xp 00003000 103:07 39980977                  /usr/lib/x86_64-linux-gnu/libEGL.so.1.1.0
7b48cb673000-7b48cb676000 r--p 0000d000 103:07 39980977                  /usr/lib/x86_64-linux-gnu/libEGL.so.1.1.0
7b48cb676000-7b48cb677000 r--p 00010000 103:07 39980977                  /usr/lib/x86_64-linux-gnu/libEGL.so.1.1.0
7b48cb677000-7b48cb678000 rw-p 00011000 103:07 39980977                  /usr/lib/x86_64-linux-gnu/libEGL.so.1.1.0
7b48cb678000-7b48cb6bb000 r--p 00000000 103:07 39980858                  /usr/lib/x86_64-linux-gnu/libGL.so.1.7.0
7b48cb6bb000-7b48cb6db000 r-xp 00043000 103:07 39980858                  /usr/lib/x86_64-linux-gnu/libGL.so.1.7.0
7b48cb6db000-7b48cb6ef000 r--p 00063000 103:07 39980858                  /usr/lib/x86_64-linux-gnu/libGL.so.1.7.0
7b48cb6ef000-7b48cb6fd000 r--p 00077000 103:07 39980858                  /usr/lib/x86_64-linux-gnu/libGL.so.1.7.0
7b48cb6fd000-7b48cb6fe000 rw-p 00085000 103:07 39980858                  /usr/lib/x86_64-linux-gnu/libGL.so.1.7.0
7b48cb6fe000-7b48cb800000 rw-p 00000000 00:00 0 
7b48cb800000-7b48cb81e000 r-xp 00000000 103:07 57949262                  /home/bgodfrey/CASPER/Scilab/scilab-2024.1.0/lib/scilab/libsciui_data.so.2024.1.0
7b48cb81e000-7b48cba1d000 ---p 0001e000 103:07 57949262                  /home/bgodfrey/CASPER/Scilab/scilab-2024.1.0/lib/scilab/libsciui_data.so.2024.1.0
7b48cba1d000-7b48cba1e000 r--p 0001d000 103:07 57949262                  /home/bgodfrey/CASPER/Scilab/scilab-2024.1.0/lib/scilab/libsciui_data.so.2024.1.0
7b48cba1e000-7b48cba1f000 rw-p 0001e000 103:07 57949262                  /home/bgodfrey/CASPER/Scilab/scilab-2024.1.0/lib/scilab/libsciui_data.so.2024.1.0
7b48cba1f000-7b48cba23000 rw-p 0006e000 103:07 57949262                  /home/bgodfrey/CASPER/Scilab/scilab-2024.1.0/lib/scilab/libsciui_data.so.2024.1.0
7b48cba23000-7b48cba28000 r--p 00000000 103:07 39987562                  /usr/lib/x86_64-linux-gnu/libwayland-client.so.0.22.0
7b48cba28000-7b48cba2e000 r-xp 00005000 103:07 39987562                  /usr/lib/x86_64-linux-gnu/libwayland-client.so.0.22.0
7b48cba2e000-7b48cba30000 r--p 0000b000 103:07 39987562                  /usr/lib/x86_64-linux-gnu/libwayland-client.so.0.22.0
7b48cba30000-7b48cba32000 r--p 0000d000 103:07 39987562                  /usr/lib/x86_64-linux-gnu/libwayland-client.so.0.22.0
7b48cba32000-7b48cba33000 rw-p 0000f000 103:07 39987562                  /usr/lib/x86_64-linux-gnu/libwayland-client.so.0.22.0
7b48cba33000-7b48cba40000 r--p 00000000 103:07 39977101                  /usr/lib/x86_64-linux-gnu/libfreetype.so.6.20.1
7b48cba40000-7b48cbad1000 r-xp 0000d000 103:07 39977101                  /usr/lib/x86_64-linux-gnu/libfreetype.so.6.20.1
7b48cbad1000-7b48cbaf7000 r--p 0009e000 103:07 39977101                  /usr/lib/x86_64-linux-gnu/libfreetype.so.6.20.1
7b48cbaf7000-7b48cbafe000 r--p 000c4000 103:07 39977101                  /usr/lib/x86_64-linux-gnu/libfreetype.so.6.20.1
7b48cbafe000-7b48cbaff000 rw-p 000cb000 103:07 39977101                  /usr/lib/x86_64-linux-gnu/libfreetype.so.6.20.1
7b48cbaff000-7b48cbc00000 rw-p 00000000 00:00 0 
7b48cbc00000-7b48cbc08000 r-xp 00000000 103:07 57949250                  /home/bgodfrey/CASPER/Scilab/scilab-2024.1.0/lib/scilab/libsciscinotes.so.2024.1.0
7b48cbc08000-7b48cbe07000 ---p 00008000 103:07 57949250                  /home/bgodfrey/CASPER/Scilab/scilab-2024.1.0/lib/scilab/libsciscinotes.so.2024.1.0
7b48cbe07000-7b48cbe08000 r--p 00007000 103:07 57949250                  /home/bgodfrey/CASPER/Scilab/scilab-2024.1.0/lib/scilab/libsciscinotes.so.2024.1.0
7b48cbe08000-7b48cbe09000 rw-p 00008000 103:07 57949250                  /home/bgodfrey/CASPER/Scilab/scilab-2024.1.0/lib/scilab/libsciscinotes.so.2024.1.0
7b48cbe09000-7b48cbe0b000 rw-p 0001c000 103:07 57949250                  /home/bgodfrey/CASPER/Scilab/scilab-2024.1.0/lib/scilab/libsciscinotes.so.2024.1.0
7b48cbe0b000-7b48cbe0d000 r--p 00000000 103:07 39989106                  /usr/lib/x86_64-linux-gnu/libxcb-dri3.so.0.1.0
7b48cbe0d000-7b48cbe0f000 r-xp 00002000 103:07 39989106                  /usr/lib/x86_64-linux-gnu/libxcb-dri3.so.0.1.0
7b48cbe0f000-7b48cbe10000 r--p 00004000 103:07 39989106                  /usr/lib/x86_64-linux-gnu/libxcb-dri3.so.0.1.0
7b48cbe10000-7b48cbe11000 r--p 00004000 103:07 39989106                  /usr/lib/x86_64-linux-gnu/libxcb-dri3.so.0.1.0
7b48cbe11000-7b48cbe12000 rw-p 00005000 103:07 39989106                  /usr/lib/x86_64-linux-gnu/libxcb-dri3.so.0.1.0
7b48cbe12000-7b48cbe3f000 r--p 00000000 103:07 57952162                  /home/bgodfrey/CASPER/Scilab/scilab-2024.1.0/thirdparty/java/lib/libawt.so
7b48cbe3f000-7b48cbec1000 r-xp 0002d000 103:07 57952162                  /home/bgodfrey/CASPER/Scilab/scilab-2024.1.0/thirdparty/java/lib/libawt.so
7b48cbec1000-7b48cbece000 r--p 000af000 103:07 57952162                  /home/bgodfrey/CASPER/Scilab/scilab-2024.1.0/thirdparty/java/lib/libawt.so
7b48cbece000-7b48cbecf000 r--p 000bb000 103:07 57952162                  /home/bgodfrey/CASPER/Scilab/scilab-2024.1.0/thirdparty/java/lib/libawt.so
7b48cbecf000-7b48cbeda000 rw-p 000bc000 103:07 57952162                  /home/bgodfrey/CASPER/Scilab/scilab-2024.1.0/thirdparty/java/lib/libawt.so
7b48cbeda000-7b48cc000000 rw-p 00000000 00:00 0 
7b48cc000000-7b48cc057000 r-xp 00000000 103:07 57949179                  /home/bgodfrey/CASPER/Scilab/scilab-2024.1.0/lib/scilab/libscigraphic_objects.so.2024.1.0
7b48cc057000-7b48cc257000 ---p 00057000 103:07 57949179                  /home/bgodfrey/CASPER/Scilab/scilab-2024.1.0/lib/scilab/libscigraphic_objects.so.2024.1.0
7b48cc257000-7b48cc258000 r--p 00057000 103:07 57949179                  /home/bgodfrey/CASPER/Scilab/scilab-2024.1.0/lib/scilab/libscigraphic_objects.so.2024.1.0
7b48cc258000-7b48cc25a000 rw-p 00058000 103:07 57949179                  /home/bgodfrey/CASPER/Scilab/scilab-2024.1.0/lib/scilab/libscigraphic_objects.so.2024.1.0
7b48cc25a000-7b48cc25b000 rw-p 00000000 00:00 0 
7b48cc25b000-7b48cc267000 rw-p 0011c000 103:07 57949179                  /home/bgodfrey/CASPER/Scilab/scilab-2024.1.0/lib/scilab/libscigraphic_objects.so.2024.1.0
7b48cc267000-7b48cc268000 r--s 00000000 103:07 32792046                  /var/cache/fontconfig/85e0a52ce643a7ba2ae53e5d6949cead-le64.cache-9
7b48cc268000-7b48cc269000 r--s 00000000 103:07 32792045                  /var/cache/fontconfig/49f0de54bdd920fe4f0dfd4cbac43e6b-le64.cache-9
7b48cc269000-7b48cc26a000 r--s 00000000 103:07 32792044                  /var/cache/fontconfig/f6e6e0a5c3d2f6ae0c0c2e0ecd42a997-le64.cache-9
7b48cc26a000-7b48cc26c000 r--p 00000000 103:07 39978694                  /usr/lib/x86_64-linux-gnu/libgbm.so.1.0.0
7b48cc26c000-7b48cc26e000 r-xp 00002000 103:07 39978694                  /usr/lib/x86_64-linux-gnu/libgbm.so.1.0.0
7b48cc26e000-7b48cc26f000 r--p 00004000 103:07 39978694                  /usr/lib/x86_64-linux-gnu/libgbm.so.1.0.0
7b48cc26f000-7b48cc270000 r--p 00004000 103:07 39978694                  /usr/lib/x86_64-linux-gnu/libgbm.so.1.0.0
7b48cc270000-7b48cc271000 rw-p 00005000 103:07 39978694                  /usr/lib/x86_64-linux-gnu/libgbm.so.1.0.0
7b48cc271000-7b48cc274000 r--p 00000000 103:07 39982647                  /usr/lib/x86_64-linux-gnu/libGLX.so.0.0.0
7b48cc274000-7b48cc28f000 r-xp 00003000 103:07 39982647                  /usr/lib/x86_64-linux-gnu/libGLX.so.0.0.0
7b48cc28f000-7b48cc292000 r--p 0001e000 103:07 39982647                  /usr/lib/x86_64-linux-gnu/libGLX.so.0.0.0
7b48cc292000-7b48cc293000 r--p 00020000 103:07 39982647                  /usr/lib/x86_64-linux-gnu/libGLX.so.0.0.0
7b48cc293000-7b48cc294000 rw-p 00021000 103:07 39982647                  /usr/lib/x86_64-linux-gnu/libGLX.so.0.0.0
7b48cc294000-7b48cc2a4000 rw-p 00000000 00:00 0 
7b48cc2a4000-7b48cc2a5000 r--p 00000000 103:07 39981462                  /usr/lib/x86_64-linux-gnu/libbrotlicommon.so.1.1.0
7b48cc2a5000-7b48cc2a6000 r-xp 00001000 103:07 39981462                  /usr/lib/x86_64-linux-gnu/libbrotlicommon.so.1.1.0
7b48cc2a6000-7b48cc2c5000 r--p 00002000 103:07 39981462                  /usr/lib/x86_64-linux-gnu/libbrotlicommon.so.1.1.0
7b48cc2c5000-7b48cc2c6000 r--p 00021000 103:07 39981462                  /usr/lib/x86_64-linux-gnu/libbrotlicommon.so.1.1.0
7b48cc2c6000-7b48cc2c7000 rw-p 00022000 103:07 39981462                  /usr/lib/x86_64-linux-gnu/libbrotlicommon.so.1.1.0
7b48cc2c7000-7b48cc2cc000 r--p 00000000 103:07 39977232                  /usr/lib/x86_64-linux-gnu/libpng16.so.16.43.0
7b48cc2cc000-7b48cc2f4000 r-xp 00005000 103:07 39977232                  /usr/lib/x86_64-linux-gnu/libpng16.so.16.43.0
7b48cc2f4000-7b48cc2fd000 r--p 0002d000 103:07 39977232                  /usr/lib/x86_64-linux-gnu/libpng16.so.16.43.0
7b48cc2fd000-7b48cc2fe000 r--p 00035000 103:07 39977232                  /usr/lib/x86_64-linux-gnu/libpng16.so.16.43.0
7b48cc2fe000-7b48cc2ff000 rw-p 00036000 103:07 39977232                  /usr/lib/x86_64-linux-gnu/libpng16.so.16.43.0
7b48cc2ff000-7b48cc400000 rw-p 00000000 00:00 0 
7b48cc400000-7b48cc405000 r-xp 00000000 103:07 57949170                  /home/bgodfrey/CASPER/Scilab/scilab-2024.1.0/lib/scilab/libsciaction_binding.so.2024.1.0
7b48cc405000-7b48cc604000 ---p 00005000 103:07 57949170                  /home/bgodfrey/CASPER/Scilab/scilab-2024.1.0/lib/scilab/libsciaction_binding.so.2024.1.0
7b48cc604000-7b48cc605000 r--p 00004000 103:07 57949170                  /home/bgodfrey/CASPER/Scilab/scilab-2024.1.0/lib/scilab/libsciaction_binding.so.2024.1.0
7b48cc605000-7b48cc606000 rw-p 00005000 103:07 57949170                  /home/bgodfrey/CASPER/Scilab/scilab-2024.1.0/lib/scilab/libsciaction_binding.so.2024.1.0
7b48cc606000-7b48cc608000 rw-p 00014000 103:07 57949170                  /home/bgodfrey/CASPER/Scilab/scilab-2024.1.0/lib/scilab/libsciaction_binding.so.2024.1.0
7b48cc608000-7b48cc610000 r--p 00000000 103:07 39982653                  /usr/lib/x86_64-linux-gnu/libGLESv2.so.2.1.0
7b48cc610000-7b48cc615000 r-xp 00008000 103:07 39982653                  /usr/lib/x86_64-linux-gnu/libGLESv2.so.2.1.0
7b48cc615000-7b48cc617000 r--p 0000d000 103:07 39982653                  /usr/lib/x86_64-linux-gnu/libGLESv2.so.2.1.0
7b48cc617000-7b48cc619000 r--p 0000f000 103:07 39982653                  /usr/lib/x86_64-linux-gnu/libGLESv2.so.2.1.0
7b48cc619000-7b48cc61a000 rw-p 00011000 103:07 39982653                  /usr/lib/x86_64-linux-gnu/libGLESv2.so.2.1.0
7b48cc61a000-7b48cc61c000 r--p 00000000 103:07 39977098                  /usr/lib/x86_64-linux-gnu/libbz2.so.1.0.4
7b48cc61c000-7b48cc62a000 r-xp 00002000 103:07 39977098                  /usr/lib/x86_64-linux-gnu/libbz2.so.1.0.4
7b48cc62a000-7b48cc62c000 r--p 00010000 103:07 39977098                  /usr/lib/x86_64-linux-gnu/libbz2.so.1.0.4
7b48cc62c000-7b48cc62d000 r--p 00011000 103:07 39977098                  /usr/lib/x86_64-linux-gnu/libbz2.so.1.0.4
7b48cc62d000-7b48cc62e000 rw-p 00012000 103:07 39977098                  /usr/lib/x86_64-linux-gnu/libbz2.so.1.0.4
7b48cc62e000-7b48cc633000 r--p 00000000 103:07 57952160                  /home/bgodfrey/CASPER/Scilab/scilab-2024.1.0/thirdparty/java/lib/libjsvml.so
7b48cc633000-7b48cc674000 r-xp 00005000 103:07 57952160                  /home/bgodfrey/CASPER/Scilab/scilab-2024.1.0/thirdparty/java/lib/libjsvml.so
7b48cc674000-7b48cc6fd000 r--p 00046000 103:07 57952160                  /home/bgodfrey/CASPER/Scilab/scilab-2024.1.0/thirdparty/java/lib/libjsvml.so
7b48cc6fd000-7b48cc6fe000 r--p 000ce000 103:07 57952160                  /home/bgodfrey/CASPER/Scilab/scilab-2024.1.0/thirdparty/java/lib/libjsvml.so
7b48cc6fe000-7b48cc6ff000 rw-p 000cf000 103:07 57952160                  /home/bgodfrey/CASPER/Scilab/scilab-2024.1.0/thirdparty/java/lib/libjsvml.so
7b48cc6ff000-7b48cc800000 rw-p 00000000 00:00 0 
7b48cc800000-7b48cc809000 r-xp 00000000 103:07 57949198                  /home/bgodfrey/CASPER/Scilab/scilab-2024.1.0/lib/scilab/libscigraphic_export.so.2024.1.0
7b48cc809000-7b48cca08000 ---p 00009000 103:07 57949198                  /home/bgodfrey/CASPER/Scilab/scilab-2024.1.0/lib/scilab/libscigraphic_export.so.2024.1.0
7b48cca08000-7b48cca09000 r--p 00008000 103:07 57949198                  /home/bgodfrey/CASPER/Scilab/scilab-2024.1.0/lib/scilab/libscigraphic_export.so.2024.1.0
7b48cca09000-7b48cca0a000 rw-p 00009000 103:07 57949198                  /home/bgodfrey/CASPER/Scilab/scilab-2024.1.0/lib/scilab/libscigraphic_export.so.2024.1.0
7b48cca0a000-7b48cca0c000 rw-p 0001c000 103:07 57949198                  /home/bgodfrey/CASPER/Scilab/scilab-2024.1.0/lib/scilab/libscigraphic_export.so.2024.1.0
7b48cca0c000-7b48cca0d000 r--p 00000000 103:07 39984443                  /usr/lib/x86_64-linux-gnu/libxcb-shm.so.0.0.0
7b48cca0d000-7b48cca0e000 r-xp 00001000 103:07 39984443                  /usr/lib/x86_64-linux-gnu/libxcb-shm.so.0.0.0
7b48cca0e000-7b48cca0f000 r--p 00002000 103:07 39984443                  /usr/lib/x86_64-linux-gnu/libxcb-shm.so.0.0.0
7b48cca0f000-7b48cca10000 r--p 00002000 103:07 39984443                  /usr/lib/x86_64-linux-gnu/libxcb-shm.so.0.0.0
7b48cca10000-7b48cca11000 rw-p 00003000 103:07 39984443                  /usr/lib/x86_64-linux-gnu/libxcb-shm.so.0.0.0
7b48cca11000-7b48cca12000 r--p 00000000 103:07 39984715                  /usr/lib/x86_64-linux-gnu/libnvidia-egl-gbm.so.1.1.3
7b48cca12000-7b48cca15000 r-xp 00001000 103:07 39984715                  /usr/lib/x86_64-linux-gnu/libnvidia-egl-gbm.so.1.1.3
7b48cca15000-7b48cca16000 r--p 00004000 103:07 39984715                  /usr/lib/x86_64-linux-gnu/libnvidia-egl-gbm.so.1.1.3
7b48cca16000-7b48cca17000 ---p 00005000 103:07 39984715                  /usr/lib/x86_64-linux-gnu/libnvidia-egl-gbm.so.1.1.3
7b48cca17000-7b48cca18000 r--p 00005000 103:07 39984715                  /usr/lib/x86_64-linux-gnu/libnvidia-egl-gbm.so.1.1.3
7b48cca18000-7b48cca19000 rw-p 00006000 103:07 39984715                  /usr/lib/x86_64-linux-gnu/libnvidia-egl-gbm.so.1.1.3
7b48cca19000-7b48cca29000 r--p 00000000 103:07 57952104                  /home/bgodfrey/CASPER/Scilab/scilab-2024.1.0/thirdparty/java/lib/libawt_xawt.so
7b48cca29000-7b48cca67000 r-xp 00010000 103:07 57952104                  /home/bgodfrey/CASPER/Scilab/scilab-2024.1.0/thirdparty/java/lib/libawt_xawt.so
7b48cca67000-7b48cca78000 r--p 0004e000 103:07 57952104                  /home/bgodfrey/CASPER/Scilab/scilab-2024.1.0/thirdparty/java/lib/libawt_xawt.so
7b48cca78000-7b48cca79000 ---p 0005f000 103:07 57952104                  /home/bgodfrey/CASPER/Scilab/scilab-2024.1.0/thirdparty/java/lib/libawt_xawt.so
7b48cca79000-7b48cca7a000 r--p 0005f000 103:07 57952104                  /home/bgodfrey/CASPER/Scilab/scilab-2024.1.0/thirdparty/java/lib/libawt_xawt.so
7b48cca7a000-7b48cca7c000 rw-p 00060000 103:07 57952104                  /home/bgodfrey/CASPER/Scilab/scilab-2024.1.0/thirdparty/java/lib/libawt_xawt.so
7b48cca7c000-7b48ccc00000 rw-p 00000000 00:00 0 
7b48ccc00000-7b48ccc85000 r-xp 00000000 103:07 57949206                  /home/bgodfrey/CASPER/Scilab/scilab-2024.1.0/lib/scilab/libscigraphics.so.2024.1.0
7b48ccc85000-7b48cce85000 ---p 00085000 103:07 57949206                  /home/bgodfrey/CASPER/Scilab/scilab-2024.1.0/lib/scilab/libscigraphics.so.2024.1.0
7b48cce85000-7b48cce89000 r--p 00085000 103:07 57949206                  /home/bgodfrey/CASPER/Scilab/scilab-2024.1.0/lib/scilab/libscigraphics.so.2024.1.0
7b48cce89000-7b48cce8b000 rw-p 00089000 103:07 57949206                  /home/bgodfrey/CASPER/Scilab/scilab-2024.1.0/lib/scilab/libscigraphics.so.2024.1.0
7b48cce8b000-7b48cce8c000 rw-p 00000000 00:00 0 
7b48cce8c000-7b48cce95000 rw-p 00283000 103:07 57949206                  /home/bgodfrey/CASPER/Scilab/scilab-2024.1.0/lib/scilab/libscigraphics.so.2024.1.0
7b48cce95000-7b48cce98000 r--s 00000000 103:07 32792117                  /var/cache/fontconfig/16326683038b281783a0ef8c680e3a10-le64.cache-9
7b48cce98000-7b48cce9a000 r--p 00000000 103:07 39979155                  /usr/lib/x86_64-linux-gnu/libffi.so.8.1.4
7b48cce9a000-7b48ccea1000 r-xp 00002000 103:07 39979155                  /usr/lib/x86_64-linux-gnu/libffi.so.8.1.4
7b48ccea1000-7b48ccea2000 r--p 00009000 103:07 39979155                  /usr/lib/x86_64-linux-gnu/libffi.so.8.1.4
7b48ccea2000-7b48ccea3000 r--p 0000a000 103:07 39979155                  /usr/lib/x86_64-linux-gnu/libffi.so.8.1.4
7b48ccea3000-7b48ccea4000 rw-p 0000b000 103:07 39979155                  /usr/lib/x86_64-linux-gnu/libffi.so.8.1.4
7b48ccea4000-7b48cd000000 rw-p 00000000 00:00 0 
7b48cd000000-7b48cd00b000 r-xp 00000000 103:07 57949182                  /home/bgodfrey/CASPER/Scilab/scilab-2024.1.0/lib/scilab/libscirenderer.so.2024.1.0
7b48cd00b000-7b48cd20b000 ---p 0000b000 103:07 57949182                  /home/bgodfrey/CASPER/Scilab/scilab-2024.1.0/lib/scilab/libscirenderer.so.2024.1.0
7b48cd20b000-7b48cd20c000 r--p 0000b000 103:07 57949182                  /home/bgodfrey/CASPER/Scilab/scilab-2024.1.0/lib/scilab/libscirenderer.so.2024.1.0
7b48cd20c000-7b48cd20d000 rw-p 0000c000 103:07 57949182                  /home/bgodfrey/CASPER/Scilab/scilab-2024.1.0/lib/scilab/libscirenderer.so.2024.1.0
7b48cd20d000-7b48cd20f000 rw-p 00024000 103:07 57949182                  /home/bgodfrey/CASPER/Scilab/scilab-2024.1.0/lib/scilab/libscirenderer.so.2024.1.0
7b48cd20f000-7b48cd210000 r--s 00000000 103:07 32772570                  /var/cache/fontconfig/4b2eda6bb976bda485cb2176619421d5-le64.cache-9
7b48cd210000-7b48cd211000 r--p 00000000 103:07 39981785                  /usr/lib/x86_64-linux-gnu/libX11-xcb.so.1.0.0
7b48cd211000-7b48cd212000 r-xp 00001000 103:07 39981785                  /usr/lib/x86_64-linux-gnu/libX11-xcb.so.1.0.0
7b48cd212000-7b48cd213000 r--p 00002000 103:07 39981785                  /usr/lib/x86_64-linux-gnu/libX11-xcb.so.1.0.0
7b48cd213000-7b48cd214000 r--p 00002000 103:07 39981785                  /usr/lib/x86_64-linux-gnu/libX11-xcb.so.1.0.0
7b48cd214000-7b48cd215000 rw-p 00003000 103:07 39981785                  /usr/lib/x86_64-linux-gnu/libX11-xcb.so.1.0.0
7b48cd215000-7b48cd216000 r--p 00000000 103:07 39996613                  /usr/lib/x86_64-linux-gnu/libXxf86vm.so.1.0.0
7b48cd216000-7b48cd219000 r-xp 00001000 103:07 39996613                  /usr/lib/x86_64-linux-gnu/libXxf86vm.so.1.0.0
7b48cd219000-7b48cd21a000 r--p 00004000 103:07 39996613                  /usr/lib/x86_64-linux-gnu/libXxf86vm.so.1.0.0
7b48cd21a000-7b48cd21b000 r--p 00004000 103:07 39996613                  /usr/lib/x86_64-linux-gnu/libXxf86vm.so.1.0.0
7b48cd21b000-7b48cd21c000 rw-p 00005000 103:07 39996613                  /usr/lib/x86_64-linux-gnu/libXxf86vm.so.1.0.0
7b48cd21c000-7b48cd21f000 r--p 00000000 103:07 39980036                  /usr/lib/x86_64-linux-gnu/libXi.so.6.1.0
7b48cd21f000-7b48cd22b000 r-xp 00003000 103:07 39980036                  /usr/lib/x86_64-linux-gnu/libXi.so.6.1.0
7b48cd22b000-7b48cd22d000 r--p 0000f000 103:07 39980036                  /usr/lib/x86_64-linux-gnu/libXi.so.6.1.0
7b48cd22d000-7b48cd22e000 r--p 00011000 103:07 39980036                  /usr/lib/x86_64-linux-gnu/libXi.so.6.1.0
7b48cd22e000-7b48cd22f000 rw-p 00012000 103:07 39980036                  /usr/lib/x86_64-linux-gnu/libXi.so.6.1.0
7b48cd22f000-7b48cd233000 r--p 00000000 103:07 39986854                  /usr/lib/x86_64-linux-gnu/libXext.so.6.4.0
7b48cd233000-7b48cd23e000 r-xp 00004000 103:07 39986854                  /usr/lib/x86_64-linux-gnu/libXext.so.6.4.0
7b48cd23e000-7b48cd241000 r--p 0000f000 103:07 39986854                  /usr/lib/x86_64-linux-gnu/libXext.so.6.4.0
7b48cd241000-7b48cd242000 r--p 00011000 103:07 39986854                  /usr/lib/x86_64-linux-gnu/libXext.so.6.4.0
7b48cd242000-7b48cd243000 rw-p 00012000 103:07 39986854                  /usr/lib/x86_64-linux-gnu/libXext.so.6.4.0
7b48cd243000-7b48cd400000 rw-p 00000000 00:00 0 
7b48cd400000-7b48cd469000 r-xp 00000000 103:07 57949190                  /home/bgodfrey/CASPER/Scilab/scilab-2024.1.0/lib/scilab/libscigui.so.2024.1.0
7b48cd469000-7b48cd669000 ---p 00069000 103:07 57949190                  /home/bgodfrey/CASPER/Scilab/scilab-2024.1.0/lib/scilab/libscigui.so.2024.1.0
7b48cd669000-7b48cd66a000 r--p 00069000 103:07 57949190                  /home/bgodfrey/CASPER/Scilab/scilab-2024.1.0/lib/scilab/libscigui.so.2024.1.0
7b48cd66a000-7b48cd66b000 rw-p 0006a000 103:07 57949190                  /home/bgodfrey/CASPER/Scilab/scilab-2024.1.0/lib/scilab/libscigui.so.2024.1.0
7b48cd66b000-7b48cd66c000 rw-p 00000000 00:00 0 
7b48cd66c000-7b48cd677000 rw-p 0016a000 103:07 57949190                  /home/bgodfrey/CASPER/Scilab/scilab-2024.1.0/lib/scilab/libscigui.so.2024.1.0
7b48cd677000-7b48cd678000 r--s 00000000 103:07 32792116                  /var/cache/fontconfig/e0aa53bcfa504e64f87823c16bc01eb6-le64.cache-9
7b48cd678000-7b48cd679000 r--p 00000000 103:07 39984706                  /usr/lib/x86_64-linux-gnu/libxcb-present.so.0.0.0
7b48cd679000-7b48cd67a000 r-xp 00001000 103:07 39984706                  /usr/lib/x86_64-linux-gnu/libxcb-present.so.0.0.0
7b48cd67a000-7b48cd67b000 r--p 00002000 103:07 39984706                  /usr/lib/x86_64-linux-gnu/libxcb-present.so.0.0.0
7b48cd67b000-7b48cd67c000 r--p 00002000 103:07 39984706                  /usr/lib/x86_64-linux-gnu/libxcb-present.so.0.0.0
7b48cd67c000-7b48cd67d000 rw-p 00003000 103:07 39984706                  /usr/lib/x86_64-linux-gnu/libxcb-present.so.0.0.0
7b48cd67d000-7b48cd67f000 r--p 00000000 103:07 39980418                  /usr/lib/x86_64-linux-gnu/libz.so.1.3
7b48cd67f000-7b48cd691000 r-xp 00002000 103:07 39980418                  /usr/lib/x86_64-linux-gnu/libz.so.1.3
7b48cd691000-7b48cd697000 r--p 00014000 103:07 39980418                  /usr/lib/x86_64-linux-gnu/libz.so.1.3
7b48cd697000-7b48cd698000 r--p 0001a000 103:07 39980418                  /usr/lib/x86_64-linux-gnu/libz.so.1.3
7b48cd698000-7b48cd699000 rw-p 0001b000 103:07 39980418                  /usr/lib/x86_64-linux-gnu/libz.so.1.3
7b48cd699000-7b48cd69a000 r--p 00000000 103:07 39979050                  /usr/lib/x86_64-linux-gnu/libwayland-egl.so.1.22.0
7b48cd69a000-7b48cd69b000 r-xp 00001000 103:07 39979050                  /usr/lib/x86_64-linux-gnu/libwayland-egl.so.1.22.0
7b48cd69b000-7b48cd69c000 r--p 00002000 103:07 39979050                  /usr/lib/x86_64-linux-gnu/libwayland-egl.so.1.22.0
7b48cd69c000-7b48cd69d000 r--p 00002000 103:07 39979050                  /usr/lib/x86_64-linux-gnu/libwayland-egl.so.1.22.0
7b48cd69d000-7b48cd69e000 rw-p 00003000 103:07 39979050                  /usr/lib/x86_64-linux-gnu/libwayland-egl.so.1.22.0
7b48cd69e000-7b48cd6ae000 rw-s 103473000 00:10 1059                      anon_inode:i915.gem
7b48cd6ae000-7b48cd6be000 rw-s 10ea80000 00:10 1059                      anon_inode:i915.gem
7b48cd6be000-7b48cd800000 rw-p 00000000 00:00 0 
7b48cd800000-7b48cd801000 r-xp 00000000 103:07 57949334                  /home/bgodfrey/CASPER/Scilab/scilab-2024.1.0/lib/scilab/libscilab.so.2024.1.0
7b48cd801000-7b48cda01000 ---p 00001000 103:07 57949334                  /home/bgodfrey/CASPER/Scilab/scilab-2024.1.0/lib/scilab/libscilab.so.2024.1.0
7b48cda01000-7b48cda02000 r--p 00001000 103:07 57949334                  /home/bgodfrey/CASPER/Scilab/scilab-2024.1.0/lib/scilab/libscilab.so.2024.1.0
7b48cda02000-7b48cda04000 rw-p 00002000 103:07 57949334                  /home/bgodfrey/CASPER/Scilab/scilab-2024.1.0/lib/scilab/libscilab.so.2024.1.0
7b48cda04000-7b48cda05000 r--p 00000000 103:07 42865715                  /usr/share/locale-langpack/en/LC_MESSAGES/gtk30.mo
7b48cda05000-7b48cda06000 rw-s 10bbf2000 00:10 1059                      anon_inode:i915.gem
7b48cda06000-7b48cda07000 rw-s 10ec09000 00:10 1059                      anon_inode:i915.gem
7b48cda07000-7b48cda08000 rw-s 10ec08000 00:10 1059                      anon_inode:i915.gem
7b48cda08000-7b48cda09000 r--p 00000000 103:07 39981463                  /usr/lib/x86_64-linux-gnu/libbrotlidec.so.1.1.0
7b48cda09000-7b48cda11000 r-xp 00001000 103:07 39981463                  /usr/lib/x86_64-linux-gnu/libbrotlidec.so.1.1.0
7b48cda11000-7b48cda14000 r--p 00009000 103:07 39981463                  /usr/lib/x86_64-linux-gnu/libbrotlidec.so.1.1.0
7b48cda14000-7b48cda15000 r--p 0000b000 103:07 39981463                  /usr/lib/x86_64-linux-gnu/libbrotlidec.so.1.1.0
7b48cda15000-7b48cda16000 rw-p 0000c000 103:07 39981463                  /usr/lib/x86_64-linux-gnu/libbrotlidec.so.1.1.0
7b48cda16000-7b48cda2c000 rw-p 00000000 00:00 0 
7b48cda2c000-7b48cdaff000 ---p 00000000 00:00 0 
7b48cdaff000-7b48cdc00000 rw-p 00000000 00:00 0 
7b48cdc00000-7b48cdc0b000 r-xp 00000000 103:07 57949150                  /home/bgodfrey/CASPER/Scilab/scilab-2024.1.0/lib/scilab/libscicommons.so.2024.1.0
7b48cdc0b000-7b48cde0a000 ---p 0000b000 103:07 57949150                  /home/bgodfrey/CASPER/Scilab/scilab-2024.1.0/lib/scilab/libscicommons.so.2024.1.0
7b48cde0a000-7b48cde0b000 r--p 0000a000 103:07 57949150                  /home/bgodfrey/CASPER/Scilab/scilab-2024.1.0/lib/scilab/libscicommons.so.2024.1.0
7b48cde0b000-7b48cde0c000 rw-p 0000b000 103:07 57949150                  /home/bgodfrey/CASPER/Scilab/scilab-2024.1.0/lib/scilab/libscicommons.so.2024.1.0
7b48cde0c000-7b48cde0f000 rw-p 0002e000 103:07 57949150                  /home/bgodfrey/CASPER/Scilab/scilab-2024.1.0/lib/scilab/libscicommons.so.2024.1.0
7b48cde0f000-7b48cde10000 rw-s 00000000 00:01 432991                     /memfd:xshmfence (deleted)
7b48cde10000-7b48cde11000 rw-s 10586f000 00:10 1059                      anon_inode:i915.gem
7b48cde11000-7b48cde12000 r--p 00000000 103:07 57952122                  /home/bgodfrey/CASPER/Scilab/scilab-2024.1.0/thirdparty/java/lib/libjawt.so
7b48cde12000-7b48cde13000 r-xp 00001000 103:07 57952122                  /home/bgodfrey/CASPER/Scilab/scilab-2024.1.0/thirdparty/java/lib/libjawt.so
7b48cde13000-7b48cde14000 r--p 00002000 103:07 57952122                  /home/bgodfrey/CASPER/Scilab/scilab-2024.1.0/thirdparty/java/lib/libjawt.so
7b48cde14000-7b48cde15000 r--p 00002000 103:07 57952122                  /home/bgodfrey/CASPER/Scilab/scilab-2024.1.0/thirdparty/java/lib/libjawt.so
7b48cde15000-7b48cde16000 rw-p 00003000 103:07 57952122                  /home/bgodfrey/CASPER/Scilab/scilab-2024.1.0/thirdparty/java/lib/libjawt.so
7b48cde16000-7b48cde3b000 rw-p 00000000 00:00 0 
7b48cde3b000-7b48cdeff000 ---p 00000000 00:00 0 
7b48cdeff000-7b48ce000000 rw-p 00000000 00:00 0 
7b48ce000000-7b48ce008000 r-xp 00000000 103:07 57949158                  /home/bgodfrey/CASPER/Scilab/scilab-2024.1.0/lib/scilab/libscijvm.so.2024.1.0
7b48ce008000-7b48ce208000 ---p 00008000 103:07 57949158                  /home/bgodfrey/CASPER/Scilab/scilab-2024.1.0/lib/scilab/libscijvm.so.2024.1.0
7b48ce208000-7b48ce209000 r--p 00008000 103:07 57949158                  /home/bgodfrey/CASPER/Scilab/scilab-2024.1.0/lib/scilab/libscijvm.so.2024.1.0
7b48ce209000-7b48ce20a000 rw-p 00009000 103:07 57949158                  /home/bgodfrey/CASPER/Scilab/scilab-2024.1.0/lib/scilab/libscijvm.so.2024.1.0
7b48ce20a000-7b48ce20b000 rw-p 00052000 103:07 57949158                  /home/bgodfrey/CASPER/Scilab/scilab-2024.1.0/lib/scilab/libscijvm.so.2024.1.0
7b48ce20b000-7b48ce20c000 rw-s 10586e000 00:10 1059                      anon_inode:i915.gem
7b48ce20c000-7b48ce20d000 rw-s 109611000 00:10 1059                      anon_inode:i915.gem
7b48ce20d000-7b48ce20e000 rw-s 108f2a000 00:10 1059                      anon_inode:i915.gem
7b48ce20e000-7b48ce210000 r--p 00000000 103:07 39980056                  /usr/lib/x86_64-linux-gnu/libXtst.so.6.1.0
7b48ce210000-7b48ce213000 r-xp 00002000 103:07 39980056                  /usr/lib/x86_64-linux-gnu/libXtst.so.6.1.0
7b48ce213000-7b48ce214000 r--p 00005000 103:07 39980056                  /usr/lib/x86_64-linux-gnu/libXtst.so.6.1.0
7b48ce214000-7b48ce215000 r--p 00005000 103:07 39980056                  /usr/lib/x86_64-linux-gnu/libXtst.so.6.1.0
7b48ce215000-7b48ce216000 rw-p 00006000 103:07 39980056                  /usr/lib/x86_64-linux-gnu/libXtst.so.6.1.0
7b48ce216000-7b48ce2c3000 rw-p 00000000 00:00 0 
7b48ce2c3000-7b48ce2dc000 r--p 00000000 103:07 39979776                  /usr/lib/x86_64-linux-gnu/libX11.so.6.4.0
7b48ce2dc000-7b48ce36c000 r-xp 00019000 103:07 39979776                  /usr/lib/x86_64-linux-gnu/libX11.so.6.4.0
7b48ce36c000-7b48ce3fb000 r--p 000a9000 103:07 39979776                  /usr/lib/x86_64-linux-gnu/libX11.so.6.4.0
7b48ce3fb000-7b48ce3fc000 r--p 00138000 103:07 39979776                  /usr/lib/x86_64-linux-gnu/libX11.so.6.4.0
7b48ce3fc000-7b48ce400000 rw-p 00139000 103:07 39979776                  /usr/lib/x86_64-linux-gnu/libX11.so.6.4.0
7b48ce400000-7b48ce408000 r-xp 00000000 103:07 57949130                  /home/bgodfrey/CASPER/Scilab/scilab-2024.1.0/lib/scilab/libsciconsole.so.2024.1.0
7b48ce408000-7b48ce607000 ---p 00008000 103:07 57949130                  /home/bgodfrey/CASPER/Scilab/scilab-2024.1.0/lib/scilab/libsciconsole.so.2024.1.0
7b48ce607000-7b48ce608000 r--p 00007000 103:07 57949130                  /home/bgodfrey/CASPER/Scilab/scilab-2024.1.0/lib/scilab/libsciconsole.so.2024.1.0
7b48ce608000-7b48ce609000 rw-p 00008000 103:07 57949130                  /home/bgodfrey/CASPER/Scilab/scilab-2024.1.0/lib/scilab/libsciconsole.so.2024.1.0
7b48ce609000-7b48ce60b000 rw-p 00027000 103:07 57949130                  /home/bgodfrey/CASPER/Scilab/scilab-2024.1.0/lib/scilab/libsciconsole.so.2024.1.0
7b48ce60b000-7b48ce60c000 rw-s 10675e000 00:10 1059                      anon_inode:i915.gem
7b48ce60c000-7b48ce60d000 rw-s 1049f0000 00:10 1059                      anon_inode:i915.gem
7b48ce60d000-7b48ce60f000 r--p 00000000 103:07 57952127                  /home/bgodfrey/CASPER/Scilab/scilab-2024.1.0/thirdparty/java/lib/libzip.so
7b48ce60f000-7b48ce613000 r-xp 00002000 103:07 57952127                  /home/bgodfrey/CASPER/Scilab/scilab-2024.1.0/thirdparty/java/lib/libzip.so
7b48ce613000-7b48ce615000 r--p 00006000 103:07 57952127                  /home/bgodfrey/CASPER/Scilab/scilab-2024.1.0/thirdparty/java/lib/libzip.so
7b48ce615000-7b48ce616000 r--p 00007000 103:07 57952127                  /home/bgodfrey/CASPER/Scilab/scilab-2024.1.0/thirdparty/java/lib/libzip.so
7b48ce616000-7b48ce617000 rw-p 00008000 103:07 57952127                  /home/bgodfrey/CASPER/Scilab/scilab-2024.1.0/thirdparty/java/lib/libzip.so
7b48ce617000-7b48ce61b000 r--p 00000000 103:07 57952151                  /home/bgodfrey/CASPER/Scilab/scilab-2024.1.0/thirdparty/java/lib/libnet.so
7b48ce61b000-7b48ce629000 r-xp 00004000 103:07 57952151                  /home/bgodfrey/CASPER/Scilab/scilab-2024.1.0/thirdparty/java/lib/libnet.so
7b48ce629000-7b48ce62d000 r--p 00012000 103:07 57952151                  /home/bgodfrey/CASPER/Scilab/scilab-2024.1.0/thirdparty/java/lib/libnet.so
7b48ce62d000-7b48ce62e000 r--p 00015000 103:07 57952151                  /home/bgodfrey/CASPER/Scilab/scilab-2024.1.0/thirdparty/java/lib/libnet.so
7b48ce62e000-7b48ce62f000 rw-p 00016000 103:07 57952151                  /home/bgodfrey/CASPER/Scilab/scilab-2024.1.0/thirdparty/java/lib/libnet.so
7b48ce62f000-7b48ce636000 r--p 00000000 103:07 57952157                  /home/bgodfrey/CASPER/Scilab/scilab-2024.1.0/thirdparty/java/lib/libnio.so
7b48ce636000-7b48ce63f000 r-xp 00007000 103:07 57952157                  /home/bgodfrey/CASPER/Scilab/scilab-2024.1.0/thirdparty/java/lib/libnio.so
7b48ce63f000-7b48ce643000 r--p 00010000 103:07 57952157                  /home/bgodfrey/CASPER/Scilab/scilab-2024.1.0/thirdparty/java/lib/libnio.so
7b48ce643000-7b48ce644000 ---p 00014000 103:07 57952157                  /home/bgodfrey/CASPER/Scilab/scilab-2024.1.0/thirdparty/java/lib/libnio.so
7b48ce644000-7b48ce645000 r--p 00014000 103:07 57952157                  /home/bgodfrey/CASPER/Scilab/scilab-2024.1.0/thirdparty/java/lib/libnio.so
7b48ce645000-7b48ce646000 rw-p 00015000 103:07 57952157                  /home/bgodfrey/CASPER/Scilab/scilab-2024.1.0/thirdparty/java/lib/libnio.so
7b48ce646000-7b48ce64d000 rw-p 00000000 00:00 0 
7b48ce64d000-7b48ce655000 ---p 00000000 00:00 0 
7b48ce655000-7b48ce65d000 rw-s 00000000 103:07 68715092                  /tmp/hsperfdata_bgodfrey/3708520
7b48ce65d000-7b48ce65f000 r--p 00000000 103:07 39983899                  /usr/lib/x86_64-linux-gnu/libXfixes.so.3.1.0
7b48ce65f000-7b48ce662000 r-xp 00002000 103:07 39983899                  /usr/lib/x86_64-linux-gnu/libXfixes.so.3.1.0
7b48ce662000-7b48ce663000 r--p 00005000 103:07 39983899                  /usr/lib/x86_64-linux-gnu/libXfixes.so.3.1.0
7b48ce663000-7b48ce664000 r--p 00005000 103:07 39983899                  /usr/lib/x86_64-linux-gnu/libXfixes.so.3.1.0
7b48ce664000-7b48ce665000 rw-p 00006000 103:07 39983899                  /usr/lib/x86_64-linux-gnu/libXfixes.so.3.1.0
7b48ce665000-7b48ce666000 r--p 00000000 103:07 39987535                  /usr/lib/x86_64-linux-gnu/libXinerama.so.1.0.0
7b48ce666000-7b48ce667000 r-xp 00001000 103:07 39987535                  /usr/lib/x86_64-linux-gnu/libXinerama.so.1.0.0
7b48ce667000-7b48ce668000 r--p 00002000 103:07 39987535                  /usr/lib/x86_64-linux-gnu/libXinerama.so.1.0.0
7b48ce668000-7b48ce669000 r--p 00002000 103:07 39987535                  /usr/lib/x86_64-linux-gnu/libXinerama.so.1.0.0
7b48ce669000-7b48ce66a000 rw-p 00003000 103:07 39987535                  /usr/lib/x86_64-linux-gnu/libXinerama.so.1.0.0
7b48ce66a000-7b48ce66e000 r--p 00000000 103:07 57952161                  /home/bgodfrey/CASPER/Scilab/scilab-2024.1.0/thirdparty/java/lib/libjimage.so
7b48ce66e000-7b48ce681000 r-xp 00004000 103:07 57952161                  /home/bgodfrey/CASPER/Scilab/scilab-2024.1.0/thirdparty/java/lib/libjimage.so
7b48ce681000-7b48ce687000 r--p 00017000 103:07 57952161                  /home/bgodfrey/CASPER/Scilab/scilab-2024.1.0/thirdparty/java/lib/libjimage.so
7b48ce687000-7b48ce689000 r--p 0001c000 103:07 57952161                  /home/bgodfrey/CASPER/Scilab/scilab-2024.1.0/thirdparty/java/lib/libjimage.so
7b48ce689000-7b48ce68a000 rw-p 0001e000 103:07 57952161                  /home/bgodfrey/CASPER/Scilab/scilab-2024.1.0/thirdparty/java/lib/libjimage.so
7b48ce68a000-7b48ce6aa000 rw-p 00000000 00:00 0 
7b48ce6aa000-7b48ce6ae000 r--p 00000000 103:07 39984366                  /usr/lib/x86_64-linux-gnu/libbsd.so.0.12.1
7b48ce6ae000-7b48ce6ba000 r-xp 00004000 103:07 39984366                  /usr/lib/x86_64-linux-gnu/libbsd.so.0.12.1
7b48ce6ba000-7b48ce6bd000 r--p 00010000 103:07 39984366                  /usr/lib/x86_64-linux-gnu/libbsd.so.0.12.1
7b48ce6bd000-7b48ce6be000 r--p 00012000 103:07 39984366                  /usr/lib/x86_64-linux-gnu/libbsd.so.0.12.1
7b48ce6be000-7b48ce6bf000 rw-p 00013000 103:07 39984366                  /usr/lib/x86_64-linux-gnu/libbsd.so.0.12.1
7b48ce6bf000-7b48ce6c0000 rw-p 00000000 00:00 0 
7b48ce6c0000-7b48ce6cb000 r--p 00000000 103:07 39983375                  /usr/lib/x86_64-linux-gnu/libxcb.so.1.1.0
7b48ce6cb000-7b48ce6de000 r-xp 0000b000 103:07 39983375                  /usr/lib/x86_64-linux-gnu/libxcb.so.1.1.0
7b48ce6de000-7b48ce6e7000 r--p 0001e000 103:07 39983375                  /usr/lib/x86_64-linux-gnu/libxcb.so.1.1.0
7b48ce6e7000-7b48ce6e8000 r--p 00026000 103:07 39983375                  /usr/lib/x86_64-linux-gnu/libxcb.so.1.1.0
7b48ce6e8000-7b48ce6e9000 rw-p 00027000 103:07 39983375                  /usr/lib/x86_64-linux-gnu/libxcb.so.1.1.0
7b48ce6e9000-7b48ce6ed000 r--p 00000000 103:07 39979605                  /usr/lib/x86_64-linux-gnu/libgcc_s.so.1
7b48ce6ed000-7b48ce711000 r-xp 00004000 103:07 39979605                  /usr/lib/x86_64-linux-gnu/libgcc_s.so.1
7b48ce711000-7b48ce715000 r--p 00028000 103:07 39979605                  /usr/lib/x86_64-linux-gnu/libgcc_s.so.1
7b48ce715000-7b48ce716000 r--p 0002b000 103:07 39979605                  /usr/lib/x86_64-linux-gnu/libgcc_s.so.1
7b48ce716000-7b48ce717000 rw-p 0002c000 103:07 39979605                  /usr/lib/x86_64-linux-gnu/libgcc_s.so.1
7b48ce717000-7b48ce727000 r--p 00000000 103:07 39981019                  /usr/lib/x86_64-linux-gnu/libm.so.6
7b48ce727000-7b48ce7a6000 r-xp 00010000 103:07 39981019                  /usr/lib/x86_64-linux-gnu/libm.so.6
7b48ce7a6000-7b48ce7fe000 r--p 0008f000 103:07 39981019                  /usr/lib/x86_64-linux-gnu/libm.so.6
7b48ce7fe000-7b48ce7ff000 r--p 000e7000 103:07 39981019                  /usr/lib/x86_64-linux-gnu/libm.so.6
7b48ce7ff000-7b48ce800000 rw-p 000e8000 103:07 39981019                  /usr/lib/x86_64-linux-gnu/libm.so.6
7b48ce800000-7b48ced14000 r-xp 00000000 103:07 57949330                  /home/bgodfrey/CASPER/Scilab/scilab-2024.1.0/lib/scilab/libscilab-cli.so.2024.1.0
7b48ced14000-7b48cef13000 ---p 00514000 103:07 57949330                  /home/bgodfrey/CASPER/Scilab/scilab-2024.1.0/lib/scilab/libscilab-cli.so.2024.1.0
7b48cef13000-7b48cef1a000 r--p 00513000 103:07 57949330                  /home/bgodfrey/CASPER/Scilab/scilab-2024.1.0/lib/scilab/libscilab-cli.so.2024.1.0
7b48cef1a000-7b48cef25000 rw-p 0051a000 103:07 57949330                  /home/bgodfrey/CASPER/Scilab/scilab-2024.1.0/lib/scilab/libscilab-cli.so.2024.1.0
7b48cef25000-7b48cef2a000 rw-p 00000000 00:00 0 
7b48cef2a000-7b48cef7e000 rw-p 01912000 103:07 57949330                  /home/bgodfrey/CASPER/Scilab/scilab-2024.1.0/lib/scilab/libscilab-cli.so.2024.1.0
7b48cef7e000-7b48cef80000 rw-p 00000000 00:00 0 
7b48cef80000-7b48cef82000 r--p 00000000 103:07 39981104                  /usr/lib/x86_64-linux-gnu/libmd.so.0.1.0
7b48cef82000-7b48cef8b000 r-xp 00002000 103:07 39981104                  /usr/lib/x86_64-linux-gnu/libmd.so.0.1.0
7b48cef8b000-7b48cef8d000 r--p 0000b000 103:07 39981104                  /usr/lib/x86_64-linux-gnu/libmd.so.0.1.0
7b48cef8d000-7b48cef8e000 r--p 0000c000 103:07 39981104                  /usr/lib/x86_64-linux-gnu/libmd.so.0.1.0
7b48cef8e000-7b48cef8f000 rw-p 0000d000 103:07 39981104                  /usr/lib/x86_64-linux-gnu/libmd.so.0.1.0
7b48cef8f000-7b48cef91000 r--p 00000000 103:07 39982595                  /usr/lib/x86_64-linux-gnu/libXdmcp.so.6.0.0
7b48cef91000-7b48cef93000 r-xp 00002000 103:07 39982595                  /usr/lib/x86_64-linux-gnu/libXdmcp.so.6.0.0
7b48cef93000-7b48cef95000 r--p 00004000 103:07 39982595                  /usr/lib/x86_64-linux-gnu/libXdmcp.so.6.0.0
7b48cef95000-7b48cef96000 r--p 00005000 103:07 39982595                  /usr/lib/x86_64-linux-gnu/libXdmcp.so.6.0.0
7b48cef96000-7b48cef97000 rw-p 00006000 103:07 39982595                  /usr/lib/x86_64-linux-gnu/libXdmcp.so.6.0.0
7b48cef97000-7b48cef98000 r--p 00000000 103:07 39981794                  /usr/lib/x86_64-linux-gnu/libXau.so.6.0.0
7b48cef98000-7b48cef9a000 r-xp 00001000 103:07 39981794                  /usr/lib/x86_64-linux-gnu/libXau.so.6.0.0
7b48cef9a000-7b48cef9b000 r--p 00003000 103:07 39981794                  /usr/lib/x86_64-linux-gnu/libXau.so.6.0.0
7b48cef9b000-7b48cef9c000 r--p 00003000 103:07 39981794                  /usr/lib/x86_64-linux-gnu/libXau.so.6.0.0
7b48cef9c000-7b48cef9d000 rw-p 00004000 103:07 39981794                  /usr/lib/x86_64-linux-gnu/libXau.so.6.0.0
7b48cef9d000-7b48cefa1000 rw-p 00000000 00:00 0 
7b48cefa1000-7b48cefa2000 r--p 00000000 103:07 39981215                  /usr/lib/x86_64-linux-gnu/librt.so.1
7b48cefa2000-7b48cefa3000 r-xp 00001000 103:07 39981215                  /usr/lib/x86_64-linux-gnu/librt.so.1
7b48cefa3000-7b48cefa4000 r--p 00002000 103:07 39981215                  /usr/lib/x86_64-linux-gnu/librt.so.1
7b48cefa4000-7b48cefa5000 r--p 00002000 103:07 39981215                  /usr/lib/x86_64-linux-gnu/librt.so.1
7b48cefa5000-7b48cefa6000 rw-p 00003000 103:07 39981215                  /usr/lib/x86_64-linux-gnu/librt.so.1
7b48cefa6000-7b48cefaa000 rw-p 00000000 00:00 0 
7b48cefaa000-7b48cefab000 r--p 00000000 103:07 39979144                  /usr/lib/x86_64-linux-gnu/libdl.so.2
7b48cefab000-7b48cefac000 r-xp 00001000 103:07 39979144                  /usr/lib/x86_64-linux-gnu/libdl.so.2
7b48cefac000-7b48cefad000 r--p 00002000 103:07 39979144                  /usr/lib/x86_64-linux-gnu/libdl.so.2
7b48cefad000-7b48cefae000 r--p 00002000 103:07 39979144                  /usr/lib/x86_64-linux-gnu/libdl.so.2
7b48cefae000-7b48cefaf000 rw-p 00003000 103:07 39979144                  /usr/lib/x86_64-linux-gnu/libdl.so.2
7b48cefaf000-7b48cefb0000 r--p 00000000 103:07 39981201                  /usr/lib/x86_64-linux-gnu/libpthread.so.0
7b48cefb0000-7b48cefb1000 r-xp 00001000 103:07 39981201                  /usr/lib/x86_64-linux-gnu/libpthread.so.0
7b48cefb1000-7b48cefb2000 r--p 00002000 103:07 39981201                  /usr/lib/x86_64-linux-gnu/libpthread.so.0
7b48cefb2000-7b48cefb3000 r--p 00002000 103:07 39981201                  /usr/lib/x86_64-linux-gnu/libpthread.so.0
7b48cefb3000-7b48cefb4000 rw-p 00003000 103:07 39981201                  /usr/lib/x86_64-linux-gnu/libpthread.so.0
7b48cefb4000-7b48cefb6000 rw-p 00000000 00:00 0 
7b48cefb6000-7b48cefba000 r--p 00000000 103:07 57952147                  /home/bgodfrey/CASPER/Scilab/scilab-2024.1.0/thirdparty/java/lib/libverify.so
7b48cefba000-7b48cefc1000 r-xp 00004000 103:07 57952147                  /home/bgodfrey/CASPER/Scilab/scilab-2024.1.0/thirdparty/java/lib/libverify.so
7b48cefc1000-7b48cefc3000 r--p 0000b000 103:07 57952147                  /home/bgodfrey/CASPER/Scilab/scilab-2024.1.0/thirdparty/java/lib/libverify.so
7b48cefc3000-7b48cefc5000 r--p 0000c000 103:07 57952147                  /home/bgodfrey/CASPER/Scilab/scilab-2024.1.0/thirdparty/java/lib/libverify.so
7b48cefc5000-7b48cefc6000 rw-p 0000e000 103:07 57952147                  /home/bgodfrey/CASPER/Scilab/scilab-2024.1.0/thirdparty/java/lib/libverify.so
7b48cefc6000-7b48cefd3000 r--p 00000000 103:07 57952159                  /home/bgodfrey/CASPER/Scilab/scilab-2024.1.0/thirdparty/java/lib/libjava.so
7b48cefd3000-7b48cefe5000 r-xp 0000d000 103:07 57952159                  /home/bgodfrey/CASPER/Scilab/scilab-2024.1.0/thirdparty/java/lib/libjava.so
7b48cefe5000-7b48cefeb000 r--p 0001f000 103:07 57952159                  /home/bgodfrey/CASPER/Scilab/scilab-2024.1.0/thirdparty/java/lib/libjava.so
7b48cefeb000-7b48cefec000 ---p 00025000 103:07 57952159                  /home/bgodfrey/CASPER/Scilab/scilab-2024.1.0/thirdparty/java/lib/libjava.so
7b48cefec000-7b48cefed000 r--p 00025000 103:07 57952159                  /home/bgodfrey/CASPER/Scilab/scilab-2024.1.0/thirdparty/java/lib/libjava.so
7b48cefed000-7b48cefee000 rw-p 00026000 103:07 57952159                  /home/bgodfrey/CASPER/Scilab/scilab-2024.1.0/thirdparty/java/lib/libjava.so
7b48cefee000-7b48cefff000 rw-p 00000000 00:00 0 
7b48cefff000-7b48cf00a000 r--p 00000000 103:07 39979529                  /usr/lib/x86_64-linux-gnu/libgomp.so.1.0.0
7b48cf00a000-7b48cf046000 r-xp 0000b000 103:07 39979529                  /usr/lib/x86_64-linux-gnu/libgomp.so.1.0.0
7b48cf046000-7b48cf053000 r--p 00047000 103:07 39979529                  /usr/lib/x86_64-linux-gnu/libgomp.so.1.0.0
7b48cf053000-7b48cf054000 r--p 00054000 103:07 39979529                  /usr/lib/x86_64-linux-gnu/libgomp.so.1.0.0
7b48cf054000-7b48cf055000 rw-p 00055000 103:07 39979529                  /usr/lib/x86_64-linux-gnu/libgomp.so.1.0.0
7b48cf055000-7b48cf056000 rw-s 109614000 00:10 1059                      anon_inode:i915.gem
7b48cf056000-7b48cf057000 rw-s 101c07000 00:10 1059                      anon_inode:i915.gem
7b48cf057000-7b48cf058000 r--p 00000000 103:07 57948673                  /home/bgodfrey/CASPER/Scilab/scilab-2024.1.0/share/locale/en_US/LC_MESSAGES/scilab.mo
7b48cf058000-7b48cf059000 ---p 00000000 00:00 0 
7b48cf059000-7b48cf05a000 r--p 00000000 00:00 0 
7b48cf05a000-7b48cf05b000 ---p 00000000 00:00 0 
7b48cf05b000-7b48cf05d000 r--p 00000000 103:07 39979459                  /usr/lib/x86_64-linux-gnu/libXrender.so.1.3.0
7b48cf05d000-7b48cf064000 r-xp 00002000 103:07 39979459                  /usr/lib/x86_64-linux-gnu/libXrender.so.1.3.0
7b48cf064000-7b48cf065000 r--p 00009000 103:07 39979459                  /usr/lib/x86_64-linux-gnu/libXrender.so.1.3.0
7b48cf065000-7b48cf066000 r--p 00009000 103:07 39979459                  /usr/lib/x86_64-linux-gnu/libXrender.so.1.3.0
7b48cf066000-7b48cf067000 rw-p 0000a000 103:07 39979459                  /usr/lib/x86_64-linux-gnu/libXrender.so.1.3.0
7b48cf067000-7b48cf069000 r--p 00000000 103:07 39978356                  /usr/lib/x86_64-linux-gnu/libXcursor.so.1.0.2
7b48cf069000-7b48cf06f000 r-xp 00002000 103:07 39978356                  /usr/lib/x86_64-linux-gnu/libXcursor.so.1.0.2
7b48cf06f000-7b48cf071000 r--p 00008000 103:07 39978356                  /usr/lib/x86_64-linux-gnu/libXcursor.so.1.0.2
7b48cf071000-7b48cf072000 r--p 00009000 103:07 39978356                  /usr/lib/x86_64-linux-gnu/libXcursor.so.1.0.2
7b48cf072000-7b48cf073000 rw-p 0000a000 103:07 39978356                  /usr/lib/x86_64-linux-gnu/libXcursor.so.1.0.2
7b48cf073000-7b48cf07a000 r--s 00000000 103:07 40634418                  /usr/lib/x86_64-linux-gnu/gconv/gconv-modules.cache
7b48cf07a000-7b48cf088000 rw-p 00000000 00:00 0 
7b48cf088000-7b48cf08c000 r--p 00000000 00:00 0                          [vvar]
7b48cf08c000-7b48cf08e000 r--p 00000000 00:00 0                          [vvar_vclock]
7b48cf08e000-7b48cf090000 r-xp 00000000 00:00 0                          [vdso]
7b48cf090000-7b48cf091000 r--p 00000000 103:07 39978111                  /usr/lib/x86_64-linux-gnu/ld-linux-x86-64.so.2
7b48cf091000-7b48cf0bc000 r-xp 00001000 103:07 39978111                  /usr/lib/x86_64-linux-gnu/ld-linux-x86-64.so.2
7b48cf0bc000-7b48cf0c6000 r--p 0002c000 103:07 39978111                  /usr/lib/x86_64-linux-gnu/ld-linux-x86-64.so.2
7b48cf0c6000-7b48cf0c8000 r--p 00036000 103:07 39978111                  /usr/lib/x86_64-linux-gnu/ld-linux-x86-64.so.2
7b48cf0c8000-7b48cf0ca000 rw-p 00038000 103:07 39978111                  /usr/lib/x86_64-linux-gnu/ld-linux-x86-64.so.2
7ffe23dfa000-7ffe23dfe000 ---p 00000000 00:00 0 
7ffe23dfe000-7ffe23efa000 rw-p 00000000 00:00 0                          [stack]
ffffffffff600000-ffffffffff601000 --xp 00000000 00:00 0                  [vsyscall]


VM Arguments:
jvm_args: -Djava.library.path= -Djava.system.class.loader=org.scilab.modules.jvm.ScilabClassLoader -Xshare:off --add-opens=java.desktop/sun.awt.X11=ALL-UNNAMED -Djdk.lang.processReaperUseDefaultStackSize=true --add-opens=java.desktop/javax.swing.plaf.basic=ALL-UNNAMED --add-opens=java.base/java.lang=ALL-UNNAMED --add-opens=java.base/jdk.internal.loader=ALL-UNNAMED --add-opens=java.base/java.lang.reflect=ALL-UNNAMED -Djava.util.logging.config.file=/home/bgodfrey/CASPER/Scilab/scilab-2024.1.0/share/scilab/etc/logging.properties -Xrs -Dawt.useSystemAAFontSettings=on -Djogamp.gluegen.UseTempJarCache=false 
java_command: <unknown>
java_class_path (initial): /home/bgodfrey/CASPER/Scilab/scilab-2024.1.0/share/scilab/modules/jvm/jar/org.scilab.modules.jvm.jar
Launcher Type: generic

[Global flags]

[timeout occurred during error reporting in step "printing flags"] after 30 s.
Logging:
Log output configuration:
 #0: stdout all=warning uptime,level,tags
 #1: stderr all=off uptime,level,tags

Environment Variables:
PATH=/home/bgodfrey/CASPER/Scilab/scilab-2024.1.0/bin:/home/bgodfrey/CASPER/Scilab/scilab-2024.1.0/bin:/usr/bin:/bin:/home/bgodfrey/CASPER/Scilab/scilab-2024.1.0/share/scilab/modules/scicos/
USERNAME=bgodfrey
LD_LIBRARY_PATH=/home/bgodfrey/CASPER/Scilab/scilab-2024.1.0/share/scilab/bin:/home/bgodfrey/CASPER/Scilab/scilab-2024.1.0/share/scilab/lib/scilab/:/home/bgodfrey/CASPER/Scilab/scilab-2024.1.0/share/scilab/lib64/scilab/:.:/home/bgodfrey/CASPER/Scilab/scilab-2024.1.0/lib/scilab:/home/bgodfrey/CASPER/Scilab/scilab-2024.1.0/lib/thirdparty:/home/bgodfrey/CASPER/Scilab/scilab-2024.1.0/thirdparty/java//lib/:/home/bgodfrey/CASPER/Scilab/scilab-2024.1.0/thirdparty/java//lib/server/:/home/bgodfrey/CASPER/Scilab/scilab-2024.1.0/thirdparty/java//lib/native_threads/:/home/bgodfrey/CASPER/Scilab/scilab-2024.1.0/lib/scilab:/home/bgodfrey/CASPER/Scilab/scilab-2024.1.0/thirdparty/redist:/home/bgodfrey/CASPER/Scilab/scilab-2024.1.0/thirdparty:/home/bgodfrey/CASPER/Scilab/scilab-2024.1.0/lib/thirdparty/redist
SHELL=/bin/bash
DISPLAY=:1
LANG=en_US.UTF-8
LC_NUMERIC=C
TERM=xterm-256color
TMPDIR=/tmp//SCI_TMP_3708520_ePg5bZ
TMP=/tmp/
TEMP=/tmp/

Active Locale:
LC_ALL=LC_CTYPE=en_US.UTF-8;LC_NUMERIC=C;LC_TIME=en_US.UTF-8;LC_COLLATE=en_US.UTF-8;LC_MONETARY=en_US.UTF-8;LC_MESSAGES=en_US.UTF-8;LC_PAPER=en_US.UTF-8;LC_NAME=en_US.UTF-8;LC_ADDRESS=en_US.UTF-8;LC_TELEPHONE=en_US.UTF-8;LC_MEASUREMENT=en_US.UTF-8;LC_IDENTIFICATION=en_US.UTF-8
LC_COLLATE=en_US.UTF-8
LC_CTYPE=en_US.UTF-8
LC_MESSAGES=en_US.UTF-8
LC_MONETARY=en_US.UTF-8
LC_NUMERIC=C
LC_TIME=en_US.UTF-8

Signal Handlers:
   SIGSEGV: 
[timeout occurred during error reporting in step "printing signal handlers"] after 30 s.

---------------  S Y S T E M  ---------------

OS:
DISTRIB_ID=Ubuntu
DISTRIB_RELEASE=24.04
DISTRIB_CODENAME=noble
DISTRIB_DESCRIPTION="Ubuntu 24.04.4 LTS"
uname: Linux 6.17.0-1017-oem #17-Ubuntu SMP PREEMPT_DYNAMIC Fri Mar 27 13:48:03 UTC 2026 x86_64
OS uptime: 5 days 2:49 hours
libc: glibc 2.39 NPTL 2.39 
rlimit (soft/hard): STACK 8192k/infinity , CORE 0k/infinity , NPROC 124404/124404 , NOFILE 1048576/1048576 , AS infinity/infinity , CPU infinity/infinity , DATA infinity/infinity , FSIZE infinity/infinity , MEMLOCK 4009660k/4009660k
load average: 0.51 0.43 0.48

/proc/meminfo:
MemTotal:       32077296 kB
MemFree:         2497412 kB
MemAvailable:   15139772 kB
Buffers:         3224788 kB
Cached:          9790568 kB
SwapCached:        35820 kB
Active:          6095700 kB
Inactive:       19341868 kB
Active(anon):    5279856 kB
Inactive(anon):  8219172 kB
Active(file):     815844 kB
Inactive(file): 11122696 kB
Unevictable:     1323584 kB
Mlocked:             296 kB
SwapTotal:       2097148 kB
SwapFree:            924 kB
Zswap:                 0 kB
Zswapped:              0 kB
Dirty:              6100 kB
Writeback:           160 kB
AnonPages:      13710400 kB
Mapped:          1675352 kB
Shmem:           2889852 kB
KReclaimable:    1555088 kB
Slab:            2147628 kB
SReclaimable:    1555088 kB
SUnreclaim:       592540 kB
KernelStack:       46048 kB
PageTables:       169388 kB
SecPageTables:     10936 kB
NFS_Unstable:          0 kB
Bounce:                0 kB
WritebackTmp:          0 kB
CommitLimit:    18135796 kB
Committed_AS:   45511196 kB
VmallocTotal:   34359738367 kB
VmallocUsed:      139768 kB
VmallocChunk:          0 kB
Percpu:            21376 kB
HardwareCorrupted:     0 kB
AnonHugePages:         0 kB
ShmemHugePages:  1155072 kB
ShmemPmdMapped:        0 kB
FileHugePages:    114688 kB
FilePmdMapped:         0 kB
CmaTotal:              0 kB
CmaFree:               0 kB
Unaccepted:            0 kB
Balloon:               0 kB
HugePages_Total:       0
HugePages_Free:        0
HugePages_Rsvd:        0
HugePages_Surp:        0
Hugepagesize:       2048 kB
Hugetlb:               0 kB
DirectMap4k:     2489092 kB
DirectMap2M:    30269440 kB
DirectMap1G:     1048576 kB

/sys/kernel/mm/transparent_hugepage/enabled: always [madvise] never
/sys/kernel/mm/transparent_hugepage/defrag (defrag/compaction efforts parameter): always defer defer+madvise [madvise] never

Process Memory:

[timeout occurred during error reporting in step "printing OS information"] after 30 s.
CPU: total 16 (initial active 16) (16 cores per cpu, 1 threads per core) family 6 model 154 stepping 3 microcode 0x43b, cx8, cmov, fxsr, mmx, 3dnowpref, sse, sse2, sse3, ssse3, sse4.1, sse4.2, popcnt, lzcnt, tsc, tscinvbit, avx, avx2, aes, erms, clmul, bmi1, bmi2, adx, sha, fma, vzeroupper, clflush, clflushopt, clwb

------ Timeout during error reporting after 120 s. ------
