#
# A fatal error has been detected by the Java Runtime Environment:
#
#  SIGSEGV (0xb) at pc=0x00007147748add75, pid=886836, tid=886836
#
# JRE version: OpenJDK Runtime Environment Temurin-17.0.7+7 (17.0.7+7) (build 17.0.7+7)
# Java VM: OpenJDK 64-Bit Server VM Temurin-17.0.7+7 (17.0.7+7, mixed mode, tiered, compressed oops, compressed class ptrs, g1 gc, linux-amd64)
# Problematic frame:
# C  [libc.so.6+0xadd75]  __libc_free+0x25
#
# Core dump will be written. Default location: Core dumps may be processed with "/usr/share/apport/apport -p%p -s%s -c%c -d%d -P%P -u%u -g%g -F%F -- %E" (or dumping to /home/bgodfrey/CASPER/mlib_devel/core.886836)
#
# If you would like to submit a bug report, please visit:
#   https://github.com/adoptium/adoptium-support/issues
# The crash happened outside the Java Virtual Machine in native code.
# See problematic frame for where to report the bug.
#

---------------  S U M M A R Y ------------

Command Line: -Djava.library.path= -Djava.system.class.loader=org.scilab.modules.jvm.ScilabClassLoader -Xshare:off --add-opens=java.desktop/sun.awt.X11=ALL-UNNAMED -Djdk.lang.processReaperUseDefaultStackSize=true --add-opens=java.desktop/javax.swing.plaf.basic=ALL-UNNAMED --add-opens=java.base/java.lang=ALL-UNNAMED --add-opens=java.base/jdk.internal.loader=ALL-UNNAMED --add-opens=java.base/java.lang.reflect=ALL-UNNAMED -Djava.util.logging.config.file=/home/bgodfrey/CASPER/Scilab/scilab-2024.1.0/share/scilab/etc/logging.properties -Xrs -Dawt.useSystemAAFontSettings=on -Djogamp.gluegen.UseTempJarCache=false 

Host: 12th Gen Intel(R) Core(TM) i7-1270P, 16 cores, 30G, 
[error occurred during error reporting (printing summary machine and OS info), id 0xb, SIGSEGV (0xb) at pc=0x000071478887ba10]

Time: Fri Apr 24 19:12:23 2026 PDT elapsed time: 4241.208293 seconds (0d 1h 10m 41s)

---------------  T H R E A D  ---------------

Current thread (0x000000000fe32990):  JavaThread "main" [_thread_in_native, id=886836, stack(0x00007fff03fa7000,0x00007fff040a7000)]

Stack: [0x00007fff03fa7000,0x00007fff040a7000],  sp=0x00007fff0409cf00,  free space=983k
Native frames: (J=compiled Java code, j=interpreted, Vv=VM code, C=native code)
C  [libc.so.6+0xadd75]  __libc_free+0x25


siginfo: si_signo: 11 (SIGSEGV), si_code: 1 (SEGV_MAPERR), si_addr: 0x0000000000010fb1

Register to memory mapping:

RAX=0x0000000010fb9bd0 points into unknown readable memory: 0x0000000010fb9be0 | e0 9b fb 10 00 00 00 00
RBX=0xffffffffffff0e80 is an unknown value
RCX=0x0000000010c762a0 points into unknown readable memory: 0x0000000010f60f30 | 30 0f f6 10 00 00 00 00
RDX=0x0000000010fb9bc0 points into unknown readable memory: 0x5672657470616441 | 41 64 61 70 74 65 72 56
RSP=0x00007fff0409cf00 is pointing into the stack for thread: 0x000000000fe32990
RBP=0x00007fff0409cf30 is pointing into the stack for thread: 0x000000000fe32990
RSI=0x0000000010fb9bb0 points into unknown readable memory: 0x0000000000010fb9 | b9 0f 01 00 00 00 00 00
RDI=0x0000000000010fb9 is an unknown value
R8 =0x0000000010c762a8 points into unknown readable memory: 0x0000714774a03b20 | 20 3b a0 74 47 71 00 00
R9 =0x00000000113157e0 points into unknown readable memory: 0x0000000011314f70 | 70 4f 31 11 00 00 00 00
R10=0x00000000000005e3 is an unknown value
R11=0x534fa666d8c0384a is an unknown value
R12=0x00007fff0409cf98 is pointing into the stack for thread: 0x000000000fe32990
R13=0x0000000000010fa9 is an unknown value
R14=0x0000714625b4abb0: _ZN25org_scilab_modules_scicos10Controller10m_instanceE+0x0000000000000070 in /home/bgodfrey/CASPER/Scilab/scilab-2024.1.0/lib/scilab/libsciscicos.so.2024 at 0x0000714625800000
R15=0x0000000011444510 points into unknown readable memory: 0x000071477e1eb438 | 38 b4 1e 7e 47 71 00 00


Registers:
RAX=0x0000000010fb9bd0, RBX=0xffffffffffff0e80, RCX=0x0000000010c762a0, RDX=0x0000000010fb9bc0
RSP=0x00007fff0409cf00, RBP=0x00007fff0409cf30, RSI=0x0000000010fb9bb0, RDI=0x0000000000010fb9
R8 =0x0000000010c762a8, R9 =0x00000000113157e0, R10=0x00000000000005e3, R11=0x534fa666d8c0384a
R12=0x00007fff0409cf98, R13=0x0000000000010fa9, R14=0x0000714625b4abb0, R15=0x0000000011444510
RIP=0x00007147748add75, EFLAGS=0x0000000000010206, CSGSFS=0x002b000000000033, ERR=0x0000000000000004
  TRAPNO=0x000000000000000e

Top of Stack: (sp=0x00007fff0409cf00)
0x00007fff0409cf00:   0000000000000000 0000000010cc5c40
0x00007fff0409cf10:   0000000000000000 0000000000000000
0x00007fff0409cf20:   00007fff0409cf98 0000000010fb9bb0
0x00007fff0409cf30:   0000714625b4ab40 00007146258a27be 

Instructions: (pc=0x00007147748add75)
0x00007147748adc75:   49 89 c5 e8 53 f5 ff ff 4d 85 ed 0f 84 e4 fd ff
0x00007147748adc85:   ff e9 d0 fd ff ff 0f 1f 44 00 00 49 39 cb 74 78
0x00007147748adc95:   a8 0f 0f 85 88 00 00 00 48 89 c6 48 33 10 48 c1
0x00007147748adca5:   ee 0c 48 31 f2 48 89 11 41 83 ea 01 66 45 89 14
0x00007147748adcb5:   78 48 c7 40 08 00 00 00 00 e9 f8 fd ff ff 0f 1f
0x00007147748adcc5:   44 00 00 48 8b 05 29 51 15 00 64 c7 00 16 00 00
0x00007147748adcd5:   00 31 c0 e9 33 ff ff ff 0f 1f 00 48 89 fb e9 d1
0x00007147748adce5:   fc ff ff 4c 89 ef 48 89 45 d8 e8 ac b2 fe ff 48
0x00007147748adcf5:   8b 45 d8 e9 6d fd ff ff 4c 89 ef e8 db b1 fe ff
0x00007147748add05:   e9 3a fd ff ff 49 8b 33 40 f6 c6 0f 75 12 48 89
0x00007147748add15:   f0 48 c1 e8 0c 48 33 06 49 89 03 48 89 f0 eb 88
0x00007147748add25:   48 8d 3d 8c 41 12 00 e8 af b2 ff ff 48 8d 0d 28
0x00007147748add35:   47 12 00 ba 4b 0e 00 00 48 8d 35 65 e8 11 00 48
0x00007147748add45:   8d 3d 1d 45 12 00 e8 a0 d5 f8 ff f3 0f 1e fa 48
0x00007147748add55:   85 ff 0f 84 d3 00 00 00 55 48 89 e5 41 55 4c 8d
0x00007147748add65:   6f f0 41 54 53 48 83 ec 18 48 8b 1d 83 50 15 00
0x00007147748add75:   48 8b 47 f8 64 44 8b 23 a8 02 75 5f 48 8b 15 10
0x00007147748add85:   50 15 00 64 48 83 3a 00 0f 84 a5 00 00 00 48 8d
0x00007147748add95:   3d 26 5d 15 00 a8 04 74 26 48 8b 15 0b 54 15 00
0x00007147748adda5:   48 8d 04 95 00 00 00 00 48 f7 d8 48 85 d2 48 c7
0x00007147748addb5:   c2 00 00 00 fc 48 0f 44 c2 4c 21 e8 48 8b 38 4c
0x00007147748addc5:   89 ee 31 d2 e8 a2 d3 ff ff 64 44 89 23 48 83 c4
0x00007147748addd5:   18 5b 41 5c 41 5d 5d c3 0f 1f 00 8b 15 e2 53 15
0x00007147748adde5:   00 85 d2 75 28 48 39 05 9f 53 15 00 73 1f 48 3d
0x00007147748addf5:   00 00 00 02 77 17 48 83 e0 f8 48 8d 14 00 48 89
0x00007147748ade05:   05 86 53 15 00 48 89 15 6f 53 15 00 90 4c 89 ef
0x00007147748ade15:   e8 e6 b5 ff ff 64 44 89 23 48 83 c4 18 5b 41 5c
0x00007147748ade25:   41 5d 5d c3 0f 1f 80 00 00 00 00 c3 0f 1f 80 00
0x00007147748ade35:   00 00 00 48 8b 15 61 4f 15 00 48 89 7d d8 64 80
0x00007147748ade45:   3a 00 0f 85 46 ff ff ff e8 be ef ff ff 48 8b 7d
0x00007147748ade55:   d8 48 8b 47 f8 e9 34 ff ff ff 90 f3 0f 1e fa 55
0x00007147748ade65:   48 89 e5 41 57 41 56 41 55 41 54 53 48 83 ec 28 


Stack slot to memory mapping:
stack at sp + 0 slots: 0x0 is NULL
stack at sp + 1 slots: 0x0000000010cc5c40 points into unknown readable memory: 0x0000000000010cc5 | c5 0c 01 00 00 00 00 00
stack at sp + 2 slots: 0x0 is NULL
stack at sp + 3 slots: 0x0 is NULL
stack at sp + 4 slots: 0x00007fff0409cf98 is pointing into the stack for thread: 0x000000000fe32990
stack at sp + 5 slots: 0x0000000010fb9bb0 points into unknown readable memory: 0x0000000000010fb9 | b9 0f 01 00 00 00 00 00
stack at sp + 6 slots: 0x0000714625b4ab40: _ZN25org_scilab_modules_scicos10Controller10m_instanceE+0x0000000000000000 in /home/bgodfrey/CASPER/Scilab/scilab-2024.1.0/lib/scilab/libsciscicos.so.2024 at 0x0000714625800000
stack at sp + 7 slots: 0x00007146258a27be: _ZNSt6vectorINSt7__cxx1112basic_stringIcSt11char_traitsIcESaIcEEESaIS5_EE8_M_eraseEN9__gnu_cxx17__normal_iteratorIPS5_S7_EE+0x00000000000000fe in /home/bgodfrey/CASPER/Scilab/scilab-2024.1.0/lib/scilab/libsciscicos.so.2024 at 0x0000714625800000


---------------  P R O C E S S  ---------------

Threads class SMR info:
_java_thread_list=0x000071460c5a7b40, length=21, elements={
0x000000000fe32990, 0x000000000ff82430, 0x000000000ff83a20, 0x000000000ffa3040,
0x000000000ffa6950, 0x000000000ffa79d0, 0x000000000ffa93f0, 0x000000000ffaa960,
0x000000000ffabe10, 0x0000000010046970, 0x0000000010074920, 0x000000001034cda0,
0x0000000010353eb0, 0x0000000010357190, 0x0000000010358010, 0x00000000104f42f0,
0x00000000106a8ae0, 0x00007146c05c1b10, 0x00007146c09bed80, 0x00007146c0c33680,
0x00007146c0eec650
}

Java Threads: ( => current thread )
=>0x000000000fe32990 JavaThread "main" [_thread_in_native, id=886836, stack(0x00007fff03fa7000,0x00007fff040a7000)]
  0x000000000ff82430 JavaThread "Reference Handler" daemon [_thread_blocked, id=886852, stack(0x000071477d500000,0x000071477d600000)]
  0x000000000ff83a20 JavaThread "Finalizer" daemon [_thread_in_native, id=886853, stack(0x000071477d100000,0x000071477d200000)]
  0x000000000ffa3040 JavaThread "Attach Listener" daemon [_thread_blocked, id=886854, stack(0x000071477cd00000,0x000071477ce00000)]
  0x000000000ffa6950 JavaThread "Service Thread" daemon [_thread_blocked, id=886855, stack(0x000071477c900000,0x000071477ca00000)]
  0x000000000ffa79d0 JavaThread "Monitor Deflation Thread" daemon [_thread_blocked, id=886856, stack(0x000071477c100000,0x000071477c200000)]
  0x000000000ffa93f0 JavaThread "C2 CompilerThread0" daemon [_thread_blocked, id=886857, stack(0x000071477bd00000,0x000071477be00000)]
  0x000000000ffaa960 JavaThread "C1 CompilerThread0" daemon [_thread_blocked, id=886858, stack(0x000071477b900000,0x000071477ba00000)]
  0x000000000ffabe10 JavaThread "Sweeper thread" daemon [_thread_blocked, id=886859, stack(0x000071477b500000,0x000071477b600000)]
  0x0000000010046970 JavaThread "Common-Cleaner" daemon [_thread_blocked, id=886860, stack(0x000071477b100000,0x000071477b200000)]
  0x0000000010074920 JavaThread "Notification Thread" daemon [_thread_blocked, id=886861, stack(0x000071477ad00000,0x000071477ae00000)]
  0x000000001034cda0 JavaThread "Java2D Disposer" daemon [_thread_blocked, id=886866, stack(0x0000714779500000,0x0000714779600000)]
  0x0000000010353eb0 JavaThread "AWT-XAWT" daemon [_thread_in_native, id=886867, stack(0x0000714779100000,0x0000714779200000)]
  0x0000000010357190 JavaThread "AWT-Shutdown" [_thread_blocked, id=886868, stack(0x0000714778d00000,0x0000714778e00000)]
  0x0000000010358010 JavaThread "AWT-EventQueue-0" [_thread_blocked, id=886869, stack(0x0000714778900000,0x0000714778a00000)]
  0x00000000104f42f0 JavaThread "main-SharedResourceRunner" daemon [_thread_blocked, id=886870, stack(0x0000714778500000,0x0000714778600000)]
  0x00000000106a8ae0 JavaThread "main-SharedResourceRunner" daemon [_thread_blocked, id=886871, stack(0x0000714777d00000,0x0000714777e00000)]
  0x00007146c05c1b10 JavaThread "TimerQueue" daemon [_thread_blocked, id=886941, stack(0x00007146b81b5000,0x00007146b82b5000)]
  0x00007146c09bed80 JavaThread "SwingWorker-pool-1-thread-1" daemon [_thread_blocked, id=886943, stack(0x00007146b82b5000,0x00007146b83b5000)]
  0x00007146c0c33680 JavaThread "SwingWorker-pool-1-thread-2" daemon [_thread_blocked, id=887025, stack(0x0000714694200000,0x0000714694300000)]
  0x00007146c0eec650 JavaThread "pool-2-thread-1" [_thread_blocked, id=887407, stack(0x000071477a100000,0x000071477a200000)]

Other Threads:
  0x000000000ff72ec0 VMThread "VM Thread" [stack: 0x000071477d900000,0x000071477da00000] [id=886851]
  0x000000000fe2b7b0 WatcherThread [stack: 0x000071477a900000,0x000071477aa00000] [id=886862]
  0x000000000fddab90 GCTaskThread "GC Thread#0" [stack: 0x0000714784500000,0x0000714784600000] [id=886846]
  0x000071470c006a50 GCTaskThread "GC Thread#1" [stack: 0x0000714773900000,0x0000714773a00000] [id=886901]
  0x000071470c007560 GCTaskThread "GC Thread#2" [stack: 0x0000714773100000,0x0000714773200000] [id=886902]
  0x000071470c008070 GCTaskThread "GC Thread#3" [stack: 0x0000714772d00000,0x0000714772e00000] [id=886903]
  0x000071470c008b80 GCTaskThread "GC Thread#4" [stack: 0x00007147710fd000,0x00007147711fd000] [id=886904]
  0x000071470c009690 GCTaskThread "GC Thread#5" [stack: 0x000071476c6ff000,0x000071476c7ff000] [id=886905]
  0x000071470c00a1a0 GCTaskThread "GC Thread#6" [stack: 0x0000714769cff000,0x0000714769dff000] [id=886906]
  0x000071470c00acb0 GCTaskThread "GC Thread#7" [stack: 0x00007147672ff000,0x00007147673ff000] [id=886907]
  0x000071470c00b7e0 GCTaskThread "GC Thread#8" [stack: 0x00007147648ff000,0x00007147649ff000] [id=886908]
  0x000071470c00c330 GCTaskThread "GC Thread#9" [stack: 0x0000714755100000,0x0000714755200000] [id=886909]
  0x000071470c00ce80 GCTaskThread "GC Thread#10" [stack: 0x0000714754d00000,0x0000714754e00000] [id=886910]
  0x000071470c012d00 GCTaskThread "GC Thread#11" [stack: 0x0000714754900000,0x0000714754a00000] [id=886911]
  0x000071470c013810 GCTaskThread "GC Thread#12" [stack: 0x0000714754500000,0x0000714754600000] [id=886912]
  0x000000000fe27bf0 ConcurrentGCThread "G1 Main Marker" [stack: 0x0000714783900000,0x0000714783a00000] [id=886847]
  0x000000000fe28aa0 ConcurrentGCThread "G1 Conc#0" [stack: 0x0000714783500000,0x0000714783600000] [id=886848]
  0x0000714718000e50 ConcurrentGCThread "G1 Conc#1" [stack: 0x00007146a41f8000,0x00007146a42f8000] [id=886938]
  0x00007147180019b0 ConcurrentGCThread "G1 Conc#2" [stack: 0x00007146a40f6000,0x00007146a41f6000] [id=886939]
  0x000000000fe15370 ConcurrentGCThread "G1 Refine#0" [stack: 0x000071477e700000,0x000071477e800000] [id=886849]
  0x0000714710000e50 ConcurrentGCThread "G1 Refine#1" [stack: 0x0000714747eff000,0x0000714747fff000] [id=886913]
  0x0000714648000e50 ConcurrentGCThread "G1 Refine#2" [stack: 0x0000714724840000,0x0000714724940000] [id=886914]
  0x000000000fefe0b0 ConcurrentGCThread "G1 Service" [stack: 0x000071477e300000,0x000071477e400000] [id=886850]

Threads with active compile tasks:

VM state: not at safepoint (normal execution)

VM Mutex/Monitor currently owned by a thread: None

Heap address: 0x00000005d6800000, size: 7832 MB, Compressed Oops mode: Zero based, Oop shift amount: 3

CDS archive(s) not mapped
Compressed class space mapped at: 0x00000007c0000000-0x0000000800000000, reserved size: 1073741824
Narrow klass base: 0x0000000000000000, Narrow klass shift: 3, Narrow klass range: 0x800000000

GC Precious Log:
 CPUs: 16 total, 16 available
 Memory: 31325M
 Large Page Support: Disabled
 NUMA Support: Disabled
 Compressed Oops: Enabled (Zero based)
 Heap Region Size: 4M
 Heap Min Capacity: 8M
 Heap Initial Capacity: 492M
 Heap Max Capacity: 7832M
 Pre-touch: Disabled
 Parallel Workers: 13
 Concurrent Workers: 3
 Concurrent Refinement Workers: 13
 Periodic GC: Disabled

Heap:
 garbage-first heap   total 204800K, used 87452K [0x00000005d6800000, 0x00000007c0000000)
  region size 4096K, 2 young (8192K), 1 survivors (4096K)
 Metaspace       used 62957K, committed 63296K, reserved 1114112K
  class space    used 6919K, committed 7104K, reserved 1048576K

Heap Regions: E=young(eden), S=young(survivor), O=old, HS=humongous(starts), HC=humongous(continues), CS=collection set, F=free, OA=open archive, CA=closed archive, TAMS=top-at-mark-start (previous, next)
|   0|0x00000005d6800000, 0x00000005d6c00000, 0x00000005d6c00000|100%| O|  |TAMS 0x00000005d6c00000, 0x00000005d6800000| Untracked 
|   1|0x00000005d6c00000, 0x00000005d7000000, 0x00000005d7000000|100%| O|  |TAMS 0x00000005d7000000, 0x00000005d6c00000| Untracked 
|   2|0x00000005d7000000, 0x00000005d7400000, 0x00000005d7400000|100%| O|  |TAMS 0x00000005d7400000, 0x00000005d7000000| Untracked 
|   3|0x00000005d7400000, 0x00000005d7800000, 0x00000005d7800000|100%| O|  |TAMS 0x00000005d7800000, 0x00000005d7400000| Untracked 
|   4|0x00000005d7800000, 0x00000005d7c00000, 0x00000005d7c00000|100%| O|  |TAMS 0x00000005d7800000, 0x00000005d7800000| Untracked 
|   5|0x00000005d7c00000, 0x00000005d8000000, 0x00000005d8000000|100%| O|  |TAMS 0x00000005d7c00000, 0x00000005d7c00000| Untracked 
|   6|0x00000005d8000000, 0x00000005d8400000, 0x00000005d8400000|100%| O|  |TAMS 0x00000005d8400000, 0x00000005d8000000| Untracked 
|   7|0x00000005d8400000, 0x00000005d8800000, 0x00000005d8800000|100%| O|  |TAMS 0x00000005d8800000, 0x00000005d8400000| Untracked 
|   8|0x00000005d8800000, 0x00000005d8c00000, 0x00000005d8c00000|100%| O|  |TAMS 0x00000005d8c00000, 0x00000005d8800000| Untracked 
|   9|0x00000005d8c00000, 0x00000005d9000000, 0x00000005d9000000|100%| O|  |TAMS 0x00000005d8c00000, 0x00000005d8c00000| Untracked 
|  10|0x00000005d9000000, 0x00000005d9400000, 0x00000005d9400000|100%| O|  |TAMS 0x00000005d9000000, 0x00000005d9000000| Untracked 
|  11|0x00000005d9400000, 0x00000005d9800000, 0x00000005d9800000|100%| O|  |TAMS 0x00000005d9800000, 0x00000005d9400000| Untracked 
|  12|0x00000005d9800000, 0x00000005d9c00000, 0x00000005d9c00000|100%| O|  |TAMS 0x00000005d9800000, 0x00000005d9800000| Untracked 
|  13|0x00000005d9c00000, 0x00000005d9d9d200, 0x00000005da000000| 40%| O|  |TAMS 0x00000005d9c00000, 0x00000005d9c00000| Untracked 
|  14|0x00000005da000000, 0x00000005da400000, 0x00000005da400000|100%|HS|  |TAMS 0x00000005da000000, 0x00000005da000000| Complete 
|  15|0x00000005da400000, 0x00000005da800000, 0x00000005da800000|100%|HS|  |TAMS 0x00000005da800000, 0x00000005da400000| Complete 
|  16|0x00000005da800000, 0x00000005dac00000, 0x00000005dac00000|100%|HC|  |TAMS 0x00000005dac00000, 0x00000005da800000| Complete 
|  17|0x00000005dac00000, 0x00000005db000000, 0x00000005db000000|100%| O|  |TAMS 0x00000005daebd400, 0x00000005dac00000| Untracked 
|  18|0x00000005db000000, 0x00000005db000000, 0x00000005db400000|  0%| F|  |TAMS 0x00000005db000000, 0x00000005db000000| Untracked 
|  19|0x00000005db400000, 0x00000005db800000, 0x00000005db800000|100%|HS|  |TAMS 0x00000005db800000, 0x00000005db400000| Untracked 
|  20|0x00000005db800000, 0x00000005dbc00000, 0x00000005dbc00000|100%| O|  |TAMS 0x00000005dbc00000, 0x00000005db800000| Untracked 
|  21|0x00000005dbc00000, 0x00000005dc000000, 0x00000005dc000000|100%| O|  |TAMS 0x00000005dc000000, 0x00000005dbc00000| Untracked 
|  22|0x00000005dc000000, 0x00000005dc000000, 0x00000005dc400000|  0%| F|  |TAMS 0x00000005dc000000, 0x00000005dc000000| Untracked 
|  23|0x00000005dc400000, 0x00000005dc400000, 0x00000005dc800000|  0%| F|  |TAMS 0x00000005dc400000, 0x00000005dc400000| Untracked 
|  24|0x00000005dc800000, 0x00000005dc800000, 0x00000005dcc00000|  0%| F|  |TAMS 0x00000005dc800000, 0x00000005dc800000| Untracked 
|  25|0x00000005dcc00000, 0x00000005dcc00000, 0x00000005dd000000|  0%| F|  |TAMS 0x00000005dcc00000, 0x00000005dcc00000| Untracked 
|  26|0x00000005dd000000, 0x00000005dd3c9e10, 0x00000005dd400000| 94%| S|CS|TAMS 0x00000005dd000000, 0x00000005dd000000| Complete 
|  27|0x00000005dd400000, 0x00000005dd400000, 0x00000005dd800000|  0%| F|  |TAMS 0x00000005dd400000, 0x00000005dd400000| Untracked 
|  28|0x00000005dd800000, 0x00000005dd800000, 0x00000005ddc00000|  0%| F|  |TAMS 0x00000005dd800000, 0x00000005dd800000| Untracked 
|  29|0x00000005ddc00000, 0x00000005ddc00000, 0x00000005de000000|  0%| F|  |TAMS 0x00000005ddc00000, 0x00000005ddc00000| Untracked 
|  30|0x00000005de000000, 0x00000005de000000, 0x00000005de400000|  0%| F|  |TAMS 0x00000005de000000, 0x00000005de000000| Untracked 
|  31|0x00000005de400000, 0x00000005de400000, 0x00000005de800000|  0%| F|  |TAMS 0x00000005de400000, 0x00000005de400000| Untracked 
|  32|0x00000005de800000, 0x00000005de800000, 0x00000005dec00000|  0%| F|  |TAMS 0x00000005de800000, 0x00000005de800000| Untracked 
|  33|0x00000005dec00000, 0x00000005dec00000, 0x00000005df000000|  0%| F|  |TAMS 0x00000005dec00000, 0x00000005dec00000| Untracked 
|  34|0x00000005df000000, 0x00000005df000000, 0x00000005df400000|  0%| F|  |TAMS 0x00000005df000000, 0x00000005df000000| Untracked 
|  35|0x00000005df400000, 0x00000005df400000, 0x00000005df800000|  0%| F|  |TAMS 0x00000005df400000, 0x00000005df400000| Untracked 
|  36|0x00000005df800000, 0x00000005df800000, 0x00000005dfc00000|  0%| F|  |TAMS 0x00000005df800000, 0x00000005df800000| Untracked 
|  37|0x00000005dfc00000, 0x00000005dfc00000, 0x00000005e0000000|  0%| F|  |TAMS 0x00000005dfc00000, 0x00000005dfc00000| Untracked 
|  38|0x00000005e0000000, 0x00000005e0000000, 0x00000005e0400000|  0%| F|  |TAMS 0x00000005e0000000, 0x00000005e0000000| Untracked 
|  39|0x00000005e0400000, 0x00000005e0400000, 0x00000005e0800000|  0%| F|  |TAMS 0x00000005e0400000, 0x00000005e0400000| Untracked 
|  40|0x00000005e0800000, 0x00000005e0800000, 0x00000005e0c00000|  0%| F|  |TAMS 0x00000005e0800000, 0x00000005e0800000| Untracked 
|  41|0x00000005e0c00000, 0x00000005e0c00000, 0x00000005e1000000|  0%| F|  |TAMS 0x00000005e0c00000, 0x00000005e0c00000| Untracked 
|  42|0x00000005e1000000, 0x00000005e1000000, 0x00000005e1400000|  0%| F|  |TAMS 0x00000005e1000000, 0x00000005e1000000| Untracked 
|  43|0x00000005e1400000, 0x00000005e1400000, 0x00000005e1800000|  0%| F|  |TAMS 0x00000005e1400000, 0x00000005e1400000| Untracked 
|  44|0x00000005e1800000, 0x00000005e1800000, 0x00000005e1c00000|  0%| F|  |TAMS 0x00000005e1800000, 0x00000005e1800000| Untracked 
|  45|0x00000005e1c00000, 0x00000005e1c00000, 0x00000005e2000000|  0%| F|  |TAMS 0x00000005e1c00000, 0x00000005e1c00000| Untracked 
|  46|0x00000005e2000000, 0x00000005e2000000, 0x00000005e2400000|  0%| F|  |TAMS 0x00000005e2000000, 0x00000005e2000000| Untracked 
|  64|0x00000005e6800000, 0x00000005e6800000, 0x00000005e6c00000|  0%| F|  |TAMS 0x00000005e6800000, 0x00000005e6800000| Untracked 
|  65|0x00000005e6c00000, 0x00000005e6c00000, 0x00000005e7000000|  0%| F|  |TAMS 0x00000005e6c00000, 0x00000005e6c00000| Untracked 
| 122|0x00000005f5000000, 0x00000005f527e520, 0x00000005f5400000| 62%| E|  |TAMS 0x00000005f5000000, 0x00000005f5000000| Complete 

Card table byte_map: [0x0000714756367000,0x00007147572b3000] _byte_map_base: 0x00007147534b3000

Marking Bits (Prev, Next): (CMBitMap*) 0x000000000fe233c0, (CMBitMap*) 0x000000000fe23400
 Prev Bits: [0x000071472c3a0000, 0x0000714733e00000)
 Next Bits: [0x0000714724940000, 0x000071472c3a0000)

Polling page: 0x00007147891a9000

Metaspace:

Usage:
  Non-class:     54.72 MB used.
      Class:      6.76 MB used.
       Both:     61.48 MB used.

Virtual space:
  Non-class space:       64.00 MB reserved,      54.88 MB ( 86%) committed,  1 nodes.
      Class space:        1.00 GB reserved,       6.94 MB ( <1%) committed,  1 nodes.
             Both:        1.06 GB reserved,      61.81 MB (  6%) committed. 

Chunk freelists:
   Non-Class:  8.82 MB
       Class:  9.06 MB
        Both:  17.88 MB

MaxMetaspaceSize: unlimited
CompressedClassSpaceSize: 1.00 GB
Initial GC threshold: 21.00 MB
Current GC threshold: 102.75 MB
CDS: off
MetaspaceReclaimPolicy: balanced
 - commit_granule_bytes: 65536.
 - commit_granule_words: 8192.
 - virtual_space_node_default_size: 8388608.
 - enlarge_chunks_in_place: 1.
 - new_chunks_are_fully_committed: 0.
 - uncommit_free_chunks: 1.
 - use_allocation_guard: 0.
 - handle_deallocations: 1.


Internal statistics:

num_allocs_failed_limit: 9.
num_arena_births: 340.
num_arena_deaths: 0.
num_vsnodes_births: 2.
num_vsnodes_deaths: 0.
num_space_committed: 985.
num_space_uncommitted: 0.
num_chunks_returned_to_freelist: 9.
num_chunks_taken_from_freelist: 1325.
num_chunk_merges: 3.
num_chunk_splits: 925.
num_chunks_enlarged: 696.
num_inconsistent_stats: 0.

CodeHeap 'non-profiled nmethods': size=119168Kb used=15393Kb max_used=15393Kb free=103775Kb
 bounds [0x000071473b9a0000, 0x000071473c8b0000, 0x0000714742e00000]
CodeHeap 'profiled nmethods': size=119164Kb used=23675Kb max_used=23675Kb free=95488Kb
 bounds [0x0000714733e00000, 0x0000714735520000, 0x000071473b25f000]
CodeHeap 'non-nmethods': size=7428Kb used=1845Kb max_used=3597Kb free=5582Kb
 bounds [0x000071473b25f000, 0x000071473b5ef000, 0x000071473b9a0000]
 total_blobs=13936 nmethods=12599 adapters=1247
 compilation: enabled
              stopped_count=0, restarted_count=0
 full_count=0

Compilation events (20 events):
Event: 4241.158 Thread 0x000000000ffaa960 16285       3       javax.swing.JComponent$$Lambda$259/0x00000007c0518390::run (8 bytes)
Event: 4241.158 Thread 0x000000000ffaa960 nmethod 16285 0x0000714735518590 code [0x0000714735518740, 0x0000714735518a00]
Event: 4241.158 Thread 0x000000000ffaa960 16286       3       javax.swing.JComponent::lambda$revalidate$0 (13 bytes)
Event: 4241.158 Thread 0x000000000ffaa960 nmethod 16286 0x0000714735518b10 code [0x0000714735518cc0, 0x0000714735518f00]
Event: 4241.167 Thread 0x000000000ffaa960 16287       3       javax.swing.TransferHandler::getCutAction (4 bytes)
Event: 4241.167 Thread 0x000000000ffaa960 nmethod 16287 0x0000714735519010 code [0x00007147355191a0, 0x0000714735519290]
Event: 4241.168 Thread 0x000000000ffaa960 16288       3       javax.swing.text.DefaultEditorKit::<init> (5 bytes)
Event: 4241.168 Thread 0x000000000ffaa960 nmethod 16288 0x0000714735519310 code [0x00007147355194c0, 0x0000714735519670]
Event: 4241.168 Thread 0x000000000ffaa960 16289       3       javax.swing.text.EditorKit::<init> (5 bytes)
Event: 4241.168 Thread 0x000000000ffaa960 nmethod 16289 0x0000714735519790 code [0x0000714735519940, 0x0000714735519a90]
Event: 4241.168 Thread 0x000000000ffaa960 16290       3       com.mxgraph.swing.handler.mxCellMarker::<init> (9 bytes)
Event: 4241.168 Thread 0x000000000ffaa960 nmethod 16290 0x0000714735519b90 code [0x0000714735519d40, 0x0000714735519f00]
Event: 4241.169 Thread 0x000000000ffaa960 16291   !   3       java.io.ObjectInputStream::readNonProxyDesc (322 bytes)
Event: 4241.171 Thread 0x000000000ffaa960 nmethod 16291 0x000071473551a010 code [0x000071473551a640, 0x000071473551d5c0]
Event: 4241.174 Thread 0x000000000ffa93f0 16292       4       java.util.stream.Sink$ChainedReference::begin (11 bytes)
Event: 4241.174 Thread 0x000000000ffa93f0 nmethod 16292 0x000071473c8a7590 code [0x000071473c8a7720, 0x000071473c8a77b8]
Event: 4241.174 Thread 0x000000000ffa93f0 16293       4       java.util.stream.ReferencePipeline::map (26 bytes)
Event: 4241.176 Thread 0x000000000ffa93f0 nmethod 16293 0x000071473c8a7890 code [0x000071473c8a7a20, 0x000071473c8a7e18]
Event: 4241.176 Thread 0x000000000ffa93f0 16294       4       java.util.stream.ReferencePipeline$3::opWrapSink (10 bytes)
Event: 4241.177 Thread 0x000000000ffa93f0 nmethod 16294 0x000071473c8a7f90 code [0x000071473c8a8120, 0x000071473c8a82f8]

GC Heap History (20 events):
Event: 4212.545 GC heap before
{Heap before GC invocations=176 (full 0):
 garbage-first heap   total 204800K, used 174249K [0x00000005d6800000, 0x00000007c0000000)
  region size 4096K, 24 young (98304K), 1 survivors (4096K)
 Metaspace       used 62916K, committed 63232K, reserved 1114112K
  class space    used 6919K, committed 7104K, reserved 1048576K
}
Event: 4212.546 GC heap after
{Heap after GC invocations=177 (full 0):
 garbage-first heap   total 204800K, used 79984K [0x00000005d6800000, 0x00000007c0000000)
  region size 4096K, 1 young (4096K), 1 survivors (4096K)
 Metaspace       used 62916K, committed 63232K, reserved 1114112K
  class space    used 6919K, committed 7104K, reserved 1048576K
}
Event: 4213.459 GC heap before
{Heap before GC invocations=177 (full 0):
 garbage-first heap   total 204800K, used 174192K [0x00000005d6800000, 0x00000007c0000000)
  region size 4096K, 24 young (98304K), 1 survivors (4096K)
 Metaspace       used 62917K, committed 63232K, reserved 1114112K
  class space    used 6919K, committed 7104K, reserved 1048576K
}
Event: 4213.460 GC heap after
{Heap after GC invocations=178 (full 0):
 garbage-first heap   total 204800K, used 79981K [0x00000005d6800000, 0x00000007c0000000)
  region size 4096K, 1 young (4096K), 1 survivors (4096K)
 Metaspace       used 62917K, committed 63232K, reserved 1114112K
  class space    used 6919K, committed 7104K, reserved 1048576K
}
Event: 4215.253 GC heap before
{Heap before GC invocations=178 (full 0):
 garbage-first heap   total 204800K, used 174189K [0x00000005d6800000, 0x00000007c0000000)
  region size 4096K, 24 young (98304K), 1 survivors (4096K)
 Metaspace       used 62917K, committed 63232K, reserved 1114112K
  class space    used 6919K, committed 7104K, reserved 1048576K
}
Event: 4215.256 GC heap after
{Heap after GC invocations=179 (full 0):
 garbage-first heap   total 204800K, used 80291K [0x00000005d6800000, 0x00000007c0000000)
  region size 4096K, 1 young (4096K), 1 survivors (4096K)
 Metaspace       used 62917K, committed 63232K, reserved 1114112K
  class space    used 6919K, committed 7104K, reserved 1048576K
}
Event: 4224.286 GC heap before
{Heap before GC invocations=179 (full 0):
 garbage-first heap   total 204800K, used 174499K [0x00000005d6800000, 0x00000007c0000000)
  region size 4096K, 24 young (98304K), 1 survivors (4096K)
 Metaspace       used 62931K, committed 63296K, reserved 1114112K
  class space    used 6919K, committed 7104K, reserved 1048576K
}
Event: 4224.290 GC heap after
{Heap after GC invocations=180 (full 0):
 garbage-first heap   total 204800K, used 81447K [0x00000005d6800000, 0x00000007c0000000)
  region size 4096K, 1 young (4096K), 1 survivors (4096K)
 Metaspace       used 62931K, committed 63296K, reserved 1114112K
  class space    used 6919K, committed 7104K, reserved 1048576K
}
Event: 4225.277 GC heap before
{Heap before GC invocations=180 (full 0):
 garbage-first heap   total 204800K, used 175655K [0x00000005d6800000, 0x00000007c0000000)
  region size 4096K, 24 young (98304K), 1 survivors (4096K)
 Metaspace       used 62931K, committed 63296K, reserved 1114112K
  class space    used 6919K, committed 7104K, reserved 1048576K
}
Event: 4225.279 GC heap after
{Heap after GC invocations=181 (full 0):
 garbage-first heap   total 204800K, used 80915K [0x00000005d6800000, 0x00000007c0000000)
  region size 4096K, 1 young (4096K), 1 survivors (4096K)
 Metaspace       used 62931K, committed 63296K, reserved 1114112K
  class space    used 6919K, committed 7104K, reserved 1048576K
}
Event: 4226.086 GC heap before
{Heap before GC invocations=181 (full 0):
 garbage-first heap   total 204800K, used 175123K [0x00000005d6800000, 0x00000007c0000000)
  region size 4096K, 24 young (98304K), 1 survivors (4096K)
 Metaspace       used 62931K, committed 63296K, reserved 1114112K
  class space    used 6919K, committed 7104K, reserved 1048576K
}
Event: 4226.087 GC heap after
{Heap after GC invocations=182 (full 0):
 garbage-first heap   total 204800K, used 80885K [0x00000005d6800000, 0x00000007c0000000)
  region size 4096K, 1 young (4096K), 1 survivors (4096K)
 Metaspace       used 62931K, committed 63296K, reserved 1114112K
  class space    used 6919K, committed 7104K, reserved 1048576K
}
Event: 4226.953 GC heap before
{Heap before GC invocations=182 (full 0):
 garbage-first heap   total 204800K, used 175093K [0x00000005d6800000, 0x00000007c0000000)
  region size 4096K, 24 young (98304K), 1 survivors (4096K)
 Metaspace       used 62931K, committed 63296K, reserved 1114112K
  class space    used 6919K, committed 7104K, reserved 1048576K
}
Event: 4226.956 GC heap after
{Heap after GC invocations=183 (full 0):
 garbage-first heap   total 204800K, used 80851K [0x00000005d6800000, 0x00000007c0000000)
  region size 4096K, 1 young (4096K), 1 survivors (4096K)
 Metaspace       used 62931K, committed 63296K, reserved 1114112K
  class space    used 6919K, committed 7104K, reserved 1048576K
}
Event: 4227.553 GC heap before
{Heap before GC invocations=183 (full 0):
 garbage-first heap   total 204800K, used 175059K [0x00000005d6800000, 0x00000007c0000000)
  region size 4096K, 24 young (98304K), 1 survivors (4096K)
 Metaspace       used 62931K, committed 63296K, reserved 1114112K
  class space    used 6919K, committed 7104K, reserved 1048576K
}
Event: 4227.554 GC heap after
{Heap after GC invocations=184 (full 0):
 garbage-first heap   total 204800K, used 80911K [0x00000005d6800000, 0x00000007c0000000)
  region size 4096K, 1 young (4096K), 1 survivors (4096K)
 Metaspace       used 62931K, committed 63296K, reserved 1114112K
  class space    used 6919K, committed 7104K, reserved 1048576K
}
Event: 4230.282 GC heap before
{Heap before GC invocations=184 (full 0):
 garbage-first heap   total 204800K, used 175119K [0x00000005d6800000, 0x00000007c0000000)
  region size 4096K, 24 young (98304K), 1 survivors (4096K)
 Metaspace       used 62932K, committed 63296K, reserved 1114112K
  class space    used 6919K, committed 7104K, reserved 1048576K
}
Event: 4230.284 GC heap after
{Heap after GC invocations=185 (full 0):
 garbage-first heap   total 204800K, used 81252K [0x00000005d6800000, 0x00000007c0000000)
  region size 4096K, 1 young (4096K), 1 survivors (4096K)
 Metaspace       used 62932K, committed 63296K, reserved 1114112K
  class space    used 6919K, committed 7104K, reserved 1048576K
}
Event: 4241.199 GC heap before
{Heap before GC invocations=185 (full 0):
 garbage-first heap   total 204800K, used 175460K [0x00000005d6800000, 0x00000007c0000000)
  region size 4096K, 24 young (98304K), 1 survivors (4096K)
 Metaspace       used 62957K, committed 63296K, reserved 1114112K
  class space    used 6919K, committed 7104K, reserved 1048576K
}
Event: 4241.202 GC heap after
{Heap after GC invocations=186 (full 0):
 garbage-first heap   total 204800K, used 87452K [0x00000005d6800000, 0x00000007c0000000)
  region size 4096K, 1 young (4096K), 1 survivors (4096K)
 Metaspace       used 62957K, committed 63296K, reserved 1114112K
  class space    used 6919K, committed 7104K, reserved 1048576K
}

Dll operation events (20 events):
Event: 0.263 Loaded shared library /home/bgodfrey/CASPER/Scilab/scilab-2024.1.0/thirdparty/java/lib/libawt_xawt.so
Event: 0.285 Loaded shared library /home/bgodfrey/CASPER/Scilab/scilab-2024.1.0/thirdparty/java/lib/libfontmanager.so
Event: 0.329 Loaded shared library /home/bgodfrey/CASPER/Scilab/scilab-2024.1.0/lib/thirdparty/libgluegen_rt.so
Event: 0.364 Loaded shared library /home/bgodfrey/CASPER/Scilab/scilab-2024.1.0/thirdparty/java/lib/libjawt.so
Event: 0.365 Loaded shared library /home/bgodfrey/CASPER/Scilab/scilab-2024.1.0/lib/thirdparty/libnativewindow_awt.so
Event: 0.387 Loaded shared library /home/bgodfrey/CASPER/Scilab/scilab-2024.1.0/lib/thirdparty/libnativewindow_x11.so
Event: 0.455 Loaded shared library /home/bgodfrey/CASPER/Scilab/scilab-2024.1.0/lib/thirdparty/libjogl_desktop.so
Event: 0.464 Loaded shared library /usr/lib/jni/libjogl_mobile.so
Event: 0.793 Loaded shared library /home/bgodfrey/CASPER/Scilab/scilab-2024.1.0/thirdparty/java/lib/libnet.so
Event: 1.851 Loaded shared library /home/bgodfrey/CASPER/Scilab/scilab-2024.1.0/lib/scilab/libscihistory_manager.so.2024.1.0
Event: 1.988 Loaded shared library /home/bgodfrey/CASPER/Scilab/scilab-2024.1.0/lib/scilab/libscixcos.so.2024.1.0
Event: 3.584 Loaded shared library /home/bgodfrey/CASPER/Scilab/scilab-2024.1.0/thirdparty/java/lib/libextnet.so
Event: 4.175 Loaded shared library /home/bgodfrey/CASPER/Scilab/scilab-2024.1.0/lib/scilab/libsciscinotes.so.2024.1.0
Event: 4.217 Loaded shared library /home/bgodfrey/CASPER/Scilab/scilab-2024.1.0/lib/scilab/libsciconsole.so.2024.1.0
Event: 4.566 Loaded shared library /home/bgodfrey/CASPER/Scilab/scilab-2024.1.0/lib/scilab/libjavasci2.so.2024.1.0
Event: 4.570 Loaded shared library /home/bgodfrey/CASPER/Scilab/scilab-2024.1.0/lib/scilab/libscilab.so.2024.1.0
Event: 4.731 Loaded shared library /home/bgodfrey/CASPER/Scilab/scilab-2024.1.0/lib/scilab/libsciaction_binding.so.2024.1.0
Event: 28.733 Loaded shared library /home/bgodfrey/CASPER/Scilab/scilab-2024.1.0/thirdparty/java/lib/libmanagement.so
Event: 28.735 Loaded shared library /home/bgodfrey/CASPER/Scilab/scilab-2024.1.0/thirdparty/java/lib/libmanagement_ext.so
Event: 36.233 Loaded shared library /home/bgodfrey/CASPER/Scilab/scilab-2024.1.0/thirdparty/java/lib/libjavajpeg.so

Deoptimization events (20 events):
Event: 4055.491 Thread 0x0000000010358010 Uncommon trap: trap_request=0xffffffde fr.pc=0x000071473bf2c2e4 relative=0x00000000000007c4
Event: 4055.491 Thread 0x0000000010358010 Uncommon trap: reason=class_check action=maybe_recompile pc=0x000071473bf2c2e4 method=sun.java2d.pipe.ValidatePipe.fill(Lsun/java2d/SunGraphics2D;Ljava/awt/Shape;)V @ 14 c2
Event: 4055.491 Thread 0x0000000010358010 DEOPT PACKING pc=0x000071473bf2c2e4 sp=0x00007147789eeb40
Event: 4055.491 Thread 0x0000000010358010 DEOPT UNPACKING pc=0x000071473b2b5699 sp=0x00007147789eeb58 mode 2
Event: 4055.572 Thread 0x0000000010358010 Uncommon trap: trap_request=0xffffff45 fr.pc=0x000071473c3ccaf8 relative=0x00000000000002d8
Event: 4055.572 Thread 0x0000000010358010 Uncommon trap: reason=unstable_if action=reinterpret pc=0x000071473c3ccaf8 method=java.awt.geom.Path2D$Float.moveTo(FF)V @ 4 c2
Event: 4055.572 Thread 0x0000000010358010 DEOPT PACKING pc=0x000071473c3ccaf8 sp=0x00007147789eeb20
Event: 4055.572 Thread 0x0000000010358010 DEOPT UNPACKING pc=0x000071473b2b5699 sp=0x00007147789eeaf0 mode 2
Event: 4055.572 Thread 0x0000000010358010 Uncommon trap: trap_request=0xffffffde fr.pc=0x000071473bf2c2e4 relative=0x00000000000007c4
Event: 4055.572 Thread 0x0000000010358010 Uncommon trap: reason=class_check action=maybe_recompile pc=0x000071473bf2c2e4 method=sun.java2d.pipe.ValidatePipe.fill(Lsun/java2d/SunGraphics2D;Ljava/awt/Shape;)V @ 14 c2
Event: 4055.572 Thread 0x0000000010358010 DEOPT PACKING pc=0x000071473bf2c2e4 sp=0x00007147789eeb40
Event: 4055.572 Thread 0x0000000010358010 DEOPT UNPACKING pc=0x000071473b2b5699 sp=0x00007147789eeb58 mode 2
Event: 4055.929 Thread 0x0000000010358010 Uncommon trap: trap_request=0xffffff45 fr.pc=0x000071473c5c0f18 relative=0x0000000000000978
Event: 4055.929 Thread 0x0000000010358010 Uncommon trap: reason=unstable_if action=reinterpret pc=0x000071473c5c0f18 method=sun.java2d.marlin.Helpers.cubicRootsInAB(DDDD[DIDD)I @ 127 c2
Event: 4055.929 Thread 0x0000000010358010 DEOPT PACKING pc=0x000071473c5c0f18 sp=0x00007147789edf60
Event: 4055.929 Thread 0x0000000010358010 DEOPT UNPACKING pc=0x000071473b2b5699 sp=0x00007147789ede58 mode 2
Event: 4055.929 Thread 0x0000000010358010 Uncommon trap: trap_request=0xffffff45 fr.pc=0x000071473c564afc relative=0x000000000000025c
Event: 4055.929 Thread 0x0000000010358010 Uncommon trap: reason=unstable_if action=reinterpret pc=0x000071473c564afc method=sun.java2d.marlin.Renderer.curveBreakIntoLinesAndAdd(DDLsun/java2d/marlin/Curve;DD)V @ 191 c2
Event: 4055.929 Thread 0x0000000010358010 DEOPT PACKING pc=0x000071473c564afc sp=0x00007147789ee090
Event: 4055.929 Thread 0x0000000010358010 DEOPT UNPACKING pc=0x000071473b2b5699 sp=0x00007147789edf70 mode 2

Classes unloaded (0 events):
No events

Classes redefined (0 events):
No events

Internal exceptions (20 events):
Event: 34.813 Thread 0x0000000010358010 Exception <a 'java/lang/NoSuchMethodError'{0x00000005e6a71038}: 'java.lang.Object java.lang.invoke.DirectMethodHandle$Holder.invokeVirtual(java.lang.Object, java.lang.Object, java.lang.Object)'> (0x00000005e6a71038) 
thrown [src/hotspot/share/interpreter/linkResolver.cpp, line 758]
Event: 34.821 Thread 0x0000000010358010 Exception <a 'java/lang/NoSuchMethodError'{0x00000005e6ab33e0}: 'void java.lang.invoke.DirectMethodHandle$Holder.invokeVirtual(java.lang.Object, java.lang.Object)'> (0x00000005e6ab33e0) 
thrown [src/hotspot/share/interpreter/linkResolver.cpp, line 758]
Event: 34.826 Thread 0x0000000010358010 Exception <a 'java/lang/NoSuchMethodError'{0x00000005e6ae4970}: 'long java.lang.invoke.DirectMethodHandle$Holder.invokeStatic(java.lang.Object, java.lang.Object)'> (0x00000005e6ae4970) 
thrown [src/hotspot/share/interpreter/linkResolver.cpp, line 758]
Event: 34.829 Thread 0x0000000010358010 Exception <a 'java/lang/NoSuchMethodError'{0x00000005e6b09328}: 'java.lang.Object java.lang.invoke.Invokers$Holder.invokeExact_MT(java.lang.Object, java.lang.Object, java.lang.Object, java.lang.Object, java.lang.Object, java.lang.Object)'> (0x00000005e6b09328) 
thrown [src/hotspot/share/interpreter/linkResolver.cpp, line 758]
Event: 34.840 Thread 0x0000000010358010 Exception <a 'java/lang/NoSuchMethodError'{0x00000005e6b3f098}: 'java.lang.Object java.lang.invoke.DirectMethodHandle$Holder.invokeSpecial(java.lang.Object, java.lang.Object, java.lang.Object, int, java.lang.Object)'> (0x00000005e6b3f098) 
thrown [src/hotspot/share/interpreter/linkResolver.cpp, line 758]
Event: 36.307 Thread 0x0000000010358010 Implicit null exception at 0x000071473bd0ff4c to 0x000071473bd1000c
Event: 73.733 Thread 0x0000000010358010 Implicit null exception at 0x000071473c1aa6cf to 0x000071473c1aad4c
Event: 73.766 Thread 0x0000000010358010 Exception <a 'java/lang/NoSuchMethodError'{0x00000005f3ae9578}: 'int java.lang.invoke.DirectMethodHandle$Holder.invokeStatic(java.lang.Object)'> (0x00000005f3ae9578) 
thrown [src/hotspot/share/interpreter/linkResolver.cpp, line 758]
Event: 75.262 Thread 0x0000000010358010 Exception <a 'java/lang/NoSuchMethodError'{0x00000005f5017678}: static [[Ljava/lang/String;.<clinit>()V> (0x00000005f5017678) 
thrown [src/hotspot/share/prims/jni.cpp, line 1107]
Event: 75.262 Thread 0x0000000010358010 Exception <a 'java/lang/NoSuchMethodError'{0x00000005f50184b0}: static [Ljava/lang/String;.<clinit>()V> (0x00000005f50184b0) 
thrown [src/hotspot/share/prims/jni.cpp, line 1107]
Event: 75.262 Thread 0x0000000010358010 Exception <a 'java/lang/NoSuchMethodError'{0x00000005f50255e0}: static [[D.<clinit>()V> (0x00000005f50255e0) 
thrown [src/hotspot/share/prims/jni.cpp, line 1107]
Event: 75.262 Thread 0x0000000010358010 Exception <a 'java/lang/NoSuchMethodError'{0x00000005f50262c0}: static [D.<clinit>()V> (0x00000005f50262c0) 
thrown [src/hotspot/share/prims/jni.cpp, line 1107]
Event: 75.263 Thread 0x0000000010358010 Exception <a 'java/lang/NoSuchMethodError'{0x00000005f5027020}: static [[I.<clinit>()V> (0x00000005f5027020) 
thrown [src/hotspot/share/prims/jni.cpp, line 1107]
Event: 75.263 Thread 0x0000000010358010 Exception <a 'java/lang/NoSuchMethodError'{0x00000005f5027d00}: static [I.<clinit>()V> (0x00000005f5027d00) 
thrown [src/hotspot/share/prims/jni.cpp, line 1107]
Event: 91.635 Thread 0x0000000010358010 Implicit null exception at 0x000071473ba38606 to 0x000071473ba3892c
Event: 647.571 Thread 0x0000000010358010 Implicit null exception at 0x000071473c2c0083 to 0x000071473c2c1740
Event: 647.588 Thread 0x0000000010358010 Implicit null exception at 0x000071473c141def to 0x000071473c1421c8
Event: 865.281 Thread 0x0000000010358010 Implicit null exception at 0x000071473c056628 to 0x000071473c05901c
Event: 2903.890 Thread 0x0000000010358010 Implicit null exception at 0x000071473c6a96c2 to 0x000071473c6aa8a8
Event: 2904.443 Thread 0x0000000010358010 Implicit null exception at 0x000071473c6a3f56 to 0x000071473c6a3fc0

VM Operations (20 events):
Event: 4219.258 Executing VM operation: Cleanup
Event: 4219.258 Executing VM operation: Cleanup done
Event: 4224.286 Executing VM operation: G1CollectForAllocation
Event: 4224.290 Executing VM operation: G1CollectForAllocation done
Event: 4225.277 Executing VM operation: G1CollectForAllocation
Event: 4225.279 Executing VM operation: G1CollectForAllocation done
Event: 4226.086 Executing VM operation: G1CollectForAllocation
Event: 4226.087 Executing VM operation: G1CollectForAllocation done
Event: 4226.953 Executing VM operation: G1CollectForAllocation
Event: 4226.956 Executing VM operation: G1CollectForAllocation done
Event: 4227.553 Executing VM operation: G1CollectForAllocation
Event: 4227.554 Executing VM operation: G1CollectForAllocation done
Event: 4230.282 Executing VM operation: G1CollectForAllocation
Event: 4230.284 Executing VM operation: G1CollectForAllocation done
Event: 4233.284 Executing VM operation: Cleanup
Event: 4233.285 Executing VM operation: Cleanup done
Event: 4240.286 Executing VM operation: Cleanup
Event: 4240.286 Executing VM operation: Cleanup done
Event: 4241.199 Executing VM operation: G1CollectForAllocation
Event: 4241.202 Executing VM operation: G1CollectForAllocation done

Events (20 events):
Event: 4089.721 Protecting memory [0x0000714774100000,0x0000714774104000] with protection modes 0
Event: 4089.721 Protecting memory [0x0000714773d00000,0x0000714773d04000] with protection modes 0
Event: 4090.413 Thread 0x00007146f09ab7f0 Thread exited: 0x00007146f09ab7f0
Event: 4095.196 Thread 0x00007146f09aad20 Thread exited: 0x00007146f09aad20
Event: 4102.365 Thread 0x00007146e409d6f0 Thread added: 0x00007146e409d6f0
Event: 4102.365 Protecting memory [0x0000714774100000,0x0000714774104000] with protection modes 0
Event: 4107.400 Thread 0x00007146e409d6f0 Thread exited: 0x00007146e409d6f0
Event: 4180.896 Thread 0x00007146e4096390 Thread added: 0x00007146e4096390
Event: 4180.896 Protecting memory [0x0000714774100000,0x0000714774104000] with protection modes 0
Event: 4180.896 Thread 0x00007146e4096ce0 Thread added: 0x00007146e4096ce0
Event: 4180.896 Protecting memory [0x0000714773d00000,0x0000714773d04000] with protection modes 0
Event: 4185.950 Thread 0x00007146e4096ce0 Thread exited: 0x00007146e4096ce0
Event: 4190.924 Thread 0x00007146e4096390 Thread exited: 0x00007146e4096390
Event: 4240.164 Thread 0x00007145d8004460 Thread exited: 0x00007145d8004460
Event: 4240.164 Protecting memory [0x00007145ef801000,0x00007145ef805000] with protection modes 0
Event: 4240.164 Thread 0x00007145d8004460 Thread added: 0x00007145d8004460
Event: 4240.336 Thread 0x00007145d8004460 Thread exited: 0x00007145d8004460
Event: 4240.336 Protecting memory [0x00007145ef801000,0x00007145ef805000] with protection modes 0
Event: 4240.336 Thread 0x00007145d8004460 Thread added: 0x00007145d8004460
Event: 4241.113 Thread 0x00007145d8004460 Thread exited: 0x00007145d8004460


Dynamic libraries:
003ff000-00401000 rw-p 00000000 103:07 57949524                          /home/bgodfrey/CASPER/Scilab/scilab-2024.1.0/bin/scilab-bin
00401000-00404000 r-xp 00002000 103:07 57949524                          /home/bgodfrey/CASPER/Scilab/scilab-2024.1.0/bin/scilab-bin
00603000-00604000 r--p 00004000 103:07 57949524                          /home/bgodfrey/CASPER/Scilab/scilab-2024.1.0/bin/scilab-bin
00604000-00605000 rw-p 00005000 103:07 57949524                          /home/bgodfrey/CASPER/Scilab/scilab-2024.1.0/bin/scilab-bin
0fd2d000-11769000 rw-p 00000000 00:00 0                                  [heap]
5d6800000-5e2400000 rw-p 00000000 00:00 0 
5e2400000-5e6800000 ---p 00000000 00:00 0 
5e6800000-5e7000000 rw-p 00000000 00:00 0 
5e7000000-5f5000000 ---p 00000000 00:00 0 
5f5000000-5f5400000 rw-p 00000000 00:00 0 
5f5400000-7c0000000 ---p 00000000 00:00 0 
7c0000000-7c0020000 rw-p 00000000 00:00 0 
7c0020000-7c0040000 rw-p 00000000 00:00 0 
7c0040000-7c00c0000 rw-p 00000000 00:00 0 
7c00c0000-7c00e0000 rw-p 00000000 00:00 0 
7c00e0000-7c0140000 rw-p 00000000 00:00 0 
7c0140000-7c01c0000 rw-p 00000000 00:00 0 
7c01c0000-7c0220000 rw-p 00000000 00:00 0 
7c0220000-7c0240000 rw-p 00000000 00:00 0 
7c0240000-7c02c0000 rw-p 00000000 00:00 0 
7c02c0000-7c0340000 rw-p 00000000 00:00 0 
7c0340000-7c0380000 rw-p 00000000 00:00 0 
7c0380000-7c03c0000 rw-p 00000000 00:00 0 
7c03c0000-7c0400000 rw-p 00000000 00:00 0 
7c0400000-7c0440000 rw-p 00000000 00:00 0 
7c0440000-7c0480000 rw-p 00000000 00:00 0 
7c0480000-7c04c0000 rw-p 00000000 00:00 0 
7c04c0000-7c0520000 rw-p 00000000 00:00 0 
7c0520000-7c0540000 rw-p 00000000 00:00 0 
7c0540000-7c05c0000 rw-p 00000000 00:00 0 
7c05c0000-7c0600000 rw-p 00000000 00:00 0 
7c0600000-7c06c0000 rw-p 00000000 00:00 0 
7c06c0000-7c06f0000 rw-p 00000000 00:00 0 
7c06f0000-800000000 ---p 00000000 00:00 0 
7145d8000000-7145d8021000 rw-p 00000000 00:00 0 
7145d8021000-7145dc000000 ---p 00000000 00:00 0 
7145dc000000-7145e0000000 rw-s 00000000 00:01 39354399                   /SYSV00000000 (deleted)
7145e0000000-7145e0a97000 rw-p 00000000 00:00 0 
7145e0a97000-7145e4000000 ---p 00000000 00:00 0 
7145e7000000-7145e7082000 r-xp 00000000 103:07 57949408                  /home/bgodfrey/CASPER/Scilab/scilab-2024.1.0/lib/thirdparty/libssl.so.1.1
7145e7082000-7145e7281000 ---p 00082000 103:07 57949408                  /home/bgodfrey/CASPER/Scilab/scilab-2024.1.0/lib/thirdparty/libssl.so.1.1
7145e7281000-7145e7289000 r--p 00081000 103:07 57949408                  /home/bgodfrey/CASPER/Scilab/scilab-2024.1.0/lib/thirdparty/libssl.so.1.1
7145e7289000-7145e728e000 rw-p 00089000 103:07 57949408                  /home/bgodfrey/CASPER/Scilab/scilab-2024.1.0/lib/thirdparty/libssl.so.1.1
7145e7400000-7145e7475000 r-xp 00000000 103:07 57949362                  /home/bgodfrey/CASPER/Scilab/scilab-2024.1.0/lib/thirdparty/libcurl.so.4.5.0
7145e7475000-7145e7674000 ---p 00075000 103:07 57949362                  /home/bgodfrey/CASPER/Scilab/scilab-2024.1.0/lib/thirdparty/libcurl.so.4.5.0
7145e7674000-7145e7676000 r--p 00074000 103:07 57949362                  /home/bgodfrey/CASPER/Scilab/scilab-2024.1.0/lib/thirdparty/libcurl.so.4.5.0
7145e7676000-7145e7677000 rw-p 00076000 103:07 57949362                  /home/bgodfrey/CASPER/Scilab/scilab-2024.1.0/lib/thirdparty/libcurl.so.4.5.0
7145e77fe000-7145e77ff000 ---p 00000000 00:00 0 
7145e77ff000-7145ef7ff000 rw-p 00000000 00:00 0 
7145ef7ff000-7145ef800000 ---p 00000000 00:00 0 
7145ef800000-7145ef801000 rw-p 00000000 00:00 0 
7145ef801000-7145ef805000 ---p 00000000 00:00 0 
7145ef805000-7145f7800000 rw-p 00000000 00:00 0 
7145f7800000-7145f78b7000 r--p 00000000 103:07 39977365                  /usr/lib/x86_64-linux-gnu/librsvg-2.so.2.50.0
7145f78b7000-7145f7c4e000 r-xp 000b7000 103:07 39977365                  /usr/lib/x86_64-linux-gnu/librsvg-2.so.2.50.0
7145f7c4e000-7145f7de0000 r--p 0044e000 103:07 39977365                  /usr/lib/x86_64-linux-gnu/librsvg-2.so.2.50.0
7145f7de0000-7145f7e77000 r--p 005e0000 103:07 39977365                  /usr/lib/x86_64-linux-gnu/librsvg-2.so.2.50.0
7145f7e77000-7145f7e78000 rw-p 00677000 103:07 39977365                  /usr/lib/x86_64-linux-gnu/librsvg-2.so.2.50.0
7145f8000000-7145f83e3000 rw-p 00000000 00:00 0 
7145f83e3000-7145fc000000 ---p 00000000 00:00 0 
7145fc000000-7145fc72c000 rw-p 00000000 00:00 0 
7145fc72c000-714600000000 ---p 00000000 00:00 0 
714601800000-714603800000 rw-s 00000000 00:01 39190543                   /SYSV00000000 (deleted)
714603800000-714604000000 rw-s 00000000 00:01 39092237                   /SYSV00000000 (deleted)
714604000000-714604021000 rw-p 00000000 00:00 0 
714604021000-714608000000 ---p 00000000 00:00 0 
714608000000-714608ffc000 rw-p 00000000 00:00 0 
714608ffc000-71460c000000 ---p 00000000 00:00 0 
71460c000000-71460ceb0000 rw-p 00000000 00:00 0 
71460ceb0000-714610000000 ---p 00000000 00:00 0 
714610000000-714610021000 rw-p 00000000 00:00 0 
714610021000-714614000000 ---p 00000000 00:00 0 
714614000000-714614037000 rw-p 00000000 00:00 0 
714614037000-714618000000 ---p 00000000 00:00 0 
714618000000-714618827000 rw-p 00000000 00:00 0 
714618827000-71461c000000 ---p 00000000 00:00 0 
71461c000000-71461c0a0000 rw-p 00000000 00:00 0 
71461c0a0000-714620000000 ---p 00000000 00:00 0 
714620000000-714620601000 rw-p 00000000 00:00 0 
714620601000-714624000000 ---p 00000000 00:00 0 
714624200000-71462424d000 r-xp 00000000 103:07 57949298                  /home/bgodfrey/CASPER/Scilab/scilab-2024.1.0/lib/scilab/libsciwebtools.so.2024.1.0
71462424d000-71462444c000 ---p 0004d000 103:07 57949298                  /home/bgodfrey/CASPER/Scilab/scilab-2024.1.0/lib/scilab/libsciwebtools.so.2024.1.0
71462444c000-71462444d000 r--p 0004c000 103:07 57949298                  /home/bgodfrey/CASPER/Scilab/scilab-2024.1.0/lib/scilab/libsciwebtools.so.2024.1.0
71462444d000-71462444f000 rw-p 0004d000 103:07 57949298                  /home/bgodfrey/CASPER/Scilab/scilab-2024.1.0/lib/scilab/libsciwebtools.so.2024.1.0
71462444f000-71462445d000 rw-p 001a5000 103:07 57949298                  /home/bgodfrey/CASPER/Scilab/scilab-2024.1.0/lib/scilab/libsciwebtools.so.2024.1.0
714624c00000-714624ca1000 r-xp 00000000 103:07 57949338                  /home/bgodfrey/CASPER/Scilab/scilab-2024.1.0/lib/scilab/libjavasci2.so.2024.1.0
714624ca1000-714624ea1000 ---p 000a1000 103:07 57949338                  /home/bgodfrey/CASPER/Scilab/scilab-2024.1.0/lib/scilab/libjavasci2.so.2024.1.0
714624ea1000-714624ea4000 r--p 000a1000 103:07 57949338                  /home/bgodfrey/CASPER/Scilab/scilab-2024.1.0/lib/scilab/libjavasci2.so.2024.1.0
714624ea4000-714624ea5000 rw-p 000a4000 103:07 57949338                  /home/bgodfrey/CASPER/Scilab/scilab-2024.1.0/lib/scilab/libjavasci2.so.2024.1.0
714624ea5000-714624eb8000 rw-p 002a0000 103:07 57949338                  /home/bgodfrey/CASPER/Scilab/scilab-2024.1.0/lib/scilab/libjavasci2.so.2024.1.0
714624ef0000-714625200000 rw-s 00000000 00:01 39452732                   /SYSV00000000 (deleted)
714625200000-714625400000 rw-s 00000000 00:01 39059519                   /SYSV00000000 (deleted)
714625400000-714625453000 r-xp 00000000 103:07 57949310                  /home/bgodfrey/CASPER/Scilab/scilab-2024.1.0/lib/scilab/libsciscicos_blocks.so.2024.1.0
714625453000-714625652000 ---p 00053000 103:07 57949310                  /home/bgodfrey/CASPER/Scilab/scilab-2024.1.0/lib/scilab/libsciscicos_blocks.so.2024.1.0
714625652000-714625653000 r--p 00052000 103:07 57949310                  /home/bgodfrey/CASPER/Scilab/scilab-2024.1.0/lib/scilab/libsciscicos_blocks.so.2024.1.0
714625653000-714625654000 rw-p 00053000 103:07 57949310                  /home/bgodfrey/CASPER/Scilab/scilab-2024.1.0/lib/scilab/libsciscicos_blocks.so.2024.1.0
714625654000-714625656000 rw-p 00000000 00:00 0 
714625656000-71462565a000 rw-p 001c5000 103:07 57949310                  /home/bgodfrey/CASPER/Scilab/scilab-2024.1.0/lib/scilab/libsciscicos_blocks.so.2024.1.0
714625800000-714625940000 r-xp 00000000 103:07 57949318                  /home/bgodfrey/CASPER/Scilab/scilab-2024.1.0/lib/scilab/libsciscicos.so.2024.1.0
714625940000-714625b40000 ---p 00140000 103:07 57949318                  /home/bgodfrey/CASPER/Scilab/scilab-2024.1.0/lib/scilab/libsciscicos.so.2024.1.0
714625b40000-714625b47000 r--p 00140000 103:07 57949318                  /home/bgodfrey/CASPER/Scilab/scilab-2024.1.0/lib/scilab/libsciscicos.so.2024.1.0
714625b47000-714625b4b000 rw-p 00147000 103:07 57949318                  /home/bgodfrey/CASPER/Scilab/scilab-2024.1.0/lib/scilab/libsciscicos.so.2024.1.0
714625b4b000-714625b4d000 rw-p 00000000 00:00 0 
714625b4d000-714625b73000 rw-p 00621000 103:07 57949318                  /home/bgodfrey/CASPER/Scilab/scilab-2024.1.0/lib/scilab/libsciscicos.so.2024.1.0
714625c00000-714625c25000 r-xp 00000000 103:07 57949326                  /home/bgodfrey/CASPER/Scilab/scilab-2024.1.0/lib/scilab/libscixcos.so.2024.1.0
714625c25000-714625e25000 ---p 00025000 103:07 57949326                  /home/bgodfrey/CASPER/Scilab/scilab-2024.1.0/lib/scilab/libscixcos.so.2024.1.0
714625e25000-714625e26000 r--p 00025000 103:07 57949326                  /home/bgodfrey/CASPER/Scilab/scilab-2024.1.0/lib/scilab/libscixcos.so.2024.1.0
714625e26000-714625e27000 rw-p 00026000 103:07 57949326                  /home/bgodfrey/CASPER/Scilab/scilab-2024.1.0/lib/scilab/libscixcos.so.2024.1.0
714625e27000-714625e2e000 rw-p 0008c000 103:07 57949326                  /home/bgodfrey/CASPER/Scilab/scilab-2024.1.0/lib/scilab/libscixcos.so.2024.1.0
7146277ff000-714627800000 ---p 00000000 00:00 0 
714627800000-714628000000 rw-p 00000000 00:00 0 
714628000000-7146293bf000 rw-p 00000000 00:00 0 
7146293bf000-71462c000000 ---p 00000000 00:00 0 
71462c000000-71462c5fa000 rw-p 00000000 00:00 0 
71462c5fa000-714630000000 ---p 00000000 00:00 0 
714630000000-714630021000 rw-p 00000000 00:00 0 
714630021000-714634000000 ---p 00000000 00:00 0 
714634000000-7146354f6000 rw-p 00000000 00:00 0 
7146354f6000-714638000000 ---p 00000000 00:00 0 
714638000000-714638021000 rw-p 00000000 00:00 0 
714638021000-71463c000000 ---p 00000000 00:00 0 
71463c000000-71463c021000 rw-p 00000000 00:00 0 
71463c021000-714640000000 ---p 00000000 00:00 0 
714640000000-714640021000 rw-p 00000000 00:00 0 
714640021000-714644000000 ---p 00000000 00:00 0 
714644000000-714644021000 rw-p 00000000 00:00 0 
714644021000-714648000000 ---p 00000000 00:00 0 
714648000000-714648021000 rw-p 00000000 00:00 0 
714648021000-71464c000000 ---p 00000000 00:00 0 
71464c000000-71464c021000 rw-p 00000000 00:00 0 
71464c021000-714650000000 ---p 00000000 00:00 0 
714650000000-714650021000 rw-p 00000000 00:00 0 
714650021000-714654000000 ---p 00000000 00:00 0 
714654000000-714654021000 rw-p 00000000 00:00 0 
714654021000-714658000000 ---p 00000000 00:00 0 
714658000000-714658021000 rw-p 00000000 00:00 0 
714658021000-71465c000000 ---p 00000000 00:00 0 
71465c000000-71465c021000 rw-p 00000000 00:00 0 
71465c021000-714660000000 ---p 00000000 00:00 0 
714660000000-714660021000 rw-p 00000000 00:00 0 
714660021000-714664000000 ---p 00000000 00:00 0 
714664000000-714664021000 rw-p 00000000 00:00 0 
714664021000-714668000000 ---p 00000000 00:00 0 
714668000000-714668021000 rw-p 00000000 00:00 0 
714668021000-71466c000000 ---p 00000000 00:00 0 
71466c000000-71466d7a3000 rw-p 00000000 00:00 0 
71466d7a3000-714670000000 ---p 00000000 00:00 0 
714670000000-714670021000 rw-p 00000000 00:00 0 
714670021000-714674000000 ---p 00000000 00:00 0 
714674000000-714674021000 rw-p 00000000 00:00 0 
714674021000-714678000000 ---p 00000000 00:00 0 
714678000000-714679520000 rw-p 00000000 00:00 0 
714679520000-71467c000000 ---p 00000000 00:00 0 
71467c000000-71467c021000 rw-p 00000000 00:00 0 
71467c021000-714680000000 ---p 00000000 00:00 0 
714680000000-714680021000 rw-p 00000000 00:00 0 
714680021000-714684000000 ---p 00000000 00:00 0 
714684000000-714684021000 rw-p 00000000 00:00 0 
714684021000-714688000000 ---p 00000000 00:00 0 
714688000000-714688021000 rw-p 00000000 00:00 0 
714688021000-71468c000000 ---p 00000000 00:00 0 
71468c000000-71468c021000 rw-p 00000000 00:00 0 
71468c021000-714690000000 ---p 00000000 00:00 0 
714690000000-714691955000 rw-p 00000000 00:00 0 
714691955000-714694000000 ---p 00000000 00:00 0 
714694100000-714694200000 rw-s 00000000 00:01 39059498                   /SYSV00000000 (deleted)
714694200000-714694204000 ---p 00000000 00:00 0 
714694204000-714694300000 rw-p 00000000 00:00 0 
714694400000-71469474a000 r--s 00000000 103:07 32789928                  /var/cache/fontconfig/0bd3dc0958fa2205aaaa8ebb13e2872b-le64.cache-9
7146947ff000-714694800000 ---p 00000000 00:00 0 
714694800000-714695000000 rw-p 00000000 00:00 0 
714695000000-714695083000 r--p 00000000 103:07 39978987                  /usr/lib/x86_64-linux-gnu/libgtk-3.so.0.2409.32
714695083000-714695431000 r-xp 00083000 103:07 39978987                  /usr/lib/x86_64-linux-gnu/libgtk-3.so.0.2409.32
714695431000-7146957b6000 r--p 00431000 103:07 39978987                  /usr/lib/x86_64-linux-gnu/libgtk-3.so.0.2409.32
7146957b6000-7146957c6000 r--p 007b5000 103:07 39978987                  /usr/lib/x86_64-linux-gnu/libgtk-3.so.0.2409.32
7146957c6000-7146957c8000 rw-p 007c5000 103:07 39978987                  /usr/lib/x86_64-linux-gnu/libgtk-3.so.0.2409.32
7146957c8000-7146957cd000 rw-p 00000000 00:00 0 
7146967fd000-7146967fe000 ---p 00000000 00:00 0 
7146967fe000-714696ffe000 rw-p 00000000 00:00 0 
714696ffe000-714696fff000 ---p 00000000 00:00 0 
714696fff000-7146977ff000 rw-p 00000000 00:00 0 
7146977ff000-714697800000 ---p 00000000 00:00 0 
714697800000-714698000000 rw-p 00000000 00:00 0 
714698000000-714698021000 rw-p 00000000 00:00 0 
714698021000-71469c000000 ---p 00000000 00:00 0 
71469c000000-71469c021000 rw-p 00000000 00:00 0 
71469c021000-7146a0000000 ---p 00000000 00:00 0 
7146a0000000-7146a04fa000 rw-p 00000000 00:00 0 
7146a04fa000-7146a4000000 ---p 00000000 00:00 0 
7146a40f4000-7146a40f5000 ---p 00000000 00:00 0 
7146a40f5000-7146a41f6000 rw-p 00000000 00:00 0 
7146a41f6000-7146a41f7000 ---p 00000000 00:00 0 
7146a41f7000-7146a42f8000 rw-p 00000000 00:00 0 
7146a42f8000-7146a4400000 r--p 00000000 103:07 41550062                  /usr/share/fonts/truetype/ubuntu/UbuntuSans[wdth,wght].ttf
7146a4400000-7146ac608000 r-xp 00000000 103:07 39979730                  /usr/lib/x86_64-linux-gnu/libLLVM.so.20.1
7146ac608000-7146ac609000 ---p 08208000 103:07 39979730                  /usr/lib/x86_64-linux-gnu/libLLVM.so.20.1
7146ac609000-7146acc9e000 r--p 08208000 103:07 39979730                  /usr/lib/x86_64-linux-gnu/libLLVM.so.20.1
7146acc9e000-7146acce6000 rw-p 0889d000 103:07 39979730                  /usr/lib/x86_64-linux-gnu/libLLVM.so.20.1
7146acce6000-7146acd8e000 rw-p 00000000 00:00 0 
7146ace00000-7146acecf000 r--p 00000000 103:07 39980151                  /usr/lib/x86_64-linux-gnu/libgallium-25.2.8-0ubuntu0.24.04.1.so
7146acecf000-7146ae6e2000 r-xp 000cf000 103:07 39980151                  /usr/lib/x86_64-linux-gnu/libgallium-25.2.8-0ubuntu0.24.04.1.so
7146ae6e2000-7146af621000 r--p 018e2000 103:07 39980151                  /usr/lib/x86_64-linux-gnu/libgallium-25.2.8-0ubuntu0.24.04.1.so
7146af621000-7146af747000 r--p 02821000 103:07 39980151                  /usr/lib/x86_64-linux-gnu/libgallium-25.2.8-0ubuntu0.24.04.1.so
7146af747000-7146af769000 rw-p 02947000 103:07 39980151                  /usr/lib/x86_64-linux-gnu/libgallium-25.2.8-0ubuntu0.24.04.1.so
7146af769000-7146af933000 rw-p 00000000 00:00 0 
7146afa00000-7146afcab000 r--p 00000000 103:07 39985332                  /usr/lib/x86_64-linux-gnu/libnvidia-gpucomp.so.580.126.09
7146afcab000-7146b2d98000 r-xp 002ab000 103:07 39985332                  /usr/lib/x86_64-linux-gnu/libnvidia-gpucomp.so.580.126.09
7146b2d98000-7146b3c08000 r--p 03398000 103:07 39985332                  /usr/lib/x86_64-linux-gnu/libnvidia-gpucomp.so.580.126.09
7146b3c08000-7146b3c09000 ---p 04208000 103:07 39985332                  /usr/lib/x86_64-linux-gnu/libnvidia-gpucomp.so.580.126.09
7146b3c09000-7146b3de0000 r--p 04208000 103:07 39985332                  /usr/lib/x86_64-linux-gnu/libnvidia-gpucomp.so.580.126.09
7146b3de0000-7146b3eeb000 rw-p 043df000 103:07 39985332                  /usr/lib/x86_64-linux-gnu/libnvidia-gpucomp.so.580.126.09
7146b3eeb000-7146b3f8b000 rw-p 00000000 00:00 0 
7146b4000000-7146b44f3000 rw-p 00000000 00:00 0 
7146b44f3000-7146b8000000 ---p 00000000 00:00 0 
7146b80ad000-7146b81b5000 r--p 00000000 103:07 41550062                  /usr/share/fonts/truetype/ubuntu/UbuntuSans[wdth,wght].ttf
7146b81b5000-7146b81b9000 ---p 00000000 00:00 0 
7146b81b9000-7146b82b5000 rw-p 00000000 00:00 0 
7146b82b5000-7146b82b9000 ---p 00000000 00:00 0 
7146b82b9000-7146b83b5000 rw-p 00000000 00:00 0 
7146b84b5000-7146b84c4000 r--p 00000000 103:07 39977847                  /usr/lib/x86_64-linux-gnu/libgcrypt.so.20.4.3
7146b84c4000-7146b85b8000 r-xp 0000f000 103:07 39977847                  /usr/lib/x86_64-linux-gnu/libgcrypt.so.20.4.3
7146b85b8000-7146b85f3000 r--p 00103000 103:07 39977847                  /usr/lib/x86_64-linux-gnu/libgcrypt.so.20.4.3
7146b85f3000-7146b85f8000 r--p 0013e000 103:07 39977847                  /usr/lib/x86_64-linux-gnu/libgcrypt.so.20.4.3
7146b85f8000-7146b85fc000 rw-p 00143000 103:07 39977847                  /usr/lib/x86_64-linux-gnu/libgcrypt.so.20.4.3
7146b85fc000-7146b85fd000 rw-p 00000000 00:00 0 
7146b85fd000-7146b85fe000 ---p 00000000 00:00 0 
7146b85fe000-7146b8dfe000 rw-p 00000000 00:00 0 
7146b8dfe000-7146b8dff000 ---p 00000000 00:00 0 
7146b8dff000-7146b95ff000 rw-p 00000000 00:00 0 
7146b95ff000-7146b9600000 ---p 00000000 00:00 0 
7146b9600000-7146b9e00000 rw-p 00000000 00:00 0 
7146b9e00000-7146ba042000 r--p 00000000 103:07 39985135                  /usr/lib/x86_64-linux-gnu/libnvidia-eglcore.so.580.126.09
7146ba042000-7146bad06000 r-xp 00242000 103:07 39985135                  /usr/lib/x86_64-linux-gnu/libnvidia-eglcore.so.580.126.09
7146bad06000-7146bbda8000 r--p 00f06000 103:07 39985135                  /usr/lib/x86_64-linux-gnu/libnvidia-eglcore.so.580.126.09
7146bbda8000-7146bbf20000 r--p 01fa7000 103:07 39985135                  /usr/lib/x86_64-linux-gnu/libnvidia-eglcore.so.580.126.09
7146bbf20000-7146bbf74000 rw-p 0211f000 103:07 39985135                  /usr/lib/x86_64-linux-gnu/libnvidia-eglcore.so.580.126.09
7146bbf74000-7146bbf8a000 rw-p 00000000 00:00 0 
7146bc000000-7146bc021000 rw-p 00000000 00:00 0 
7146bc021000-7146c0000000 ---p 00000000 00:00 0 
7146c0000000-7146c1079000 rw-p 00000000 00:00 0 
7146c1079000-7146c4000000 ---p 00000000 00:00 0 
7146c4000000-7146c4021000 rw-p 00000000 00:00 0 
7146c4021000-7146c8000000 ---p 00000000 00:00 0 
7146c8000000-7146c8024000 rw-p 00000000 00:00 0 
7146c8024000-7146cc000000 ---p 00000000 00:00 0 
7146cc000000-7146cc35e000 rw-p 00000000 00:00 0 
7146cc35e000-7146d0000000 ---p 00000000 00:00 0 
7146d0000000-7146d1265000 rw-p 00000000 00:00 0 
7146d1265000-7146d4000000 ---p 00000000 00:00 0 
7146d4000000-7146d4021000 rw-p 00000000 00:00 0 
7146d4021000-7146d8000000 ---p 00000000 00:00 0 
7146d8000000-7146d9121000 rw-p 00000000 00:00 0 
7146d9121000-7146dc000000 ---p 00000000 00:00 0 
7146dc000000-7146dc021000 rw-p 00000000 00:00 0 
7146dc021000-7146e0000000 ---p 00000000 00:00 0 
7146e0000000-7146e0021000 rw-p 00000000 00:00 0 
7146e0021000-7146e4000000 ---p 00000000 00:00 0 
7146e4000000-7146e4549000 rw-p 00000000 00:00 0 
7146e4549000-7146e8000000 ---p 00000000 00:00 0 
7146e8000000-7146e80c9000 rw-p 00000000 00:00 0 
7146e80c9000-7146ec000000 ---p 00000000 00:00 0 
7146ec000000-7146ec021000 rw-p 00000000 00:00 0 
7146ec021000-7146f0000000 ---p 00000000 00:00 0 
7146f0000000-7146f3192000 rw-p 00000000 00:00 0 
7146f3192000-7146f4000000 ---p 00000000 00:00 0 
7146f4000000-7146f4021000 rw-p 00000000 00:00 0 
7146f4021000-7146f8000000 ---p 00000000 00:00 0 
7146f8000000-7146f8021000 rw-p 00000000 00:00 0 
7146f8021000-7146fc000000 ---p 00000000 00:00 0 
7146fc000000-7146fc021000 rw-p 00000000 00:00 0 
7146fc021000-714700000000 ---p 00000000 00:00 0 
714700000000-714700021000 rw-p 00000000 00:00 0 
714700021000-714704000000 ---p 00000000 00:00 0 
714704000000-714704400000 rw-p 00000000 00:00 0 
714704400000-714704440000 rw-p 00000000 00:00 0 
714704440000-714704480000 rw-p 00000000 00:00 0 
714704480000-714704500000 rw-p 00000000 00:00 0 
714704500000-714704700000 rw-p 00000000 00:00 0 
714704700000-714704780000 rw-p 00000000 00:00 0 
714704780000-714704940000 rw-p 00000000 00:00 0 
714704940000-714704980000 rw-p 00000000 00:00 0 
714704980000-714704b00000 rw-p 00000000 00:00 0 
714704b00000-714704c40000 rw-p 00000000 00:00 0 
714704c40000-714704e00000 rw-p 00000000 00:00 0 
714704e00000-714704f80000 rw-p 00000000 00:00 0 
714704f80000-714705000000 rw-p 00000000 00:00 0 
714705000000-714705080000 rw-p 00000000 00:00 0 
714705080000-714705100000 rw-p 00000000 00:00 0 
714705100000-714705260000 rw-p 00000000 00:00 0 
714705260000-714705280000 rw-p 00000000 00:00 0 
714705280000-714705300000 rw-p 00000000 00:00 0 
714705300000-714705500000 rw-p 00000000 00:00 0 
714705500000-714705680000 rw-p 00000000 00:00 0 
714705680000-714705700000 rw-p 00000000 00:00 0 
714705700000-714705900000 rw-p 00000000 00:00 0 
714705900000-714705980000 rw-p 00000000 00:00 0 
714705980000-714705a00000 rw-p 00000000 00:00 0 
714705a00000-714705b40000 rw-p 00000000 00:00 0 
714705b40000-714705b80000 rw-p 00000000 00:00 0 
714705b80000-714705d00000 rw-p 00000000 00:00 0 
714705d00000-714705f00000 rw-p 00000000 00:00 0 
714705f00000-714706100000 rw-p 00000000 00:00 0 
714706100000-714706200000 rw-p 00000000 00:00 0 
714706200000-714706240000 rw-p 00000000 00:00 0 
714706240000-714706280000 rw-p 00000000 00:00 0 
714706280000-714706300000 rw-p 00000000 00:00 0 
714706300000-714706500000 rw-p 00000000 00:00 0 
714706500000-714706540000 rw-p 00000000 00:00 0 
714706540000-714706580000 rw-p 00000000 00:00 0 
714706580000-714706700000 rw-p 00000000 00:00 0 
714706700000-714706740000 rw-p 00000000 00:00 0 
714706740000-714706780000 rw-p 00000000 00:00 0 
714706780000-714706900000 rw-p 00000000 00:00 0 
714706900000-714706980000 rw-p 00000000 00:00 0 
714706980000-714706a80000 rw-p 00000000 00:00 0 
714706a80000-714706b00000 rw-p 00000000 00:00 0 
714706b00000-714706d00000 rw-p 00000000 00:00 0 
714706d00000-714706e00000 rw-p 00000000 00:00 0 
714706e00000-714706f00000 rw-p 00000000 00:00 0 
714706f00000-714707000000 rw-p 00000000 00:00 0 
714707000000-714707380000 rw-p 00000000 00:00 0 
714707380000-714707500000 rw-p 00000000 00:00 0 
714707500000-714707580000 rw-p 00000000 00:00 0 
714707580000-7147076b0000 rw-p 00000000 00:00 0 
7147076b0000-714707700000 ---p 00000000 00:00 0 
714707700000-714707730000 rw-p 00000000 00:00 0 
714707730000-714708000000 ---p 00000000 00:00 0 
714708000000-714708021000 rw-p 00000000 00:00 0 
714708021000-71470c000000 ---p 00000000 00:00 0 
71470c000000-71470c021000 rw-p 00000000 00:00 0 
71470c021000-714710000000 ---p 00000000 00:00 0 
714710000000-714710021000 rw-p 00000000 00:00 0 
714710021000-714714000000 ---p 00000000 00:00 0 
7147140dd000-71471413d000 r--p 00000000 103:07 39987543                  /usr/lib/x86_64-linux-gnu/libepoxy.so.0.0.0
71471413d000-7147141a3000 r-xp 00060000 103:07 39987543                  /usr/lib/x86_64-linux-gnu/libepoxy.so.0.0.0
7147141a3000-7147141f1000 r--p 000c6000 103:07 39987543                  /usr/lib/x86_64-linux-gnu/libepoxy.so.0.0.0
7147141f1000-7147141f9000 r--p 00113000 103:07 39987543                  /usr/lib/x86_64-linux-gnu/libepoxy.so.0.0.0
7147141f9000-714714200000 rw-p 0011b000 103:07 39987543                  /usr/lib/x86_64-linux-gnu/libepoxy.so.0.0.0
714714200000-714714201000 r--p 00000000 103:07 39983416                  /usr/lib/x86_64-linux-gnu/libicudata.so.74.2
714714201000-714714202000 r-xp 00001000 103:07 39983416                  /usr/lib/x86_64-linux-gnu/libicudata.so.74.2
714714202000-714715f5e000 r--p 00002000 103:07 39983416                  /usr/lib/x86_64-linux-gnu/libicudata.so.74.2
714715f5e000-714715f5f000 r--p 01d5d000 103:07 39983416                  /usr/lib/x86_64-linux-gnu/libicudata.so.74.2
714715f5f000-714715f60000 rw-p 01d5e000 103:07 39983416                  /usr/lib/x86_64-linux-gnu/libicudata.so.74.2
714716000000-714718021000 rw-p 00000000 00:00 0 
714718021000-71471c000000 ---p 00000000 00:00 0 
71471c000000-71471c021000 rw-p 00000000 00:00 0 
71471c021000-714720000000 ---p 00000000 00:00 0 
714720000000-714720030000 rw-p 00000000 00:00 0 
714720030000-714724000000 ---p 00000000 00:00 0 
714724096000-7147240aa000 r--p 00000000 103:07 39980688                  /usr/lib/x86_64-linux-gnu/libcairo.so.2.11800.0
7147240aa000-71472419b000 r-xp 00014000 103:07 39980688                  /usr/lib/x86_64-linux-gnu/libcairo.so.2.11800.0
71472419b000-7147241d3000 r--p 00105000 103:07 39980688                  /usr/lib/x86_64-linux-gnu/libcairo.so.2.11800.0
7147241d3000-7147241d7000 r--p 0013d000 103:07 39980688                  /usr/lib/x86_64-linux-gnu/libcairo.so.2.11800.0
7147241d7000-7147241d9000 rw-p 00141000 103:07 39980688                  /usr/lib/x86_64-linux-gnu/libcairo.so.2.11800.0
7147241d9000-7147241da000 rw-p 00000000 00:00 0 
7147241da000-7147241e5000 r--p 00000000 103:07 39980769                  /usr/lib/x86_64-linux-gnu/libharfbuzz.so.0.60830.0
7147241e5000-7147242b3000 r-xp 0000b000 103:07 39980769                  /usr/lib/x86_64-linux-gnu/libharfbuzz.so.0.60830.0
7147242b3000-7147242e5000 r--p 000d9000 103:07 39980769                  /usr/lib/x86_64-linux-gnu/libharfbuzz.so.0.60830.0
7147242e5000-7147242e6000 r--p 0010b000 103:07 39980769                  /usr/lib/x86_64-linux-gnu/libharfbuzz.so.0.60830.0
7147242e6000-7147242e7000 rw-p 0010c000 103:07 39980769                  /usr/lib/x86_64-linux-gnu/libharfbuzz.so.0.60830.0
7147242e7000-714724320000 r--p 00000000 103:07 39979346                  /usr/lib/x86_64-linux-gnu/libgio-2.0.so.0.8000.0
714724320000-714724437000 r-xp 00039000 103:07 39979346                  /usr/lib/x86_64-linux-gnu/libgio-2.0.so.0.8000.0
714724437000-7147244ac000 r--p 00150000 103:07 39979346                  /usr/lib/x86_64-linux-gnu/libgio-2.0.so.0.8000.0
7147244ac000-7147244b4000 r--p 001c4000 103:07 39979346                  /usr/lib/x86_64-linux-gnu/libgio-2.0.so.0.8000.0
7147244b4000-7147244b5000 rw-p 001cc000 103:07 39979346                  /usr/lib/x86_64-linux-gnu/libgio-2.0.so.0.8000.0
7147244b5000-7147244b7000 rw-p 00000000 00:00 0 
7147244b7000-7147244d5000 r--p 00000000 103:07 39979373                  /usr/lib/x86_64-linux-gnu/libglib-2.0.so.0.8000.0
7147244d5000-714724575000 r-xp 0001e000 103:07 39979373                  /usr/lib/x86_64-linux-gnu/libglib-2.0.so.0.8000.0
714724575000-7147245fd000 r--p 000be000 103:07 39979373                  /usr/lib/x86_64-linux-gnu/libglib-2.0.so.0.8000.0
7147245fd000-7147245fe000 r--p 00146000 103:07 39979373                  /usr/lib/x86_64-linux-gnu/libglib-2.0.so.0.8000.0
7147245fe000-7147245ff000 rw-p 00147000 103:07 39979373                  /usr/lib/x86_64-linux-gnu/libglib-2.0.so.0.8000.0
7147245ff000-714724600000 rw-p 00000000 00:00 0 
714724600000-714724668000 r--p 00000000 103:07 39987772                  /usr/lib/x86_64-linux-gnu/libicuuc.so.74.2
714724668000-71472476d000 r-xp 00068000 103:07 39987772                  /usr/lib/x86_64-linux-gnu/libicuuc.so.74.2
71472476d000-7147247f7000 r--p 0016d000 103:07 39987772                  /usr/lib/x86_64-linux-gnu/libicuuc.so.74.2
7147247f7000-71472480a000 r--p 001f7000 103:07 39987772                  /usr/lib/x86_64-linux-gnu/libicuuc.so.74.2
71472480a000-71472480b000 rw-p 0020a000 103:07 39987772                  /usr/lib/x86_64-linux-gnu/libicuuc.so.74.2
71472480b000-71472480d000 rw-p 00000000 00:00 0 
71472483e000-71472483f000 ---p 00000000 00:00 0 
71472483f000-714724940000 rw-p 00000000 00:00 0 
714724940000-714724c30000 rw-p 00000000 00:00 0 
714724c30000-714724d40000 ---p 00000000 00:00 0 
714724d40000-714724d60000 rw-p 00000000 00:00 0 
714724d60000-7147250e0000 ---p 00000000 00:00 0 
7147250e0000-7147250f0000 rw-p 00000000 00:00 0 
7147250f0000-71472c3a0000 ---p 00000000 00:00 0 
71472c3a0000-71472c690000 rw-p 00000000 00:00 0 
71472c690000-71472c7a0000 ---p 00000000 00:00 0 
71472c7a0000-71472c7c0000 rw-p 00000000 00:00 0 
71472c7c0000-71472cb40000 ---p 00000000 00:00 0 
71472cb40000-71472cb50000 rw-p 00000000 00:00 0 
71472cb50000-714733e00000 ---p 00000000 00:00 0 
714733e00000-714735520000 rwxp 00000000 00:00 0 
714735520000-71473b25f000 ---p 00000000 00:00 0 
71473b25f000-71473b5ef000 rwxp 00000000 00:00 0 
71473b5ef000-71473b9a0000 ---p 00000000 00:00 0 
71473b9a0000-71473c8b0000 rwxp 00000000 00:00 0 
71473c8b0000-714742e00000 ---p 00000000 00:00 0 
714742e00000-714747e37000 r--s 00000000 103:07 57952108                  /home/bgodfrey/CASPER/Scilab/scilab-2024.1.0/thirdparty/java/lib/modules
714747efd000-714747efe000 ---p 00000000 00:00 0 
714747efe000-714747fff000 rw-p 00000000 00:00 0 
714747fff000-714748000000 ---p 00000000 00:00 0 
714748000000-714750000000 rw-p 00000000 00:00 0 
714750000000-7147501ba000 rw-p 00000000 00:00 0 
7147501ba000-714754000000 ---p 00000000 00:00 0 
714754000000-714754200000 rw-s 10f62c000 00:10 1059                      anon_inode:i915.gem
714754200000-71475429d000 r--p 00000000 103:07 39977273                  /usr/lib/x86_64-linux-gnu/libstdc++.so.6.0.33
71475429d000-7147543e5000 r-xp 0009d000 103:07 39977273                  /usr/lib/x86_64-linux-gnu/libstdc++.so.6.0.33
7147543e5000-71475446c000 r--p 001e5000 103:07 39977273                  /usr/lib/x86_64-linux-gnu/libstdc++.so.6.0.33
71475446c000-714754477000 r--p 0026b000 103:07 39977273                  /usr/lib/x86_64-linux-gnu/libstdc++.so.6.0.33
714754477000-71475447a000 rw-p 00276000 103:07 39977273                  /usr/lib/x86_64-linux-gnu/libstdc++.so.6.0.33
71475447a000-71475447e000 rw-p 00000000 00:00 0 
7147544fe000-7147544ff000 ---p 00000000 00:00 0 
7147544ff000-714754600000 rw-p 00000000 00:00 0 
714754600000-7147546b7000 r-xp 00000000 103:07 57949346                  /home/bgodfrey/CASPER/Scilab/scilab-2024.1.0/lib/thirdparty/libjogl_desktop.so
7147546b7000-7147548b6000 ---p 000b7000 103:07 57949346                  /home/bgodfrey/CASPER/Scilab/scilab-2024.1.0/lib/thirdparty/libjogl_desktop.so
7147548b6000-7147548b7000 r--p 000b6000 103:07 57949346                  /home/bgodfrey/CASPER/Scilab/scilab-2024.1.0/lib/thirdparty/libjogl_desktop.so
7147548b7000-7147548b8000 rw-p 000b7000 103:07 57949346                  /home/bgodfrey/CASPER/Scilab/scilab-2024.1.0/lib/thirdparty/libjogl_desktop.so
7147548fe000-7147548ff000 ---p 00000000 00:00 0 
7147548ff000-714754a00000 rw-p 00000000 00:00 0 
714754a00000-714754a07000 r-xp 00000000 103:07 57949349                  /home/bgodfrey/CASPER/Scilab/scilab-2024.1.0/lib/thirdparty/libnativewindow_x11.so
714754a07000-714754c06000 ---p 00007000 103:07 57949349                  /home/bgodfrey/CASPER/Scilab/scilab-2024.1.0/lib/thirdparty/libnativewindow_x11.so
714754c06000-714754c07000 r--p 00006000 103:07 57949349                  /home/bgodfrey/CASPER/Scilab/scilab-2024.1.0/lib/thirdparty/libnativewindow_x11.so
714754c07000-714754c08000 rw-p 00007000 103:07 57949349                  /home/bgodfrey/CASPER/Scilab/scilab-2024.1.0/lib/thirdparty/libnativewindow_x11.so
714754cfe000-714754cff000 ---p 00000000 00:00 0 
714754cff000-714754e00000 rw-p 00000000 00:00 0 
714754e00000-714754e02000 r-xp 00000000 103:07 57949347                  /home/bgodfrey/CASPER/Scilab/scilab-2024.1.0/lib/thirdparty/libnativewindow_awt.so
714754e02000-714755001000 ---p 00002000 103:07 57949347                  /home/bgodfrey/CASPER/Scilab/scilab-2024.1.0/lib/thirdparty/libnativewindow_awt.so
714755001000-714755002000 r--p 00001000 103:07 57949347                  /home/bgodfrey/CASPER/Scilab/scilab-2024.1.0/lib/thirdparty/libnativewindow_awt.so
714755002000-714755003000 rw-p 00002000 103:07 57949347                  /home/bgodfrey/CASPER/Scilab/scilab-2024.1.0/lib/thirdparty/libnativewindow_awt.so
7147550fe000-7147550ff000 ---p 00000000 00:00 0 
7147550ff000-714755200000 rw-p 00000000 00:00 0 
714755200000-714755203000 r-xp 00000000 103:07 57949345                  /home/bgodfrey/CASPER/Scilab/scilab-2024.1.0/lib/thirdparty/libgluegen_rt.so
714755203000-714755402000 ---p 00003000 103:07 57949345                  /home/bgodfrey/CASPER/Scilab/scilab-2024.1.0/lib/thirdparty/libgluegen_rt.so
714755402000-714755403000 r--p 00002000 103:07 57949345                  /home/bgodfrey/CASPER/Scilab/scilab-2024.1.0/lib/thirdparty/libgluegen_rt.so
714755403000-714755404000 rw-p 00003000 103:07 57949345                  /home/bgodfrey/CASPER/Scilab/scilab-2024.1.0/lib/thirdparty/libgluegen_rt.so
71475541b000-714755479000 rw-p 00000000 00:00 0 
714755479000-71475549b000 ---p 00000000 00:00 0 
71475549b000-71475549f000 rw-p 00000000 00:00 0 
71475549f000-71475550f000 ---p 00000000 00:00 0 
71475550f000-714755511000 rw-p 00000000 00:00 0 
714755511000-714756367000 ---p 00000000 00:00 0 
714756367000-7147563c5000 rw-p 00000000 00:00 0 
7147563c5000-7147563e7000 ---p 00000000 00:00 0 
7147563e7000-7147563eb000 rw-p 00000000 00:00 0 
7147563eb000-71475645b000 ---p 00000000 00:00 0 
71475645b000-71475645d000 rw-p 00000000 00:00 0 
71475645d000-7147572b3000 ---p 00000000 00:00 0 
7147572b3000-714757311000 rw-p 00000000 00:00 0 
714757311000-714757333000 ---p 00000000 00:00 0 
714757333000-714757337000 rw-p 00000000 00:00 0 
714757337000-7147573a7000 ---p 00000000 00:00 0 
7147573a7000-7147573a9000 rw-p 00000000 00:00 0 
7147573a9000-7147581ff000 ---p 00000000 00:00 0 
7147581ff000-714758200000 ---p 00000000 00:00 0 
714758200000-714760200000 rw-p 00000000 00:00 0 
714760200000-714760775000 r--p 00000000 103:07 39979113                  /usr/lib/locale/locale-archive
714760800000-714764800000 rw-p 00000000 00:00 0 
7147648fd000-7147648fe000 ---p 00000000 00:00 0 
7147648fe000-7147649ff000 rw-p 00000000 00:00 0 
7147649ff000-714764a00000 ---p 00000000 00:00 0 
714764a00000-714765200000 rw-p 00000000 00:00 0 
714765200000-714767200000 rw-p 00000000 00:00 0 
7147672fd000-7147672fe000 ---p 00000000 00:00 0 
7147672fe000-7147673ff000 rw-p 00000000 00:00 0 
7147673ff000-714767400000 ---p 00000000 00:00 0 
714767400000-714767c00000 rw-p 00000000 00:00 0 
714767c00000-714769c00000 rw-p 00000000 00:00 0 
714769cfd000-714769cfe000 ---p 00000000 00:00 0 
714769cfe000-714769dff000 rw-p 00000000 00:00 0 
714769dff000-714769e00000 ---p 00000000 00:00 0 
714769e00000-71476a600000 rw-p 00000000 00:00 0 
71476a600000-71476c600000 rw-p 00000000 00:00 0 
71476c6fd000-71476c6fe000 ---p 00000000 00:00 0 
71476c6fe000-71476c7ff000 rw-p 00000000 00:00 0 
71476c7ff000-71476c800000 ---p 00000000 00:00 0 
71476c800000-71476d000000 rw-p 00000000 00:00 0 
71476d000000-714771000000 rw-p 00000000 00:00 0 
7147710fb000-7147710fc000 ---p 00000000 00:00 0 
7147710fc000-7147711fd000 rw-p 00000000 00:00 0 
7147711fd000-7147711fe000 ---p 00000000 00:00 0 
7147711fe000-7147719fe000 rw-p 00000000 00:00 0 
7147719fe000-7147719ff000 ---p 00000000 00:00 0 
7147719ff000-7147721ff000 rw-p 00000000 00:00 0 
7147721ff000-714772200000 ---p 00000000 00:00 0 
714772200000-714772a00000 rw-p 00000000 00:00 0 
714772a00000-714772a0b000 r-xp 00000000 103:07 57949438                  /home/bgodfrey/CASPER/Scilab/scilab-2024.1.0/lib/thirdparty/libcamd.so.2.4.1
714772a0b000-714772c0a000 ---p 0000b000 103:07 57949438                  /home/bgodfrey/CASPER/Scilab/scilab-2024.1.0/lib/thirdparty/libcamd.so.2.4.1
714772c0a000-714772c0b000 r--p 0000a000 103:07 57949438                  /home/bgodfrey/CASPER/Scilab/scilab-2024.1.0/lib/thirdparty/libcamd.so.2.4.1
714772c0b000-714772c0c000 rw-p 0000b000 103:07 57949438                  /home/bgodfrey/CASPER/Scilab/scilab-2024.1.0/lib/thirdparty/libcamd.so.2.4.1
714772cfe000-714772cff000 ---p 00000000 00:00 0 
714772cff000-714772e00000 rw-p 00000000 00:00 0 
714772e00000-714772e0a000 r-xp 00000000 103:07 57949434                  /home/bgodfrey/CASPER/Scilab/scilab-2024.1.0/lib/thirdparty/libccolamd.so.2.9.1
714772e0a000-71477300a000 ---p 0000a000 103:07 57949434                  /home/bgodfrey/CASPER/Scilab/scilab-2024.1.0/lib/thirdparty/libccolamd.so.2.9.1
71477300a000-71477300b000 r--p 0000a000 103:07 57949434                  /home/bgodfrey/CASPER/Scilab/scilab-2024.1.0/lib/thirdparty/libccolamd.so.2.9.1
71477300b000-71477300c000 rw-p 0000b000 103:07 57949434                  /home/bgodfrey/CASPER/Scilab/scilab-2024.1.0/lib/thirdparty/libccolamd.so.2.9.1
7147730fe000-7147730ff000 ---p 00000000 00:00 0 
7147730ff000-714773200000 rw-p 00000000 00:00 0 
714773200000-7147732fe000 r-xp 00000000 103:07 57949424                  /home/bgodfrey/CASPER/Scilab/scilab-2024.1.0/lib/thirdparty/libcholmod.so.3.0.6
7147732fe000-7147734fe000 ---p 000fe000 103:07 57949424                  /home/bgodfrey/CASPER/Scilab/scilab-2024.1.0/lib/thirdparty/libcholmod.so.3.0.6
7147734fe000-7147734ff000 r--p 000fe000 103:07 57949424                  /home/bgodfrey/CASPER/Scilab/scilab-2024.1.0/lib/thirdparty/libcholmod.so.3.0.6
7147734ff000-714773500000 rw-p 000ff000 103:07 57949424                  /home/bgodfrey/CASPER/Scilab/scilab-2024.1.0/lib/thirdparty/libcholmod.so.3.0.6
714773600000-714773603000 r-xp 00000000 103:07 57949442                  /home/bgodfrey/CASPER/Scilab/scilab-2024.1.0/lib/thirdparty/libbtf.so.1.2.1
714773603000-714773802000 ---p 00003000 103:07 57949442                  /home/bgodfrey/CASPER/Scilab/scilab-2024.1.0/lib/thirdparty/libbtf.so.1.2.1
714773802000-714773803000 r--p 00002000 103:07 57949442                  /home/bgodfrey/CASPER/Scilab/scilab-2024.1.0/lib/thirdparty/libbtf.so.1.2.1
714773803000-714773804000 rw-p 00003000 103:07 57949442                  /home/bgodfrey/CASPER/Scilab/scilab-2024.1.0/lib/thirdparty/libbtf.so.1.2.1
7147738fe000-7147738ff000 ---p 00000000 00:00 0 
7147738ff000-714773a00000 rw-p 00000000 00:00 0 
714773a00000-714773a06000 r-xp 00000000 103:07 57949430                  /home/bgodfrey/CASPER/Scilab/scilab-2024.1.0/lib/thirdparty/libcolamd.so.2.9.1
714773a06000-714773c06000 ---p 00006000 103:07 57949430                  /home/bgodfrey/CASPER/Scilab/scilab-2024.1.0/lib/thirdparty/libcolamd.so.2.9.1
714773c06000-714773c07000 r--p 00006000 103:07 57949430                  /home/bgodfrey/CASPER/Scilab/scilab-2024.1.0/lib/thirdparty/libcolamd.so.2.9.1
714773c07000-714773c08000 rw-p 00007000 103:07 57949430                  /home/bgodfrey/CASPER/Scilab/scilab-2024.1.0/lib/thirdparty/libcolamd.so.2.9.1
714773e00000-714773e2c000 r-xp 00000000 103:07 57949496                  /home/bgodfrey/CASPER/Scilab/scilab-2024.1.0/lib/thirdparty/redist/libscilzma.so.5.4.4
714773e2c000-71477402c000 ---p 0002c000 103:07 57949496                  /home/bgodfrey/CASPER/Scilab/scilab-2024.1.0/lib/thirdparty/redist/libscilzma.so.5.4.4
71477402c000-71477402d000 r--p 0002c000 103:07 57949496                  /home/bgodfrey/CASPER/Scilab/scilab-2024.1.0/lib/thirdparty/redist/libscilzma.so.5.4.4
71477402d000-714774030000 rw-p 0002d000 103:07 57949496                  /home/bgodfrey/CASPER/Scilab/scilab-2024.1.0/lib/thirdparty/redist/libscilzma.so.5.4.4
714774200000-71477448e000 r-xp 00000000 103:07 57949359                  /home/bgodfrey/CASPER/Scilab/scilab-2024.1.0/lib/thirdparty/libcrypto.so.1.1
71477448e000-71477468d000 ---p 0028e000 103:07 57949359                  /home/bgodfrey/CASPER/Scilab/scilab-2024.1.0/lib/thirdparty/libcrypto.so.1.1
71477468d000-7147746b8000 r--p 0028d000 103:07 57949359                  /home/bgodfrey/CASPER/Scilab/scilab-2024.1.0/lib/thirdparty/libcrypto.so.1.1
7147746b8000-7147746ba000 rw-p 002b8000 103:07 57949359                  /home/bgodfrey/CASPER/Scilab/scilab-2024.1.0/lib/thirdparty/libcrypto.so.1.1
7147746ba000-7147746be000 rw-p 00000000 00:00 0 
7147746bf000-714774800000 rw-s 00000000 103:07 56885363                  /home/bgodfrey/.cache/mesa_shader_cache/index
714774800000-714774828000 r--p 00000000 103:07 39978350                  /usr/lib/x86_64-linux-gnu/libc.so.6
714774828000-7147749b0000 r-xp 00028000 103:07 39978350                  /usr/lib/x86_64-linux-gnu/libc.so.6
7147749b0000-7147749ff000 r--p 001b0000 103:07 39978350                  /usr/lib/x86_64-linux-gnu/libc.so.6
7147749ff000-714774a03000 r--p 001fe000 103:07 39978350                  /usr/lib/x86_64-linux-gnu/libc.so.6
714774a03000-714774a05000 rw-p 00202000 103:07 39978350                  /usr/lib/x86_64-linux-gnu/libc.so.6
714774a05000-714774a12000 rw-p 00000000 00:00 0 
714774c00000-714774c17000 r-xp 00000000 103:07 57949508                  /home/bgodfrey/CASPER/Scilab/scilab-2024.1.0/lib/thirdparty/redist/libscigcc_s.so.1
714774c17000-714774e16000 ---p 00017000 103:07 57949508                  /home/bgodfrey/CASPER/Scilab/scilab-2024.1.0/lib/thirdparty/redist/libscigcc_s.so.1
714774e16000-714774e17000 r--p 00016000 103:07 57949508                  /home/bgodfrey/CASPER/Scilab/scilab-2024.1.0/lib/thirdparty/redist/libscigcc_s.so.1
714774e17000-714774e18000 rw-p 00017000 103:07 57949508                  /home/bgodfrey/CASPER/Scilab/scilab-2024.1.0/lib/thirdparty/redist/libscigcc_s.so.1
714774e18000-714774e19000 rw-p 000d3000 103:07 57949508                  /home/bgodfrey/CASPER/Scilab/scilab-2024.1.0/lib/thirdparty/redist/libscigcc_s.so.1
714774e1e000-714774e4d000 r--p 00000000 103:07 39980566                  /usr/lib/x86_64-linux-gnu/libxml2.so.2.9.14
714774e4d000-714774fb3000 r-xp 0002f000 103:07 39980566                  /usr/lib/x86_64-linux-gnu/libxml2.so.2.9.14
714774fb3000-714774ff5000 r--p 00195000 103:07 39980566                  /usr/lib/x86_64-linux-gnu/libxml2.so.2.9.14
714774ff5000-714774ffe000 r--p 001d6000 103:07 39980566                  /usr/lib/x86_64-linux-gnu/libxml2.so.2.9.14
714774ffe000-714774fff000 rw-p 001df000 103:07 39980566                  /usr/lib/x86_64-linux-gnu/libxml2.so.2.9.14
714774fff000-714775000000 rw-p 00000000 00:00 0 
714775000000-714775252000 r--p 00000000 103:07 57952080                  /home/bgodfrey/CASPER/Scilab/scilab-2024.1.0/thirdparty/java/lib/server/libjvm.so
714775252000-714775f72000 r-xp 00252000 103:07 57952080                  /home/bgodfrey/CASPER/Scilab/scilab-2024.1.0/thirdparty/java/lib/server/libjvm.so
714775f72000-7147761fe000 r--p 00f72000 103:07 57952080                  /home/bgodfrey/CASPER/Scilab/scilab-2024.1.0/thirdparty/java/lib/server/libjvm.so
7147761fe000-7147761ff000 ---p 011fe000 103:07 57952080                  /home/bgodfrey/CASPER/Scilab/scilab-2024.1.0/thirdparty/java/lib/server/libjvm.so
7147761ff000-7147762b8000 r--p 011fe000 103:07 57952080                  /home/bgodfrey/CASPER/Scilab/scilab-2024.1.0/thirdparty/java/lib/server/libjvm.so
7147762b8000-7147762ed000 rw-p 012b7000 103:07 57952080                  /home/bgodfrey/CASPER/Scilab/scilab-2024.1.0/thirdparty/java/lib/server/libjvm.so
7147762ed000-714776347000 rw-p 00000000 00:00 0 
714776400000-71477643f000 r-xp 00000000 103:07 57949505                  /home/bgodfrey/CASPER/Scilab/scilab-2024.1.0/lib/thirdparty/redist/libsciquadmath.so.0
71477643f000-71477663e000 ---p 0003f000 103:07 57949505                  /home/bgodfrey/CASPER/Scilab/scilab-2024.1.0/lib/thirdparty/redist/libsciquadmath.so.0
71477663e000-71477663f000 r--p 0003e000 103:07 57949505                  /home/bgodfrey/CASPER/Scilab/scilab-2024.1.0/lib/thirdparty/redist/libsciquadmath.so.0
71477663f000-714776640000 rw-p 0003f000 103:07 57949505                  /home/bgodfrey/CASPER/Scilab/scilab-2024.1.0/lib/thirdparty/redist/libsciquadmath.so.0
714776640000-714776641000 rw-p 0010d000 103:07 57949505                  /home/bgodfrey/CASPER/Scilab/scilab-2024.1.0/lib/thirdparty/redist/libsciquadmath.so.0
7147766bf000-714776800000 rw-s 00000000 103:07 56885363                  /home/bgodfrey/.cache/mesa_shader_cache/index
714776800000-714776a6a000 r-xp 00000000 103:07 57949506                  /home/bgodfrey/CASPER/Scilab/scilab-2024.1.0/lib/thirdparty/redist/libscigfortran.so.5
714776a6a000-714776c6a000 ---p 0026a000 103:07 57949506                  /home/bgodfrey/CASPER/Scilab/scilab-2024.1.0/lib/thirdparty/redist/libscigfortran.so.5
714776c6a000-714776c6b000 r--p 0026a000 103:07 57949506                  /home/bgodfrey/CASPER/Scilab/scilab-2024.1.0/lib/thirdparty/redist/libscigfortran.so.5
714776c6b000-714776c6d000 rw-p 0026b000 103:07 57949506                  /home/bgodfrey/CASPER/Scilab/scilab-2024.1.0/lib/thirdparty/redist/libscigfortran.so.5
714776c6d000-714776c82000 rw-p 00a3a000 103:07 57949506                  /home/bgodfrey/CASPER/Scilab/scilab-2024.1.0/lib/thirdparty/redist/libscigfortran.so.5
714776cbd000-714776cf1000 r--p 00000000 103:07 39983091                  /usr/lib/x86_64-linux-gnu/libEGL_nvidia.so.580.126.09
714776cf1000-714776d88000 r-xp 00034000 103:07 39983091                  /usr/lib/x86_64-linux-gnu/libEGL_nvidia.so.580.126.09
714776d88000-714776ddc000 r--p 000cb000 103:07 39983091                  /usr/lib/x86_64-linux-gnu/libEGL_nvidia.so.580.126.09
714776ddc000-714776ddd000 ---p 0011f000 103:07 39983091                  /usr/lib/x86_64-linux-gnu/libEGL_nvidia.so.580.126.09
714776ddd000-714776de5000 r--p 0011f000 103:07 39983091                  /usr/lib/x86_64-linux-gnu/libEGL_nvidia.so.580.126.09
714776de5000-714776dfb000 rw-p 00127000 103:07 39983091                  /usr/lib/x86_64-linux-gnu/libEGL_nvidia.so.580.126.09
714776dfb000-714776e00000 rw-p 00000000 00:00 0 
714776e00000-714777ab8000 r-xp 00000000 103:07 57949352                  /home/bgodfrey/CASPER/Scilab/scilab-2024.1.0/lib/thirdparty/libopenblas.so.0.3.7
714777ab8000-714777cb7000 ---p 00cb8000 103:07 57949352                  /home/bgodfrey/CASPER/Scilab/scilab-2024.1.0/lib/thirdparty/libopenblas.so.0.3.7
714777cb7000-714777cbd000 r--p 00cb7000 103:07 57949352                  /home/bgodfrey/CASPER/Scilab/scilab-2024.1.0/lib/thirdparty/libopenblas.so.0.3.7
714777cbd000-714777cc7000 rw-p 00cbd000 103:07 57949352                  /home/bgodfrey/CASPER/Scilab/scilab-2024.1.0/lib/thirdparty/libopenblas.so.0.3.7
714777cc7000-714777cc9000 rw-p 00000000 00:00 0 
714777d00000-714777d04000 ---p 00000000 00:00 0 
714777d04000-714777e00000 rw-p 00000000 00:00 0 
714777e00000-714777f79000 r-xp 00000000 103:07 57949510                  /home/bgodfrey/CASPER/Scilab/scilab-2024.1.0/lib/thirdparty/redist/libscistdc++.so.6
714777f79000-714778179000 ---p 00179000 103:07 57949510                  /home/bgodfrey/CASPER/Scilab/scilab-2024.1.0/lib/thirdparty/redist/libscistdc++.so.6
714778179000-714778183000 r--p 00179000 103:07 57949510                  /home/bgodfrey/CASPER/Scilab/scilab-2024.1.0/lib/thirdparty/redist/libscistdc++.so.6
714778183000-714778185000 rw-p 00183000 103:07 57949510                  /home/bgodfrey/CASPER/Scilab/scilab-2024.1.0/lib/thirdparty/redist/libscistdc++.so.6
714778185000-714778189000 rw-p 00000000 00:00 0 
714778189000-7147781d2000 rw-p 00ded000 103:07 57949510                  /home/bgodfrey/CASPER/Scilab/scilab-2024.1.0/lib/thirdparty/redist/libscistdc++.so.6
714778200000-714778201000 r-xp 00000000 103:07 57949138                  /home/bgodfrey/CASPER/Scilab/scilab-2024.1.0/lib/scilab/libscitclsci-disable.so.2024.1.0
714778201000-714778400000 ---p 00001000 103:07 57949138                  /home/bgodfrey/CASPER/Scilab/scilab-2024.1.0/lib/scilab/libscitclsci-disable.so.2024.1.0
714778400000-714778401000 r--p 00000000 103:07 57949138                  /home/bgodfrey/CASPER/Scilab/scilab-2024.1.0/lib/scilab/libscitclsci-disable.so.2024.1.0
714778401000-714778402000 rw-p 00001000 103:07 57949138                  /home/bgodfrey/CASPER/Scilab/scilab-2024.1.0/lib/scilab/libscitclsci-disable.so.2024.1.0
714778402000-714778403000 rw-p 00003000 103:07 57949138                  /home/bgodfrey/CASPER/Scilab/scilab-2024.1.0/lib/scilab/libscitclsci-disable.so.2024.1.0
714778500000-714778504000 ---p 00000000 00:00 0 
714778504000-714778600000 rw-p 00000000 00:00 0 
714778600000-714778604000 r-xp 00000000 103:07 57949274                  /home/bgodfrey/CASPER/Scilab/scilab-2024.1.0/lib/scilab/libscipreferences-cli.so.2024.1.0
714778604000-714778803000 ---p 00004000 103:07 57949274                  /home/bgodfrey/CASPER/Scilab/scilab-2024.1.0/lib/scilab/libscipreferences-cli.so.2024.1.0
714778803000-714778804000 r--p 00003000 103:07 57949274                  /home/bgodfrey/CASPER/Scilab/scilab-2024.1.0/lib/scilab/libscipreferences-cli.so.2024.1.0
714778804000-714778805000 rw-p 00004000 103:07 57949274                  /home/bgodfrey/CASPER/Scilab/scilab-2024.1.0/lib/scilab/libscipreferences-cli.so.2024.1.0
714778805000-714778806000 rw-p 0000e000 103:07 57949274                  /home/bgodfrey/CASPER/Scilab/scilab-2024.1.0/lib/scilab/libscipreferences-cli.so.2024.1.0
714778900000-714778904000 ---p 00000000 00:00 0 
714778904000-714778a00000 rw-p 00000000 00:00 0 
714778a00000-714778a01000 r-xp 00000000 103:07 57949146                  /home/bgodfrey/CASPER/Scilab/scilab-2024.1.0/lib/scilab/libscicommons-disable.so.2024.1.0
714778a01000-714778c00000 ---p 00001000 103:07 57949146                  /home/bgodfrey/CASPER/Scilab/scilab-2024.1.0/lib/scilab/libscicommons-disable.so.2024.1.0
714778c00000-714778c01000 r--p 00000000 103:07 57949146                  /home/bgodfrey/CASPER/Scilab/scilab-2024.1.0/lib/scilab/libscicommons-disable.so.2024.1.0
714778c01000-714778c02000 rw-p 00001000 103:07 57949146                  /home/bgodfrey/CASPER/Scilab/scilab-2024.1.0/lib/scilab/libscicommons-disable.so.2024.1.0
714778c02000-714778c03000 rw-p 00003000 103:07 57949146                  /home/bgodfrey/CASPER/Scilab/scilab-2024.1.0/lib/scilab/libscicommons-disable.so.2024.1.0
714778d00000-714778d04000 ---p 00000000 00:00 0 
714778d04000-714778e00000 rw-p 00000000 00:00 0 
714778e00000-714778e01000 r-xp 00000000 103:07 57949266                  /home/bgodfrey/CASPER/Scilab/scilab-2024.1.0/lib/scilab/libscihistory_browser-disable.so.2024.1.0
714778e01000-714779000000 ---p 00001000 103:07 57949266                  /home/bgodfrey/CASPER/Scilab/scilab-2024.1.0/lib/scilab/libscihistory_browser-disable.so.2024.1.0
714779000000-714779001000 r--p 00000000 103:07 57949266                  /home/bgodfrey/CASPER/Scilab/scilab-2024.1.0/lib/scilab/libscihistory_browser-disable.so.2024.1.0
714779001000-714779002000 rw-p 00001000 103:07 57949266                  /home/bgodfrey/CASPER/Scilab/scilab-2024.1.0/lib/scilab/libscihistory_browser-disable.so.2024.1.0
714779002000-714779003000 rw-p 00003000 103:07 57949266                  /home/bgodfrey/CASPER/Scilab/scilab-2024.1.0/lib/scilab/libscihistory_browser-disable.so.2024.1.0
714779100000-714779104000 ---p 00000000 00:00 0 
714779104000-714779200000 rw-p 00000000 00:00 0 
714779200000-714779201000 r-xp 00000000 103:07 57949258                  /home/bgodfrey/CASPER/Scilab/scilab-2024.1.0/lib/scilab/libsciui_data-disable.so.2024.1.0
714779201000-714779400000 ---p 00001000 103:07 57949258                  /home/bgodfrey/CASPER/Scilab/scilab-2024.1.0/lib/scilab/libsciui_data-disable.so.2024.1.0
714779400000-714779401000 r--p 00000000 103:07 57949258                  /home/bgodfrey/CASPER/Scilab/scilab-2024.1.0/lib/scilab/libsciui_data-disable.so.2024.1.0
714779401000-714779402000 rw-p 00001000 103:07 57949258                  /home/bgodfrey/CASPER/Scilab/scilab-2024.1.0/lib/scilab/libsciui_data-disable.so.2024.1.0
714779402000-714779403000 rw-p 00003000 103:07 57949258                  /home/bgodfrey/CASPER/Scilab/scilab-2024.1.0/lib/scilab/libsciui_data-disable.so.2024.1.0
714779500000-714779504000 ---p 00000000 00:00 0 
714779504000-714779600000 rw-p 00000000 00:00 0 
714779600000-714779601000 r-xp 00000000 103:07 57949246                  /home/bgodfrey/CASPER/Scilab/scilab-2024.1.0/lib/scilab/libsciscinotes-disable.so.2024.1.0
714779601000-714779800000 ---p 00001000 103:07 57949246                  /home/bgodfrey/CASPER/Scilab/scilab-2024.1.0/lib/scilab/libsciscinotes-disable.so.2024.1.0
714779800000-714779801000 r--p 00000000 103:07 57949246                  /home/bgodfrey/CASPER/Scilab/scilab-2024.1.0/lib/scilab/libsciscinotes-disable.so.2024.1.0
714779801000-714779802000 rw-p 00001000 103:07 57949246                  /home/bgodfrey/CASPER/Scilab/scilab-2024.1.0/lib/scilab/libsciscinotes-disable.so.2024.1.0
714779802000-714779803000 rw-p 00003000 103:07 57949246                  /home/bgodfrey/CASPER/Scilab/scilab-2024.1.0/lib/scilab/libsciscinotes-disable.so.2024.1.0
71477983b000-714779841000 r--p 00000000 103:07 57952110                  /home/bgodfrey/CASPER/Scilab/scilab-2024.1.0/thirdparty/java/lib/libfontmanager.so
714779841000-7147799b0000 r-xp 00006000 103:07 57952110                  /home/bgodfrey/CASPER/Scilab/scilab-2024.1.0/thirdparty/java/lib/libfontmanager.so
7147799b0000-7147799fb000 r--p 00175000 103:07 57952110                  /home/bgodfrey/CASPER/Scilab/scilab-2024.1.0/thirdparty/java/lib/libfontmanager.so
7147799fb000-7147799fc000 ---p 001c0000 103:07 57952110                  /home/bgodfrey/CASPER/Scilab/scilab-2024.1.0/thirdparty/java/lib/libfontmanager.so
7147799fc000-7147799fe000 r--p 001c0000 103:07 57952110                  /home/bgodfrey/CASPER/Scilab/scilab-2024.1.0/thirdparty/java/lib/libfontmanager.so
7147799fe000-7147799ff000 rw-p 001c2000 103:07 57952110                  /home/bgodfrey/CASPER/Scilab/scilab-2024.1.0/thirdparty/java/lib/libfontmanager.so
7147799ff000-714779a00000 rw-p 00000000 00:00 0 
714779a00000-714779a02000 r-xp 00000000 103:07 57949175                  /home/bgodfrey/CASPER/Scilab/scilab-2024.1.0/lib/scilab/libscigraphic_objects-disable.so.2024.1.0
714779a02000-714779c01000 ---p 00002000 103:07 57949175                  /home/bgodfrey/CASPER/Scilab/scilab-2024.1.0/lib/scilab/libscigraphic_objects-disable.so.2024.1.0
714779c01000-714779c02000 r--p 00001000 103:07 57949175                  /home/bgodfrey/CASPER/Scilab/scilab-2024.1.0/lib/scilab/libscigraphic_objects-disable.so.2024.1.0
714779c02000-714779c03000 rw-p 00002000 103:07 57949175                  /home/bgodfrey/CASPER/Scilab/scilab-2024.1.0/lib/scilab/libscigraphic_objects-disable.so.2024.1.0
714779c03000-714779c04000 rw-p 00005000 103:07 57949175                  /home/bgodfrey/CASPER/Scilab/scilab-2024.1.0/lib/scilab/libscigraphic_objects-disable.so.2024.1.0
714779e00000-714779e01000 r-xp 00000000 103:07 57949322                  /home/bgodfrey/CASPER/Scilab/scilab-2024.1.0/lib/scilab/libscixcos-disable.so.2024.1.0
714779e01000-71477a000000 ---p 00001000 103:07 57949322                  /home/bgodfrey/CASPER/Scilab/scilab-2024.1.0/lib/scilab/libscixcos-disable.so.2024.1.0
71477a000000-71477a001000 r--p 00000000 103:07 57949322                  /home/bgodfrey/CASPER/Scilab/scilab-2024.1.0/lib/scilab/libscixcos-disable.so.2024.1.0
71477a001000-71477a002000 rw-p 00001000 103:07 57949322                  /home/bgodfrey/CASPER/Scilab/scilab-2024.1.0/lib/scilab/libscixcos-disable.so.2024.1.0
71477a002000-71477a003000 rw-p 00003000 103:07 57949322                  /home/bgodfrey/CASPER/Scilab/scilab-2024.1.0/lib/scilab/libscixcos-disable.so.2024.1.0
71477a100000-71477a104000 ---p 00000000 00:00 0 
71477a104000-71477a200000 rw-p 00000000 00:00 0 
71477a200000-71477a201000 r-xp 00000000 103:07 57949154                  /home/bgodfrey/CASPER/Scilab/scilab-2024.1.0/lib/scilab/libscijvm-disable.so.2024.1.0
71477a201000-71477a400000 ---p 00001000 103:07 57949154                  /home/bgodfrey/CASPER/Scilab/scilab-2024.1.0/lib/scilab/libscijvm-disable.so.2024.1.0
71477a400000-71477a401000 r--p 00000000 103:07 57949154                  /home/bgodfrey/CASPER/Scilab/scilab-2024.1.0/lib/scilab/libscijvm-disable.so.2024.1.0
71477a401000-71477a402000 rw-p 00001000 103:07 57949154                  /home/bgodfrey/CASPER/Scilab/scilab-2024.1.0/lib/scilab/libscijvm-disable.so.2024.1.0
71477a402000-71477a403000 rw-p 00003000 103:07 57949154                  /home/bgodfrey/CASPER/Scilab/scilab-2024.1.0/lib/scilab/libscijvm-disable.so.2024.1.0
71477a600000-71477a601000 r-xp 00000000 103:07 57949166                  /home/bgodfrey/CASPER/Scilab/scilab-2024.1.0/lib/scilab/libsciaction_binding-disable.so.2024.1.0
71477a601000-71477a800000 ---p 00001000 103:07 57949166                  /home/bgodfrey/CASPER/Scilab/scilab-2024.1.0/lib/scilab/libsciaction_binding-disable.so.2024.1.0
71477a800000-71477a801000 r--p 00000000 103:07 57949166                  /home/bgodfrey/CASPER/Scilab/scilab-2024.1.0/lib/scilab/libsciaction_binding-disable.so.2024.1.0
71477a801000-71477a803000 rw-p 00001000 103:07 57949166                  /home/bgodfrey/CASPER/Scilab/scilab-2024.1.0/lib/scilab/libsciaction_binding-disable.so.2024.1.0
71477a8fe000-71477a8ff000 ---p 00000000 00:00 0 
71477a8ff000-71477aa00000 rw-p 00000000 00:00 0 
71477aa00000-71477aa5c000 r-xp 00000000 103:07 57949504                  /home/bgodfrey/CASPER/Scilab/scilab-2024.1.0/lib/thirdparty/redist/libscincurses.so.6.4
71477aa5c000-71477ac5b000 ---p 0005c000 103:07 57949504                  /home/bgodfrey/CASPER/Scilab/scilab-2024.1.0/lib/thirdparty/redist/libscincurses.so.6.4
71477ac5b000-71477ac5f000 r--p 0005b000 103:07 57949504                  /home/bgodfrey/CASPER/Scilab/scilab-2024.1.0/lib/thirdparty/redist/libscincurses.so.6.4
71477ac5f000-71477ac65000 rw-p 0005f000 103:07 57949504                  /home/bgodfrey/CASPER/Scilab/scilab-2024.1.0/lib/thirdparty/redist/libscincurses.so.6.4
71477ad00000-71477ad04000 ---p 00000000 00:00 0 
71477ad04000-71477ae00000 rw-p 00000000 00:00 0 
71477ae00000-71477ae0c000 r-xp 00000000 103:07 57949126                  /home/bgodfrey/CASPER/Scilab/scilab-2024.1.0/lib/scilab/libsciconsole-minimal.so.2024.1.0
71477ae0c000-71477b00b000 ---p 0000c000 103:07 57949126                  /home/bgodfrey/CASPER/Scilab/scilab-2024.1.0/lib/scilab/libsciconsole-minimal.so.2024.1.0
71477b00b000-71477b00c000 r--p 0000b000 103:07 57949126                  /home/bgodfrey/CASPER/Scilab/scilab-2024.1.0/lib/scilab/libsciconsole-minimal.so.2024.1.0
71477b00c000-71477b00d000 rw-p 0000c000 103:07 57949126                  /home/bgodfrey/CASPER/Scilab/scilab-2024.1.0/lib/scilab/libsciconsole-minimal.so.2024.1.0
71477b00d000-71477b00f000 rw-p 00036000 103:07 57949126                  /home/bgodfrey/CASPER/Scilab/scilab-2024.1.0/lib/scilab/libsciconsole-minimal.so.2024.1.0
71477b100000-71477b104000 ---p 00000000 00:00 0 
71477b104000-71477b200000 rw-p 00000000 00:00 0 
71477b200000-71477b201000 r-xp 00000000 103:07 57949194                  /home/bgodfrey/CASPER/Scilab/scilab-2024.1.0/lib/scilab/libscigraphic_export-disable.so.2024.1.0
71477b201000-71477b400000 ---p 00001000 103:07 57949194                  /home/bgodfrey/CASPER/Scilab/scilab-2024.1.0/lib/scilab/libscigraphic_export-disable.so.2024.1.0
71477b400000-71477b401000 r--p 00000000 103:07 57949194                  /home/bgodfrey/CASPER/Scilab/scilab-2024.1.0/lib/scilab/libscigraphic_export-disable.so.2024.1.0
71477b401000-71477b402000 rw-p 00001000 103:07 57949194                  /home/bgodfrey/CASPER/Scilab/scilab-2024.1.0/lib/scilab/libscigraphic_export-disable.so.2024.1.0
71477b402000-71477b403000 rw-p 00003000 103:07 57949194                  /home/bgodfrey/CASPER/Scilab/scilab-2024.1.0/lib/scilab/libscigraphic_export-disable.so.2024.1.0
71477b500000-71477b504000 ---p 00000000 00:00 0 
71477b504000-71477b600000 rw-p 00000000 00:00 0 
71477b600000-71477b602000 r-xp 00000000 103:07 57949202                  /home/bgodfrey/CASPER/Scilab/scilab-2024.1.0/lib/scilab/libscigraphics-disable.so.2024.1.0
71477b602000-71477b801000 ---p 00002000 103:07 57949202                  /home/bgodfrey/CASPER/Scilab/scilab-2024.1.0/lib/scilab/libscigraphics-disable.so.2024.1.0
71477b801000-71477b802000 r--p 00001000 103:07 57949202                  /home/bgodfrey/CASPER/Scilab/scilab-2024.1.0/lib/scilab/libscigraphics-disable.so.2024.1.0
71477b802000-71477b803000 rw-p 00002000 103:07 57949202                  /home/bgodfrey/CASPER/Scilab/scilab-2024.1.0/lib/scilab/libscigraphics-disable.so.2024.1.0
71477b803000-71477b804000 rw-p 00006000 103:07 57949202                  /home/bgodfrey/CASPER/Scilab/scilab-2024.1.0/lib/scilab/libscigraphics-disable.so.2024.1.0
71477b900000-71477b904000 ---p 00000000 00:00 0 
71477b904000-71477ba00000 rw-p 00000000 00:00 0 
71477ba00000-71477ba02000 r-xp 00000000 103:07 57949186                  /home/bgodfrey/CASPER/Scilab/scilab-2024.1.0/lib/scilab/libscigui-disable.so.2024.1.0
71477ba02000-71477bc01000 ---p 00002000 103:07 57949186                  /home/bgodfrey/CASPER/Scilab/scilab-2024.1.0/lib/scilab/libscigui-disable.so.2024.1.0
71477bc01000-71477bc02000 r--p 00001000 103:07 57949186                  /home/bgodfrey/CASPER/Scilab/scilab-2024.1.0/lib/scilab/libscigui-disable.so.2024.1.0
71477bc02000-71477bc03000 rw-p 00002000 103:07 57949186                  /home/bgodfrey/CASPER/Scilab/scilab-2024.1.0/lib/scilab/libscigui-disable.so.2024.1.0
71477bc03000-71477bc04000 rw-p 00005000 103:07 57949186                  /home/bgodfrey/CASPER/Scilab/scilab-2024.1.0/lib/scilab/libscigui-disable.so.2024.1.0
71477bd00000-71477bd04000 ---p 00000000 00:00 0 
71477bd04000-71477be00000 rw-p 00000000 00:00 0 
71477be00000-71477be16000 r-xp 00000000 103:07 57949491                  /home/bgodfrey/CASPER/Scilab/scilab-2024.1.0/lib/thirdparty/redist/libsciz.so.1.2.11
71477be16000-71477c015000 ---p 00016000 103:07 57949491                  /home/bgodfrey/CASPER/Scilab/scilab-2024.1.0/lib/thirdparty/redist/libsciz.so.1.2.11
71477c015000-71477c016000 r--p 00015000 103:07 57949491                  /home/bgodfrey/CASPER/Scilab/scilab-2024.1.0/lib/thirdparty/redist/libsciz.so.1.2.11
71477c016000-71477c018000 rw-p 00016000 103:07 57949491                  /home/bgodfrey/CASPER/Scilab/scilab-2024.1.0/lib/thirdparty/redist/libsciz.so.1.2.11
71477c100000-71477c104000 ---p 00000000 00:00 0 
71477c104000-71477c200000 rw-p 00000000 00:00 0 
71477c200000-71477c358000 r-xp 00000000 103:07 57949500                  /home/bgodfrey/CASPER/Scilab/scilab-2024.1.0/lib/thirdparty/redist/libscixml2.so.2.9.9
71477c358000-71477c558000 ---p 00158000 103:07 57949500                  /home/bgodfrey/CASPER/Scilab/scilab-2024.1.0/lib/thirdparty/redist/libscixml2.so.2.9.9
71477c558000-71477c560000 r--p 00158000 103:07 57949500                  /home/bgodfrey/CASPER/Scilab/scilab-2024.1.0/lib/thirdparty/redist/libscixml2.so.2.9.9
71477c560000-71477c562000 rw-p 00160000 103:07 57949500                  /home/bgodfrey/CASPER/Scilab/scilab-2024.1.0/lib/thirdparty/redist/libscixml2.so.2.9.9
71477c562000-71477c563000 rw-p 00000000 00:00 0 
71477c563000-71477c56f000 rw-p 00162000 103:07 57949500                  /home/bgodfrey/CASPER/Scilab/scilab-2024.1.0/lib/thirdparty/redist/libscixml2.so.2.9.9
71477c600000-71477c664000 r-xp 00000000 103:07 57949294                  /home/bgodfrey/CASPER/Scilab/scilab-2024.1.0/lib/scilab/libscicoverage.so.2024.1.0
71477c664000-71477c864000 ---p 00064000 103:07 57949294                  /home/bgodfrey/CASPER/Scilab/scilab-2024.1.0/lib/scilab/libscicoverage.so.2024.1.0
71477c864000-71477c866000 r--p 00064000 103:07 57949294                  /home/bgodfrey/CASPER/Scilab/scilab-2024.1.0/lib/scilab/libscicoverage.so.2024.1.0
71477c866000-71477c867000 rw-p 00066000 103:07 57949294                  /home/bgodfrey/CASPER/Scilab/scilab-2024.1.0/lib/scilab/libscicoverage.so.2024.1.0
71477c867000-71477c878000 rw-p 0020b000 103:07 57949294                  /home/bgodfrey/CASPER/Scilab/scilab-2024.1.0/lib/scilab/libscicoverage.so.2024.1.0
71477c900000-71477c904000 ---p 00000000 00:00 0 
71477c904000-71477ca00000 rw-p 00000000 00:00 0 
71477ca00000-71477cacd000 r-xp 00000000 103:07 57949290                  /home/bgodfrey/CASPER/Scilab/scilab-2024.1.0/lib/scilab/libscislint.so.2024.1.0
71477cacd000-71477cccd000 ---p 000cd000 103:07 57949290                  /home/bgodfrey/CASPER/Scilab/scilab-2024.1.0/lib/scilab/libscislint.so.2024.1.0
71477cccd000-71477ccd0000 r--p 000cd000 103:07 57949290                  /home/bgodfrey/CASPER/Scilab/scilab-2024.1.0/lib/scilab/libscislint.so.2024.1.0
71477ccd0000-71477ccd2000 rw-p 000d0000 103:07 57949290                  /home/bgodfrey/CASPER/Scilab/scilab-2024.1.0/lib/scilab/libscislint.so.2024.1.0
71477ccd2000-71477ccfd000 rw-p 004f5000 103:07 57949290                  /home/bgodfrey/CASPER/Scilab/scilab-2024.1.0/lib/scilab/libscislint.so.2024.1.0
71477cd00000-71477cd04000 ---p 00000000 00:00 0 
71477cd04000-71477ce00000 rw-p 00000000 00:00 0 
71477ce00000-71477ce2c000 r-xp 00000000 103:07 57949286                  /home/bgodfrey/CASPER/Scilab/scilab-2024.1.0/lib/scilab/libsciexternal_objects.so.2024.1.0
71477ce2c000-71477d02c000 ---p 0002c000 103:07 57949286                  /home/bgodfrey/CASPER/Scilab/scilab-2024.1.0/lib/scilab/libsciexternal_objects.so.2024.1.0
71477d02c000-71477d02d000 r--p 0002c000 103:07 57949286                  /home/bgodfrey/CASPER/Scilab/scilab-2024.1.0/lib/scilab/libsciexternal_objects.so.2024.1.0
71477d02d000-71477d02e000 rw-p 0002d000 103:07 57949286                  /home/bgodfrey/CASPER/Scilab/scilab-2024.1.0/lib/scilab/libsciexternal_objects.so.2024.1.0
71477d02e000-71477d035000 rw-p 000e3000 103:07 57949286                  /home/bgodfrey/CASPER/Scilab/scilab-2024.1.0/lib/scilab/libsciexternal_objects.so.2024.1.0
71477d100000-71477d104000 ---p 00000000 00:00 0 
71477d104000-71477d200000 rw-p 00000000 00:00 0 
71477d200000-71477d237000 r-xp 00000000 103:07 57949282                  /home/bgodfrey/CASPER/Scilab/scilab-2024.1.0/lib/scilab/libscixml.so.2024.1.0
71477d237000-71477d437000 ---p 00037000 103:07 57949282                  /home/bgodfrey/CASPER/Scilab/scilab-2024.1.0/lib/scilab/libscixml.so.2024.1.0
71477d437000-71477d438000 r--p 00037000 103:07 57949282                  /home/bgodfrey/CASPER/Scilab/scilab-2024.1.0/lib/scilab/libscixml.so.2024.1.0
71477d438000-71477d439000 rw-p 00038000 103:07 57949282                  /home/bgodfrey/CASPER/Scilab/scilab-2024.1.0/lib/scilab/libscixml.so.2024.1.0
71477d439000-71477d442000 rw-p 000c7000 103:07 57949282                  /home/bgodfrey/CASPER/Scilab/scilab-2024.1.0/lib/scilab/libscixml.so.2024.1.0
71477d500000-71477d504000 ---p 00000000 00:00 0 
71477d504000-71477d600000 rw-p 00000000 00:00 0 
71477d600000-71477d61b000 r-xp 00000000 103:07 57949078                  /home/bgodfrey/CASPER/Scilab/scilab-2024.1.0/lib/scilab/libscifunctions_manager.so.2024.1.0
71477d61b000-71477d81b000 ---p 0001b000 103:07 57949078                  /home/bgodfrey/CASPER/Scilab/scilab-2024.1.0/lib/scilab/libscifunctions_manager.so.2024.1.0
71477d81b000-71477d81c000 r--p 0001b000 103:07 57949078                  /home/bgodfrey/CASPER/Scilab/scilab-2024.1.0/lib/scilab/libscifunctions_manager.so.2024.1.0
71477d81c000-71477d81d000 rw-p 0001c000 103:07 57949078                  /home/bgodfrey/CASPER/Scilab/scilab-2024.1.0/lib/scilab/libscifunctions_manager.so.2024.1.0
71477d81d000-71477d822000 rw-p 00080000 103:07 57949078                  /home/bgodfrey/CASPER/Scilab/scilab-2024.1.0/lib/scilab/libscifunctions_manager.so.2024.1.0
71477d87e000-71477d8fe000 rw-s 00000000 00:01 39059494                   /SYSV00000000 (deleted)
71477d8fe000-71477d8ff000 ---p 00000000 00:00 0 
71477d8ff000-71477da00000 rw-p 00000000 00:00 0 
71477da00000-71477dfdc000 r-xp 00000000 103:07 57949242                  /home/bgodfrey/CASPER/Scilab/scilab-2024.1.0/lib/scilab/libsciast.so.2024.1.0
71477dfdc000-71477e1dc000 ---p 005dc000 103:07 57949242                  /home/bgodfrey/CASPER/Scilab/scilab-2024.1.0/lib/scilab/libsciast.so.2024.1.0
71477e1dc000-71477e1f8000 r--p 005dc000 103:07 57949242                  /home/bgodfrey/CASPER/Scilab/scilab-2024.1.0/lib/scilab/libsciast.so.2024.1.0
71477e1f8000-71477e1fc000 rw-p 005f8000 103:07 57949242                  /home/bgodfrey/CASPER/Scilab/scilab-2024.1.0/lib/scilab/libsciast.so.2024.1.0
71477e1fc000-71477e238000 rw-p 00000000 00:00 0 
71477e238000-71477e2d8000 rw-p 015d2000 103:07 57949242                  /home/bgodfrey/CASPER/Scilab/scilab-2024.1.0/lib/scilab/libsciast.so.2024.1.0
71477e2fe000-71477e2ff000 ---p 00000000 00:00 0 
71477e2ff000-71477e400000 rw-p 00000000 00:00 0 
71477e400000-71477e41d000 r-xp 00000000 103:07 57949122                  /home/bgodfrey/CASPER/Scilab/scilab-2024.1.0/lib/scilab/libscistatistics.so.2024.1.0
71477e41d000-71477e61c000 ---p 0001d000 103:07 57949122                  /home/bgodfrey/CASPER/Scilab/scilab-2024.1.0/lib/scilab/libscistatistics.so.2024.1.0
71477e61c000-71477e61d000 r--p 0001c000 103:07 57949122                  /home/bgodfrey/CASPER/Scilab/scilab-2024.1.0/lib/scilab/libscistatistics.so.2024.1.0
71477e61d000-71477e61e000 rw-p 0001d000 103:07 57949122                  /home/bgodfrey/CASPER/Scilab/scilab-2024.1.0/lib/scilab/libscistatistics.so.2024.1.0
71477e61e000-71477e61f000 rw-p 00041000 103:07 57949122                  /home/bgodfrey/CASPER/Scilab/scilab-2024.1.0/lib/scilab/libscistatistics.so.2024.1.0
71477e676000-71477e678000 r--p 00000000 103:07 57952148                  /home/bgodfrey/CASPER/Scilab/scilab-2024.1.0/thirdparty/java/lib/libjavajpeg.so
71477e678000-71477e6a5000 r-xp 00002000 103:07 57952148                  /home/bgodfrey/CASPER/Scilab/scilab-2024.1.0/thirdparty/java/lib/libjavajpeg.so
71477e6a5000-71477e6ac000 r--p 0002f000 103:07 57952148                  /home/bgodfrey/CASPER/Scilab/scilab-2024.1.0/thirdparty/java/lib/libjavajpeg.so
71477e6ac000-71477e6ad000 r--p 00035000 103:07 57952148                  /home/bgodfrey/CASPER/Scilab/scilab-2024.1.0/thirdparty/java/lib/libjavajpeg.so
71477e6ad000-71477e6ae000 rw-p 00036000 103:07 57952148                  /home/bgodfrey/CASPER/Scilab/scilab-2024.1.0/thirdparty/java/lib/libjavajpeg.so
71477e6ae000-71477e6fe000 r--p 00000000 103:07 42081383                  /usr/share/icons/Humanity/icon-theme.cache
71477e6fe000-71477e6ff000 ---p 00000000 00:00 0 
71477e6ff000-71477e800000 rw-p 00000000 00:00 0 
71477e800000-71477e8fc000 r-xp 00000000 103:07 57949369                  /home/bgodfrey/CASPER/Scilab/scilab-2024.1.0/lib/thirdparty/libfftw3.so.3.3.2
71477e8fc000-71477eafb000 ---p 000fc000 103:07 57949369                  /home/bgodfrey/CASPER/Scilab/scilab-2024.1.0/lib/thirdparty/libfftw3.so.3.3.2
71477eafb000-71477eb02000 r--p 000fb000 103:07 57949369                  /home/bgodfrey/CASPER/Scilab/scilab-2024.1.0/lib/thirdparty/libfftw3.so.3.3.2
71477eb02000-71477eb03000 rw-p 00102000 103:07 57949369                  /home/bgodfrey/CASPER/Scilab/scilab-2024.1.0/lib/thirdparty/libfftw3.so.3.3.2
71477eb23000-71477eb4f000 r--s 00000000 103:07 40897687                  /usr/share/mime/mime.cache
71477eb4f000-71477eb7d000 r--p 00000000 103:07 42089626                  /usr/share/icons/Yaru/icon-theme.cache
71477eb7d000-71477eb8d000 r--p 00000000 103:07 39977450                  /usr/lib/x86_64-linux-gnu/libibus-1.0.so.5.0.529
71477eb8d000-71477ebc5000 r-xp 00010000 103:07 39977450                  /usr/lib/x86_64-linux-gnu/libibus-1.0.so.5.0.529
71477ebc5000-71477ebfd000 r--p 00048000 103:07 39977450                  /usr/lib/x86_64-linux-gnu/libibus-1.0.so.5.0.529
71477ebfd000-71477ebff000 r--p 00080000 103:07 39977450                  /usr/lib/x86_64-linux-gnu/libibus-1.0.so.5.0.529
71477ebff000-71477ec00000 rw-p 00082000 103:07 39977450                  /usr/lib/x86_64-linux-gnu/libibus-1.0.so.5.0.529
71477ec00000-71477ec1f000 r-xp 00000000 103:07 57949376                  /home/bgodfrey/CASPER/Scilab/scilab-2024.1.0/lib/thirdparty/libhdf5_hl.so.100.1.7
71477ec1f000-71477ee1e000 ---p 0001f000 103:07 57949376                  /home/bgodfrey/CASPER/Scilab/scilab-2024.1.0/lib/thirdparty/libhdf5_hl.so.100.1.7
71477ee1e000-71477ee1f000 r--p 0001e000 103:07 57949376                  /home/bgodfrey/CASPER/Scilab/scilab-2024.1.0/lib/thirdparty/libhdf5_hl.so.100.1.7
71477ee1f000-71477ee20000 rw-p 0001f000 103:07 57949376                  /home/bgodfrey/CASPER/Scilab/scilab-2024.1.0/lib/thirdparty/libhdf5_hl.so.100.1.7
71477ee20000-71477ee21000 rw-p 00000000 00:00 0 
71477ee4b000-71477eeff000 r--p 00000000 103:07 43128716                  /usr/share/themes/Yaru-dark/gtk-3.0/gtk.gresource
71477eeff000-71477f000000 rw-p 00000000 00:00 0 
71477f000000-71477f38c000 r-xp 00000000 103:07 57949379                  /home/bgodfrey/CASPER/Scilab/scilab-2024.1.0/lib/thirdparty/libhdf5.so.103.4.0
71477f38c000-71477f58c000 ---p 0038c000 103:07 57949379                  /home/bgodfrey/CASPER/Scilab/scilab-2024.1.0/lib/thirdparty/libhdf5.so.103.4.0
71477f58c000-71477f596000 r--p 0038c000 103:07 57949379                  /home/bgodfrey/CASPER/Scilab/scilab-2024.1.0/lib/thirdparty/libhdf5.so.103.4.0
71477f596000-71477f59f000 rw-p 00396000 103:07 57949379                  /home/bgodfrey/CASPER/Scilab/scilab-2024.1.0/lib/thirdparty/libhdf5.so.103.4.0
71477f59f000-71477f5a1000 rw-p 00000000 00:00 0 
71477f5ac000-71477f600000 r--p 00000000 103:07 41552782                  /usr/share/fonts/truetype/dejavu/DejaVuSansMono.ttf
71477f600000-71477f75a000 r-xp 00000000 103:07 57949118                  /home/bgodfrey/CASPER/Scilab/scilab-2024.1.0/lib/scilab/libscihdf5.so.2024.1.0
71477f75a000-71477f95a000 ---p 0015a000 103:07 57949118                  /home/bgodfrey/CASPER/Scilab/scilab-2024.1.0/lib/scilab/libscihdf5.so.2024.1.0
71477f95a000-71477f969000 r--p 0015a000 103:07 57949118                  /home/bgodfrey/CASPER/Scilab/scilab-2024.1.0/lib/scilab/libscihdf5.so.2024.1.0
71477f969000-71477f96b000 rw-p 00169000 103:07 57949118                  /home/bgodfrey/CASPER/Scilab/scilab-2024.1.0/lib/scilab/libscihdf5.so.2024.1.0
71477f96b000-71477f96c000 rw-p 00000000 00:00 0 
71477f96c000-71477f992000 rw-p 00581000 103:07 57949118                  /home/bgodfrey/CASPER/Scilab/scilab-2024.1.0/lib/scilab/libscihdf5.so.2024.1.0
71477f999000-71477f99b000 r--p 00000000 103:07 57952131                  /home/bgodfrey/CASPER/Scilab/scilab-2024.1.0/thirdparty/java/lib/libmanagement_ext.so
71477f99b000-71477f99e000 r-xp 00002000 103:07 57952131                  /home/bgodfrey/CASPER/Scilab/scilab-2024.1.0/thirdparty/java/lib/libmanagement_ext.so
71477f99e000-71477f99f000 r--p 00005000 103:07 57952131                  /home/bgodfrey/CASPER/Scilab/scilab-2024.1.0/thirdparty/java/lib/libmanagement_ext.so
71477f99f000-71477f9a0000 ---p 00006000 103:07 57952131                  /home/bgodfrey/CASPER/Scilab/scilab-2024.1.0/thirdparty/java/lib/libmanagement_ext.so
71477f9a0000-71477f9a1000 r--p 00006000 103:07 57952131                  /home/bgodfrey/CASPER/Scilab/scilab-2024.1.0/thirdparty/java/lib/libmanagement_ext.so
71477f9a1000-71477f9a2000 rw-p 00007000 103:07 57952131                  /home/bgodfrey/CASPER/Scilab/scilab-2024.1.0/thirdparty/java/lib/libmanagement_ext.so
71477f9a2000-71477fa00000 r--s 00000000 103:07 32792112                  /var/cache/fontconfig/2300eef321c393bfd76478a5c0e95b23-le64.cache-9
71477fa00000-71477fa02000 r-xp 00000000 103:07 57949402                  /home/bgodfrey/CASPER/Scilab/scilab-2024.1.0/lib/thirdparty/libpcreposix.so.0.0.3
71477fa02000-71477fc01000 ---p 00002000 103:07 57949402                  /home/bgodfrey/CASPER/Scilab/scilab-2024.1.0/lib/thirdparty/libpcreposix.so.0.0.3
71477fc01000-71477fc02000 r--p 00001000 103:07 57949402                  /home/bgodfrey/CASPER/Scilab/scilab-2024.1.0/lib/thirdparty/libpcreposix.so.0.0.3
71477fc02000-71477fc03000 rw-p 00002000 103:07 57949402                  /home/bgodfrey/CASPER/Scilab/scilab-2024.1.0/lib/thirdparty/libpcreposix.so.0.0.3
71477fc04000-71477fc2e000 r--p 00000000 103:07 39977038                  /usr/lib/x86_64-linux-gnu/libgdk-3.so.0.2409.32
71477fc2e000-71477fcb2000 r-xp 0002a000 103:07 39977038                  /usr/lib/x86_64-linux-gnu/libgdk-3.so.0.2409.32
71477fcb2000-71477fcf4000 r--p 000ae000 103:07 39977038                  /usr/lib/x86_64-linux-gnu/libgdk-3.so.0.2409.32
71477fcf4000-71477fcfd000 r--p 000ef000 103:07 39977038                  /usr/lib/x86_64-linux-gnu/libgdk-3.so.0.2409.32
71477fcfd000-71477fcff000 rw-p 000f8000 103:07 39977038                  /usr/lib/x86_64-linux-gnu/libgdk-3.so.0.2409.32
71477fcff000-71477fe00000 rw-p 00000000 00:00 0 
71477fe00000-71477fe43000 r-xp 00000000 103:07 57949405                  /home/bgodfrey/CASPER/Scilab/scilab-2024.1.0/lib/thirdparty/libpcre.so.1.2.6
71477fe43000-714780042000 ---p 00043000 103:07 57949405                  /home/bgodfrey/CASPER/Scilab/scilab-2024.1.0/lib/thirdparty/libpcre.so.1.2.6
714780042000-714780043000 r--p 00042000 103:07 57949405                  /home/bgodfrey/CASPER/Scilab/scilab-2024.1.0/lib/thirdparty/libpcre.so.1.2.6
714780043000-714780044000 rw-p 00043000 103:07 57949405                  /home/bgodfrey/CASPER/Scilab/scilab-2024.1.0/lib/thirdparty/libpcre.so.1.2.6
71478004a000-71478004b000 rw-p 00000000 00:00 0 
71478004b000-71478004c000 r--p 00000000 103:07 39980246                  /usr/lib/x86_64-linux-gnu/libnss_mdns4_minimal.so.2
71478004c000-71478004e000 r-xp 00001000 103:07 39980246                  /usr/lib/x86_64-linux-gnu/libnss_mdns4_minimal.so.2
71478004e000-71478004f000 r--p 00003000 103:07 39980246                  /usr/lib/x86_64-linux-gnu/libnss_mdns4_minimal.so.2
71478004f000-714780050000 r--p 00003000 103:07 39980246                  /usr/lib/x86_64-linux-gnu/libnss_mdns4_minimal.so.2
714780050000-714780051000 rw-p 00004000 103:07 39980246                  /usr/lib/x86_64-linux-gnu/libnss_mdns4_minimal.so.2
714780051000-714780054000 r--p 00000000 103:07 57952124                  /home/bgodfrey/CASPER/Scilab/scilab-2024.1.0/thirdparty/java/lib/libmanagement.so
714780054000-714780055000 r-xp 00003000 103:07 57952124                  /home/bgodfrey/CASPER/Scilab/scilab-2024.1.0/thirdparty/java/lib/libmanagement.so
714780055000-714780056000 r--p 00004000 103:07 57952124                  /home/bgodfrey/CASPER/Scilab/scilab-2024.1.0/thirdparty/java/lib/libmanagement.so
714780056000-714780057000 r--p 00004000 103:07 57952124                  /home/bgodfrey/CASPER/Scilab/scilab-2024.1.0/thirdparty/java/lib/libmanagement.so
714780057000-714780058000 rw-p 00005000 103:07 57952124                  /home/bgodfrey/CASPER/Scilab/scilab-2024.1.0/thirdparty/java/lib/libmanagement.so
714780058000-714780059000 r--p 00000000 103:07 40763616                  /usr/lib/x86_64-linux-gnu/gdk-pixbuf-2.0/2.10.0/loaders/libpixbufloader-svg.so
714780059000-71478005a000 r-xp 00001000 103:07 40763616                  /usr/lib/x86_64-linux-gnu/gdk-pixbuf-2.0/2.10.0/loaders/libpixbufloader-svg.so
71478005a000-71478005b000 r--p 00002000 103:07 40763616                  /usr/lib/x86_64-linux-gnu/gdk-pixbuf-2.0/2.10.0/loaders/libpixbufloader-svg.so
71478005b000-71478005c000 r--p 00002000 103:07 40763616                  /usr/lib/x86_64-linux-gnu/gdk-pixbuf-2.0/2.10.0/loaders/libpixbufloader-svg.so
71478005c000-71478005d000 rw-p 00003000 103:07 40763616                  /usr/lib/x86_64-linux-gnu/gdk-pixbuf-2.0/2.10.0/loaders/libpixbufloader-svg.so
71478005d000-71478005e000 r--s 00000000 103:07 57159002                  /home/bgodfrey/.local/share/mime/mime.cache
71478005e000-714780067000 r--p 00000000 103:07 42103792                  /usr/share/icons/hicolor/icon-theme.cache
714780067000-714780071000 r--p 00000000 103:07 42091125                  /usr/share/icons/Adwaita/icon-theme.cache
714780071000-714780072000 r--p 00000000 103:07 57952155                  /home/bgodfrey/CASPER/Scilab/scilab-2024.1.0/thirdparty/java/lib/libextnet.so
714780072000-714780073000 r-xp 00001000 103:07 57952155                  /home/bgodfrey/CASPER/Scilab/scilab-2024.1.0/thirdparty/java/lib/libextnet.so
714780073000-714780074000 r--p 00002000 103:07 57952155                  /home/bgodfrey/CASPER/Scilab/scilab-2024.1.0/thirdparty/java/lib/libextnet.so
714780074000-714780075000 r--p 00002000 103:07 57952155                  /home/bgodfrey/CASPER/Scilab/scilab-2024.1.0/thirdparty/java/lib/libextnet.so
714780075000-714780076000 rw-p 00003000 103:07 57952155                  /home/bgodfrey/CASPER/Scilab/scilab-2024.1.0/thirdparty/java/lib/libextnet.so
714780076000-714780079000 r--p 00000000 103:07 40763591                  /usr/lib/x86_64-linux-gnu/gtk-3.0/3.0.0/immodules/im-ibus.so
714780079000-71478007d000 r-xp 00003000 103:07 40763591                  /usr/lib/x86_64-linux-gnu/gtk-3.0/3.0.0/immodules/im-ibus.so
71478007d000-71478007f000 r--p 00007000 103:07 40763591                  /usr/lib/x86_64-linux-gnu/gtk-3.0/3.0.0/immodules/im-ibus.so
71478007f000-714780080000 r--p 00008000 103:07 40763591                  /usr/lib/x86_64-linux-gnu/gtk-3.0/3.0.0/immodules/im-ibus.so
714780080000-714780081000 rw-p 00009000 103:07 40763591                  /usr/lib/x86_64-linux-gnu/gtk-3.0/3.0.0/immodules/im-ibus.so
714780081000-71478008f000 r--s 00000000 103:07 32792114                  /var/cache/fontconfig/a4e60e8d1e10d2fdff3fe3037a1845fb-le64.cache-9
71478008f000-714780094000 r--s 00000000 103:07 32772875                  /var/cache/fontconfig/6aa41aa22e18b8fa06a12da28ea9c28b-le64.cache-9
714780094000-71478009d000 r--s 00000000 103:07 32792108                  /var/cache/fontconfig/2151c34eae6ab8b65f2db52eba5f75d1-le64.cache-9
71478009d000-71478009f000 r--s 00000000 103:07 32792106                  /var/cache/fontconfig/14a5e22175779b556eaa434240950366-le64.cache-9
71478009f000-7147800a0000 r--s 00000000 103:07 32792105                  /var/cache/fontconfig/660208299946a285a940457d1287da33-le64.cache-9
7147800a0000-7147800a2000 r--s 00000000 103:07 32792104                  /var/cache/fontconfig/4f3e3037c9980c83b53a9351efadef62-le64.cache-9
7147800a2000-7147800a7000 r--s 00000000 103:07 32792101                  /var/cache/fontconfig/def309198bfa603429122923fa2bb2d4-le64.cache-9
7147800a7000-7147800ac000 r--s 00000000 103:07 32792100                  /var/cache/fontconfig/c57959a16110560c8d0fcea73374aeeb-le64.cache-9
7147800ac000-7147800ad000 r--s 00000000 103:07 32792099                  /var/cache/fontconfig/b872e6e592da6075ffa4ab0a1fcc0c75-le64.cache-9
7147800ad000-7147800ae000 r--s 00000000 103:07 32792098                  /var/cache/fontconfig/f6d4eedfaab2589bde49f7a3ff831d22-le64.cache-9
7147800ae000-7147800af000 r--s 00000000 103:07 32792097                  /var/cache/fontconfig/589f83ef4c36d296ce6e1c846f468f08-le64.cache-9
7147800af000-7147800b0000 r--s 00000000 103:07 32792096                  /var/cache/fontconfig/bab58bb527bb656aaa9f116d68a48d89-le64.cache-9
7147800b0000-7147800b1000 r--s 00000000 103:07 32792095                  /var/cache/fontconfig/2171a34dccabdb6bcbbc728186263178-le64.cache-9
7147800b1000-7147800b2000 r--s 00000000 103:07 32792094                  /var/cache/fontconfig/c5c45a61289222e0d30b1a26ef4effbe-le64.cache-9
7147800b2000-7147800ba000 r--s 00000000 103:07 32792083                  /var/cache/fontconfig/3047814df9a2f067bd2d96a2b9c36e5a-le64.cache-9
7147800ba000-7147800c3000 r--s 00000000 103:07 32792082                  /var/cache/fontconfig/bf3b770c553c462765856025a94f1ce6-le64.cache-9
7147800c3000-7147800da000 r--s 00000000 103:07 32792079                  /var/cache/fontconfig/d52a8644073d54c13679302ca1180695-le64.cache-9
7147800da000-7147800e1000 r--s 00000000 103:07 32792078                  /var/cache/fontconfig/7ab2eb8330e5664a2b0e875ad8d37ad9-le64.cache-9
7147800e1000-7147800ee000 r--s 00000000 103:07 32776611                  /var/cache/fontconfig/d589a48862398ed80a3d6066f4f56f4c-le64.cache-9
7147800ee000-7147800ff000 r--s 00000000 103:07 32792040                  /var/cache/fontconfig/9b89f8e3dae116d678bbf48e5f21f69b-le64.cache-9
7147800ff000-714780200000 rw-p 00000000 00:00 0 
714780200000-714780212000 r-xp 00000000 103:07 57949114                  /home/bgodfrey/CASPER/Scilab/scilab-2024.1.0/lib/scilab/libscihistory_manager.so.2024.1.0
714780212000-714780412000 ---p 00012000 103:07 57949114                  /home/bgodfrey/CASPER/Scilab/scilab-2024.1.0/lib/scilab/libscihistory_manager.so.2024.1.0
714780412000-714780413000 r--p 00012000 103:07 57949114                  /home/bgodfrey/CASPER/Scilab/scilab-2024.1.0/lib/scilab/libscihistory_manager.so.2024.1.0
714780413000-714780414000 rw-p 00013000 103:07 57949114                  /home/bgodfrey/CASPER/Scilab/scilab-2024.1.0/lib/scilab/libscihistory_manager.so.2024.1.0
714780414000-714780417000 rw-p 00056000 103:07 57949114                  /home/bgodfrey/CASPER/Scilab/scilab-2024.1.0/lib/scilab/libscihistory_manager.so.2024.1.0
714780417000-714780427000 r--s 00000000 103:07 32792042                  /var/cache/fontconfig/6cc790b63b123a6a96ee260fcdad32a9-le64.cache-9
714780427000-714780432000 r--s 00000000 103:07 32792039                  /var/cache/fontconfig/d0972c3d32f097851eb916381fc38920-le64.cache-9
714780432000-71478045e000 r--s 00000000 103:07 32771593                  /var/cache/fontconfig/e13b20fdb08344e0e664864cc2ede53d-le64.cache-9
71478045e000-71478046d000 r--s 00000000 103:07 32792118                  /var/cache/fontconfig/8f02d4cb045bd6ce15663e43f347c9f8-le64.cache-9
71478046d000-71478046f000 r--p 00000000 103:07 39981009                  /usr/lib/x86_64-linux-gnu/libogg.so.0.8.5
71478046f000-714780472000 r-xp 00002000 103:07 39981009                  /usr/lib/x86_64-linux-gnu/libogg.so.0.8.5
714780472000-714780475000 r--p 00005000 103:07 39981009                  /usr/lib/x86_64-linux-gnu/libogg.so.0.8.5
714780475000-714780476000 r--p 00007000 103:07 39981009                  /usr/lib/x86_64-linux-gnu/libogg.so.0.8.5
714780476000-714780477000 rw-p 00008000 103:07 39981009                  /usr/lib/x86_64-linux-gnu/libogg.so.0.8.5
714780477000-71478047a000 r--p 00000000 103:07 39980611                  /usr/lib/x86_64-linux-gnu/libvorbis.so.0.4.9
71478047a000-714780492000 r-xp 00003000 103:07 39980611                  /usr/lib/x86_64-linux-gnu/libvorbis.so.0.4.9
714780492000-7147804a3000 r--p 0001b000 103:07 39980611                  /usr/lib/x86_64-linux-gnu/libvorbis.so.0.4.9
7147804a3000-7147804a4000 r--p 0002b000 103:07 39980611                  /usr/lib/x86_64-linux-gnu/libvorbis.so.0.4.9
7147804a4000-7147804a5000 rw-p 0002c000 103:07 39980611                  /usr/lib/x86_64-linux-gnu/libvorbis.so.0.4.9
7147804a5000-7147804a9000 r--p 00000000 103:07 39984847                  /usr/lib/x86_64-linux-gnu/libtdb.so.1.4.10
7147804a9000-7147804b7000 r-xp 00004000 103:07 39984847                  /usr/lib/x86_64-linux-gnu/libtdb.so.1.4.10
7147804b7000-7147804bc000 r--p 00012000 103:07 39984847                  /usr/lib/x86_64-linux-gnu/libtdb.so.1.4.10
7147804bc000-7147804bd000 r--p 00016000 103:07 39984847                  /usr/lib/x86_64-linux-gnu/libtdb.so.1.4.10
7147804bd000-7147804be000 rw-p 00017000 103:07 39984847                  /usr/lib/x86_64-linux-gnu/libtdb.so.1.4.10
7147804be000-7147804d0000 r--p 00000000 103:07 40632959                  /usr/lib/x86_64-linux-gnu/gvfs/libgvfscommon.so
7147804d0000-7147804ec000 r-xp 00012000 103:07 40632959                  /usr/lib/x86_64-linux-gnu/gvfs/libgvfscommon.so
7147804ec000-7147804f8000 r--p 0002e000 103:07 40632959                  /usr/lib/x86_64-linux-gnu/gvfs/libgvfscommon.so
7147804f8000-7147804fe000 r--p 00039000 103:07 40632959                  /usr/lib/x86_64-linux-gnu/gvfs/libgvfscommon.so
7147804fe000-7147804ff000 rw-p 0003f000 103:07 40632959                  /usr/lib/x86_64-linux-gnu/gvfs/libgvfscommon.so
7147804ff000-714780600000 rw-p 00000000 00:00 0 
714780600000-714780613000 r-xp 00000000 103:07 57949110                  /home/bgodfrey/CASPER/Scilab/scilab-2024.1.0/lib/scilab/libscicompletion.so.2024.1.0
714780613000-714780813000 ---p 00013000 103:07 57949110                  /home/bgodfrey/CASPER/Scilab/scilab-2024.1.0/lib/scilab/libscicompletion.so.2024.1.0
714780813000-714780814000 r--p 00013000 103:07 57949110                  /home/bgodfrey/CASPER/Scilab/scilab-2024.1.0/lib/scilab/libscicompletion.so.2024.1.0
714780814000-714780815000 rw-p 00014000 103:07 57949110                  /home/bgodfrey/CASPER/Scilab/scilab-2024.1.0/lib/scilab/libscicompletion.so.2024.1.0
714780815000-714780819000 rw-p 00060000 103:07 57949110                  /home/bgodfrey/CASPER/Scilab/scilab-2024.1.0/lib/scilab/libscicompletion.so.2024.1.0
714780819000-71478081a000 r--s 00000000 103:07 32792093                  /var/cache/fontconfig/aec30016f93e1b46d1a973dce0d74068-le64.cache-9
71478081a000-71478081b000 r--s 00000000 103:07 32792089                  /var/cache/fontconfig/3f589640d34b7dc9042c8d453f7c8b9c-le64.cache-9
71478081b000-71478081f000 r--s 00000000 103:07 32789922                  /var/cache/fontconfig/e49e89034d371f0f9de17aab02136486-le64.cache-9
71478081f000-714780835000 r--p 00000000 103:07 39980277                  /usr/lib/x86_64-linux-gnu/libsystemd.so.0.38.0
714780835000-7147808c4000 r-xp 00016000 103:07 39980277                  /usr/lib/x86_64-linux-gnu/libsystemd.so.0.38.0
7147808c4000-7147808f2000 r--p 000a5000 103:07 39980277                  /usr/lib/x86_64-linux-gnu/libsystemd.so.0.38.0
7147808f2000-7147808fd000 r--p 000d2000 103:07 39980277                  /usr/lib/x86_64-linux-gnu/libsystemd.so.0.38.0
7147808fd000-7147808fe000 rw-p 000dd000 103:07 39980277                  /usr/lib/x86_64-linux-gnu/libsystemd.so.0.38.0
7147808fe000-714780a00000 rw-p 00000000 00:00 0 
714780a00000-714780a1e000 r-xp 00000000 103:07 57949106                  /home/bgodfrey/CASPER/Scilab/scilab-2024.1.0/lib/scilab/libscispecial_functions.so.2024.1.0
714780a1e000-714780c1e000 ---p 0001e000 103:07 57949106                  /home/bgodfrey/CASPER/Scilab/scilab-2024.1.0/lib/scilab/libscispecial_functions.so.2024.1.0
714780c1e000-714780c1f000 r--p 0001e000 103:07 57949106                  /home/bgodfrey/CASPER/Scilab/scilab-2024.1.0/lib/scilab/libscispecial_functions.so.2024.1.0
714780c1f000-714780c20000 rw-p 0001f000 103:07 57949106                  /home/bgodfrey/CASPER/Scilab/scilab-2024.1.0/lib/scilab/libscispecial_functions.so.2024.1.0
714780c20000-714780c21000 rw-p 00045000 103:07 57949106                  /home/bgodfrey/CASPER/Scilab/scilab-2024.1.0/lib/scilab/libscispecial_functions.so.2024.1.0
714780c21000-714780c22000 r--s 00000000 103:07 32792088                  /var/cache/fontconfig/16c2fda60d1b4b719f4b3d06fd951d25-le64.cache-9
714780c22000-714780c23000 r--s 00000000 103:07 32792087                  /var/cache/fontconfig/a48eab177a16e4f3713381162db2f3e9-le64.cache-9
714780c23000-714780c26000 r--s 00000000 103:07 32792056                  /var/cache/fontconfig/f259c2cffa685e28062317905db73c4a-le64.cache-9
714780c26000-714780c4b000 r--s 00000000 103:07 32770747                  /var/cache/fontconfig/467c019e582ee353435ea5c21d137ef6-le64.cache-9
714780c4b000-714780cff000 r--p 00000000 103:07 43128716                  /usr/share/themes/Yaru-dark/gtk-3.0/gtk.gresource
714780cff000-714780e00000 rw-p 00000000 00:00 0 
714780e00000-714780e12000 r-xp 00000000 103:07 57949102                  /home/bgodfrey/CASPER/Scilab/scilab-2024.1.0/lib/scilab/libscilocalization.so.2024.1.0
714780e12000-714781011000 ---p 00012000 103:07 57949102                  /home/bgodfrey/CASPER/Scilab/scilab-2024.1.0/lib/scilab/libscilocalization.so.2024.1.0
714781011000-714781013000 r--p 00011000 103:07 57949102                  /home/bgodfrey/CASPER/Scilab/scilab-2024.1.0/lib/scilab/libscilocalization.so.2024.1.0
714781013000-714781014000 rw-p 00013000 103:07 57949102                  /home/bgodfrey/CASPER/Scilab/scilab-2024.1.0/lib/scilab/libscilocalization.so.2024.1.0
714781014000-714781016000 rw-p 0003c000 103:07 57949102                  /home/bgodfrey/CASPER/Scilab/scilab-2024.1.0/lib/scilab/libscilocalization.so.2024.1.0
714781016000-714781019000 r--s 00000000 103:07 32792054                  /var/cache/fontconfig/674d1711f2d1d2a09646eb0bdcadee49-le64.cache-9
714781019000-71478101d000 r--s 00000000 103:07 32789917                  /var/cache/fontconfig/246184dc75a16901ca37d96895904249-le64.cache-9
71478101d000-714781027000 r--p 00000000 103:07 40763607                  /usr/lib/x86_64-linux-gnu/gio/modules/libgvfsdbus.so
714781027000-714781045000 r-xp 0000a000 103:07 40763607                  /usr/lib/x86_64-linux-gnu/gio/modules/libgvfsdbus.so
714781045000-71478104d000 r--p 00028000 103:07 40763607                  /usr/lib/x86_64-linux-gnu/gio/modules/libgvfsdbus.so
71478104d000-71478104f000 r--p 00030000 103:07 40763607                  /usr/lib/x86_64-linux-gnu/gio/modules/libgvfsdbus.so
71478104f000-714781050000 rw-p 00032000 103:07 40763607                  /usr/lib/x86_64-linux-gnu/gio/modules/libgvfsdbus.so
714781050000-714781054000 r--p 00000000 103:07 39980584                  /usr/lib/x86_64-linux-gnu/libgpg-error.so.0.34.0
714781054000-71478106a000 r-xp 00004000 103:07 39980584                  /usr/lib/x86_64-linux-gnu/libgpg-error.so.0.34.0
71478106a000-714781073000 r--p 0001a000 103:07 39980584                  /usr/lib/x86_64-linux-gnu/libgpg-error.so.0.34.0
714781073000-714781074000 r--p 00023000 103:07 39980584                  /usr/lib/x86_64-linux-gnu/libgpg-error.so.0.34.0
714781074000-714781075000 rw-p 00024000 103:07 39980584                  /usr/lib/x86_64-linux-gnu/libgpg-error.so.0.34.0
714781075000-71478107c000 r--p 00000000 103:07 39978445                  /usr/lib/x86_64-linux-gnu/libblkid.so.1.1.0
71478107c000-7147810a0000 r-xp 00007000 103:07 39978445                  /usr/lib/x86_64-linux-gnu/libblkid.so.1.1.0
7147810a0000-7147810a9000 r--p 0002b000 103:07 39978445                  /usr/lib/x86_64-linux-gnu/libblkid.so.1.1.0
7147810a9000-7147810af000 r--p 00033000 103:07 39978445                  /usr/lib/x86_64-linux-gnu/libblkid.so.1.1.0
7147810af000-7147810b0000 rw-p 00039000 103:07 39978445                  /usr/lib/x86_64-linux-gnu/libblkid.so.1.1.0
7147810b0000-7147810bc000 r--p 00000000 103:07 39977930                  /usr/lib/x86_64-linux-gnu/libdbus-1.so.3.32.4
7147810bc000-7147810ec000 r-xp 0000c000 103:07 39977930                  /usr/lib/x86_64-linux-gnu/libdbus-1.so.3.32.4
7147810ec000-7147810fd000 r--p 0003c000 103:07 39977930                  /usr/lib/x86_64-linux-gnu/libdbus-1.so.3.32.4
7147810fd000-7147810fe000 r--p 0004c000 103:07 39977930                  /usr/lib/x86_64-linux-gnu/libdbus-1.so.3.32.4
7147810fe000-7147810ff000 rw-p 0004d000 103:07 39977930                  /usr/lib/x86_64-linux-gnu/libdbus-1.so.3.32.4
7147810ff000-714781200000 rw-p 00000000 00:00 0 
714781200000-71478124c000 r-xp 00000000 103:07 57949357                  /home/bgodfrey/CASPER/Scilab/scilab-2024.1.0/lib/thirdparty/libarpack.so.2.0.0
71478124c000-71478144b000 ---p 0004c000 103:07 57949357                  /home/bgodfrey/CASPER/Scilab/scilab-2024.1.0/lib/thirdparty/libarpack.so.2.0.0
71478144b000-71478144c000 r--p 0004b000 103:07 57949357                  /home/bgodfrey/CASPER/Scilab/scilab-2024.1.0/lib/thirdparty/libarpack.so.2.0.0
71478144c000-71478144d000 rw-p 0004c000 103:07 57949357                  /home/bgodfrey/CASPER/Scilab/scilab-2024.1.0/lib/thirdparty/libarpack.so.2.0.0
71478144d000-71478144e000 r--s 00000000 103:07 32792086                  /var/cache/fontconfig/564b2e68ac9bc4e36a6f7f6d6125ec1c-le64.cache-9
71478144e000-71478144f000 r--s 00000000 103:07 32781572                  /var/cache/fontconfig/da43223dd54fb3bb4243ae19d4b583b2-le64.cache-9
71478144f000-714781451000 r--p 00000000 103:07 39979849                  /usr/lib/x86_64-linux-gnu/libltdl.so.7.3.2
714781451000-714781456000 r-xp 00002000 103:07 39979849                  /usr/lib/x86_64-linux-gnu/libltdl.so.7.3.2
714781456000-714781458000 r--p 00007000 103:07 39979849                  /usr/lib/x86_64-linux-gnu/libltdl.so.7.3.2
714781458000-714781459000 r--p 00008000 103:07 39979849                  /usr/lib/x86_64-linux-gnu/libltdl.so.7.3.2
714781459000-71478145a000 rw-p 00009000 103:07 39979849                  /usr/lib/x86_64-linux-gnu/libltdl.so.7.3.2
71478145a000-71478145d000 r--p 00000000 103:07 39979818                  /usr/lib/x86_64-linux-gnu/liblz4.so.1.9.4
71478145d000-714781478000 r-xp 00003000 103:07 39979818                  /usr/lib/x86_64-linux-gnu/liblz4.so.1.9.4
714781478000-71478147a000 r--p 0001e000 103:07 39979818                  /usr/lib/x86_64-linux-gnu/liblz4.so.1.9.4
71478147a000-71478147b000 r--p 00020000 103:07 39979818                  /usr/lib/x86_64-linux-gnu/liblz4.so.1.9.4
71478147b000-71478147c000 rw-p 00021000 103:07 39979818                  /usr/lib/x86_64-linux-gnu/liblz4.so.1.9.4
71478147c000-714781480000 r--p 00000000 103:07 39979538                  /usr/lib/x86_64-linux-gnu/libjpeg.so.8.2.2
714781480000-7147814cd000 r-xp 00004000 103:07 39979538                  /usr/lib/x86_64-linux-gnu/libjpeg.so.8.2.2
7147814cd000-7147814fd000 r--p 00051000 103:07 39979538                  /usr/lib/x86_64-linux-gnu/libjpeg.so.8.2.2
7147814fd000-7147814fe000 r--p 00081000 103:07 39979538                  /usr/lib/x86_64-linux-gnu/libjpeg.so.8.2.2
7147814fe000-7147814ff000 rw-p 00082000 103:07 39979538                  /usr/lib/x86_64-linux-gnu/libjpeg.so.8.2.2
7147814ff000-714781600000 rw-p 00000000 00:00 0 
714781600000-71478160c000 r-xp 00000000 103:07 57949074                  /home/bgodfrey/CASPER/Scilab/scilab-2024.1.0/lib/scilab/libsciarnoldi.so.2024.1.0
71478160c000-71478180b000 ---p 0000c000 103:07 57949074                  /home/bgodfrey/CASPER/Scilab/scilab-2024.1.0/lib/scilab/libsciarnoldi.so.2024.1.0
71478180b000-71478180c000 r--p 0000b000 103:07 57949074                  /home/bgodfrey/CASPER/Scilab/scilab-2024.1.0/lib/scilab/libsciarnoldi.so.2024.1.0
71478180c000-71478180d000 rw-p 0000c000 103:07 57949074                  /home/bgodfrey/CASPER/Scilab/scilab-2024.1.0/lib/scilab/libsciarnoldi.so.2024.1.0
71478180d000-71478180e000 rw-p 00024000 103:07 57949074                  /home/bgodfrey/CASPER/Scilab/scilab-2024.1.0/lib/scilab/libsciarnoldi.so.2024.1.0
71478180e000-714781810000 r--s 00000000 103:07 32789920                  /var/cache/fontconfig/4b14b093aebc79c320de5e86ae1d3314-le64.cache-9
714781810000-714781816000 r--s 00000000 103:07 32792041                  /var/cache/fontconfig/da82082e1ef13c4097208324d67c180c-le64.cache-9
714781816000-714781826000 r--p 00000000 103:07 39979007                  /usr/lib/x86_64-linux-gnu/libatspi.so.0.0.1
714781826000-71478183f000 r-xp 00010000 103:07 39979007                  /usr/lib/x86_64-linux-gnu/libatspi.so.0.0.1
71478183f000-71478184c000 r--p 00029000 103:07 39979007                  /usr/lib/x86_64-linux-gnu/libatspi.so.0.0.1
71478184c000-71478184f000 r--p 00036000 103:07 39979007                  /usr/lib/x86_64-linux-gnu/libatspi.so.0.0.1
71478184f000-714781850000 rw-p 00039000 103:07 39979007                  /usr/lib/x86_64-linux-gnu/libatspi.so.0.0.1
714781850000-71478185a000 r--p 00000000 103:07 39982778                  /usr/lib/x86_64-linux-gnu/libpixman-1.so.0.42.2
71478185a000-7147818e7000 r-xp 0000a000 103:07 39982778                  /usr/lib/x86_64-linux-gnu/libpixman-1.so.0.42.2
7147818e7000-7147818f6000 r--p 00097000 103:07 39982778                  /usr/lib/x86_64-linux-gnu/libpixman-1.so.0.42.2
7147818f6000-7147818fe000 r--p 000a5000 103:07 39982778                  /usr/lib/x86_64-linux-gnu/libpixman-1.so.0.42.2
7147818fe000-7147818ff000 rw-p 000ad000 103:07 39982778                  /usr/lib/x86_64-linux-gnu/libpixman-1.so.0.42.2
7147818ff000-714781a00000 rw-p 00000000 00:00 0 
714781a00000-714781a09000 r-xp 00000000 103:07 57949421                  /home/bgodfrey/CASPER/Scilab/scilab-2024.1.0/lib/thirdparty/libamd.so.2.4.1
714781a09000-714781c08000 ---p 00009000 103:07 57949421                  /home/bgodfrey/CASPER/Scilab/scilab-2024.1.0/lib/thirdparty/libamd.so.2.4.1
714781c08000-714781c09000 r--p 00008000 103:07 57949421                  /home/bgodfrey/CASPER/Scilab/scilab-2024.1.0/lib/thirdparty/libamd.so.2.4.1
714781c09000-714781c0a000 rw-p 00009000 103:07 57949421                  /home/bgodfrey/CASPER/Scilab/scilab-2024.1.0/lib/thirdparty/libamd.so.2.4.1
714781c0a000-714781c0c000 r--s 00000000 103:07 32792055                  /var/cache/fontconfig/550f3886151c940c12a5ed35f6a00586-le64.cache-9
714781c0c000-714781c0e000 r--s 00000000 103:07 32774958                  /var/cache/fontconfig/9847559ead66962bfc5feeee9f80d7a0-le64.cache-9
714781c0e000-714781c10000 r--p 00000000 103:07 39977318                  /usr/lib/x86_64-linux-gnu/libvorbisfile.so.3.3.8
714781c10000-714781c15000 r-xp 00002000 103:07 39977318                  /usr/lib/x86_64-linux-gnu/libvorbisfile.so.3.3.8
714781c15000-714781c16000 r--p 00007000 103:07 39977318                  /usr/lib/x86_64-linux-gnu/libvorbisfile.so.3.3.8
714781c16000-714781c17000 r--p 00007000 103:07 39977318                  /usr/lib/x86_64-linux-gnu/libvorbisfile.so.3.3.8
714781c17000-714781c18000 rw-p 00008000 103:07 39977318                  /usr/lib/x86_64-linux-gnu/libvorbisfile.so.3.3.8
714781c18000-714781c21000 r--p 00000000 103:07 39978448                  /usr/lib/x86_64-linux-gnu/libmount.so.1.1.0
714781c21000-714781c55000 r-xp 00009000 103:07 39978448                  /usr/lib/x86_64-linux-gnu/libmount.so.1.1.0
714781c55000-714781c62000 r--p 0003d000 103:07 39978448                  /usr/lib/x86_64-linux-gnu/libmount.so.1.1.0
714781c62000-714781c64000 r--p 00049000 103:07 39978448                  /usr/lib/x86_64-linux-gnu/libmount.so.1.1.0
714781c64000-714781c65000 rw-p 0004b000 103:07 39978448                  /usr/lib/x86_64-linux-gnu/libmount.so.1.1.0
714781c65000-714781c67000 r--p 00000000 103:07 39983518                  /usr/lib/x86_64-linux-gnu/libpcre2-8.so.0.11.2
714781c67000-714781cd5000 r-xp 00002000 103:07 39983518                  /usr/lib/x86_64-linux-gnu/libpcre2-8.so.0.11.2
714781cd5000-714781cfd000 r--p 00070000 103:07 39983518                  /usr/lib/x86_64-linux-gnu/libpcre2-8.so.0.11.2
714781cfd000-714781cfe000 r--p 00097000 103:07 39983518                  /usr/lib/x86_64-linux-gnu/libpcre2-8.so.0.11.2
714781cfe000-714781cff000 rw-p 00098000 103:07 39983518                  /usr/lib/x86_64-linux-gnu/libpcre2-8.so.0.11.2
714781cff000-714781e00000 rw-p 00000000 00:00 0 
714781e00000-714781ec4000 r-xp 00000000 103:07 57949415                  /home/bgodfrey/CASPER/Scilab/scilab-2024.1.0/lib/thirdparty/libumfpack.so.5.7.1
714781ec4000-7147820c3000 ---p 000c4000 103:07 57949415                  /home/bgodfrey/CASPER/Scilab/scilab-2024.1.0/lib/thirdparty/libumfpack.so.5.7.1
7147820c3000-7147820c4000 r--p 000c3000 103:07 57949415                  /home/bgodfrey/CASPER/Scilab/scilab-2024.1.0/lib/thirdparty/libumfpack.so.5.7.1
7147820c4000-7147820c5000 rw-p 000c4000 103:07 57949415                  /home/bgodfrey/CASPER/Scilab/scilab-2024.1.0/lib/thirdparty/libumfpack.so.5.7.1
7147820c5000-7147820c6000 r--s 00000000 103:07 32792075                  /var/cache/fontconfig/370e5b74bf5dafc30834de68e24a87a4-le64.cache-9
7147820c6000-7147820ca000 r--s 00000000 103:07 32792038                  /var/cache/fontconfig/6afa1bb216ce958c1589e297e8008489-le64.cache-9
7147820ca000-7147820cf000 r--p 00000000 103:07 39982255                  /usr/lib/x86_64-linux-gnu/libxcb-render.so.0.0.0
7147820cf000-7147820d4000 r-xp 00005000 103:07 39982255                  /usr/lib/x86_64-linux-gnu/libxcb-render.so.0.0.0
7147820d4000-7147820d7000 r--p 0000a000 103:07 39982255                  /usr/lib/x86_64-linux-gnu/libxcb-render.so.0.0.0
7147820d7000-7147820d8000 r--p 0000c000 103:07 39982255                  /usr/lib/x86_64-linux-gnu/libxcb-render.so.0.0.0
7147820d8000-7147820d9000 rw-p 0000d000 103:07 39982255                  /usr/lib/x86_64-linux-gnu/libxcb-render.so.0.0.0
7147820d9000-7147820dc000 r--p 00000000 103:07 39980639                  /usr/lib/x86_64-linux-gnu/libgraphite2.so.3.2.1
7147820dc000-7147820f9000 r-xp 00003000 103:07 39980639                  /usr/lib/x86_64-linux-gnu/libgraphite2.so.3.2.1
7147820f9000-7147820fc000 r--p 00020000 103:07 39980639                  /usr/lib/x86_64-linux-gnu/libgraphite2.so.3.2.1
7147820fc000-7147820fe000 r--p 00022000 103:07 39980639                  /usr/lib/x86_64-linux-gnu/libgraphite2.so.3.2.1
7147820fe000-7147820ff000 rw-p 00024000 103:07 39980639                  /usr/lib/x86_64-linux-gnu/libgraphite2.so.3.2.1
7147820ff000-714782200000 rw-p 00000000 00:00 0 
714782200000-714782232000 r-xp 00000000 103:07 57949445                  /home/bgodfrey/CASPER/Scilab/scilab-2024.1.0/lib/thirdparty/libklu.so.1.3.3
714782232000-714782431000 ---p 00032000 103:07 57949445                  /home/bgodfrey/CASPER/Scilab/scilab-2024.1.0/lib/thirdparty/libklu.so.1.3.3
714782431000-714782432000 r--p 00031000 103:07 57949445                  /home/bgodfrey/CASPER/Scilab/scilab-2024.1.0/lib/thirdparty/libklu.so.1.3.3
714782432000-714782433000 rw-p 00032000 103:07 57949445                  /home/bgodfrey/CASPER/Scilab/scilab-2024.1.0/lib/thirdparty/libklu.so.1.3.3
714782433000-714782436000 r--p 00000000 103:07 39987316                  /usr/lib/x86_64-linux-gnu/libcap.so.2.66
714782436000-71478243c000 r-xp 00003000 103:07 39987316                  /usr/lib/x86_64-linux-gnu/libcap.so.2.66
71478243c000-71478243e000 r--p 00009000 103:07 39987316                  /usr/lib/x86_64-linux-gnu/libcap.so.2.66
71478243e000-71478243f000 r--p 0000b000 103:07 39987316                  /usr/lib/x86_64-linux-gnu/libcap.so.2.66
71478243f000-714782440000 rw-p 0000c000 103:07 39987316                  /usr/lib/x86_64-linux-gnu/libcap.so.2.66
714782440000-714782446000 r--p 00000000 103:07 39981423                  /usr/lib/x86_64-linux-gnu/libselinux.so.1
714782446000-714782463000 r-xp 00006000 103:07 39981423                  /usr/lib/x86_64-linux-gnu/libselinux.so.1
714782463000-714782469000 r--p 00023000 103:07 39981423                  /usr/lib/x86_64-linux-gnu/libselinux.so.1
714782469000-71478246a000 r--p 00029000 103:07 39981423                  /usr/lib/x86_64-linux-gnu/libselinux.so.1
71478246a000-71478246b000 rw-p 0002a000 103:07 39981423                  /usr/lib/x86_64-linux-gnu/libselinux.so.1
71478246b000-71478246d000 rw-p 00000000 00:00 0 
71478246d000-71478246f000 r--p 00000000 103:07 39987539                  /usr/lib/x86_64-linux-gnu/libXrandr.so.2.2.0
71478246f000-714782476000 r-xp 00002000 103:07 39987539                  /usr/lib/x86_64-linux-gnu/libXrandr.so.2.2.0
714782476000-714782478000 r--p 00009000 103:07 39987539                  /usr/lib/x86_64-linux-gnu/libXrandr.so.2.2.0
714782478000-714782479000 r--p 0000a000 103:07 39987539                  /usr/lib/x86_64-linux-gnu/libXrandr.so.2.2.0
714782479000-71478247a000 rw-p 0000b000 103:07 39987539                  /usr/lib/x86_64-linux-gnu/libXrandr.so.2.2.0
71478247a000-71478247f000 r--p 00000000 103:07 39977271                  /usr/lib/x86_64-linux-gnu/libxkbcommon.so.0.0.0
71478247f000-71478249f000 r-xp 00005000 103:07 39977271                  /usr/lib/x86_64-linux-gnu/libxkbcommon.so.0.0.0
71478249f000-7147824c0000 r--p 00025000 103:07 39977271                  /usr/lib/x86_64-linux-gnu/libxkbcommon.so.0.0.0
7147824c0000-7147824c2000 r--p 00045000 103:07 39977271                  /usr/lib/x86_64-linux-gnu/libxkbcommon.so.0.0.0
7147824c2000-7147824c3000 rw-p 00047000 103:07 39977271                  /usr/lib/x86_64-linux-gnu/libxkbcommon.so.0.0.0
7147824c3000-7147824cf000 r--p 00000000 103:07 39983794                  /usr/lib/x86_64-linux-gnu/libatk-bridge-2.0.so.0.0.0
7147824cf000-7147824e9000 r-xp 0000c000 103:07 39983794                  /usr/lib/x86_64-linux-gnu/libatk-bridge-2.0.so.0.0.0
7147824e9000-7147824fc000 r--p 00026000 103:07 39983794                  /usr/lib/x86_64-linux-gnu/libatk-bridge-2.0.so.0.0.0
7147824fc000-7147824fd000 r--p 00039000 103:07 39983794                  /usr/lib/x86_64-linux-gnu/libatk-bridge-2.0.so.0.0.0
7147824fd000-7147824ff000 rw-p 0003a000 103:07 39983794                  /usr/lib/x86_64-linux-gnu/libatk-bridge-2.0.so.0.0.0
7147824ff000-714782600000 rw-p 00000000 00:00 0 
714782600000-714782700000 r-xp 00000000 103:07 57949094                  /home/bgodfrey/CASPER/Scilab/scilab-2024.1.0/lib/scilab/libscisundials.so.2024.1.0
714782700000-714782900000 ---p 00100000 103:07 57949094                  /home/bgodfrey/CASPER/Scilab/scilab-2024.1.0/lib/scilab/libscisundials.so.2024.1.0
714782900000-714782901000 r--p 00100000 103:07 57949094                  /home/bgodfrey/CASPER/Scilab/scilab-2024.1.0/lib/scilab/libscisundials.so.2024.1.0
714782901000-714782903000 rw-p 00101000 103:07 57949094                  /home/bgodfrey/CASPER/Scilab/scilab-2024.1.0/lib/scilab/libscisundials.so.2024.1.0
714782903000-714782912000 rw-p 00468000 103:07 57949094                  /home/bgodfrey/CASPER/Scilab/scilab-2024.1.0/lib/scilab/libscisundials.so.2024.1.0
714782912000-714782913000 r--s 00000000 103:07 32792074                  /var/cache/fontconfig/6b2c5944714ca7831b25bed9e85cb5c8-le64.cache-9
714782913000-714782915000 r--p 00000000 103:07 39982992                  /usr/lib/x86_64-linux-gnu/libthai.so.0.3.1
714782915000-714782919000 r-xp 00002000 103:07 39982992                  /usr/lib/x86_64-linux-gnu/libthai.so.0.3.1
714782919000-71478291c000 r--p 00006000 103:07 39982992                  /usr/lib/x86_64-linux-gnu/libthai.so.0.3.1
71478291c000-71478291d000 r--p 00008000 103:07 39982992                  /usr/lib/x86_64-linux-gnu/libthai.so.0.3.1
71478291d000-71478291e000 rw-p 00009000 103:07 39982992                  /usr/lib/x86_64-linux-gnu/libthai.so.0.3.1
71478291e000-714782929000 r--p 00000000 103:07 39979020                  /usr/lib/x86_64-linux-gnu/libatk-1.0.so.0.25209.1
714782929000-714782939000 r-xp 0000b000 103:07 39979020                  /usr/lib/x86_64-linux-gnu/libatk-1.0.so.0.25209.1
714782939000-714782944000 r--p 0001b000 103:07 39979020                  /usr/lib/x86_64-linux-gnu/libatk-1.0.so.0.25209.1
714782944000-714782947000 r--p 00026000 103:07 39979020                  /usr/lib/x86_64-linux-gnu/libatk-1.0.so.0.25209.1
714782947000-714782948000 rw-p 00029000 103:07 39979020                  /usr/lib/x86_64-linux-gnu/libatk-1.0.so.0.25209.1
714782948000-714782950000 r--p 00000000 103:07 39977405                  /usr/lib/x86_64-linux-gnu/libgdk_pixbuf-2.0.so.0.4200.10
714782950000-71478296b000 r-xp 00008000 103:07 39977405                  /usr/lib/x86_64-linux-gnu/libgdk_pixbuf-2.0.so.0.4200.10
71478296b000-714782974000 r--p 00023000 103:07 39977405                  /usr/lib/x86_64-linux-gnu/libgdk_pixbuf-2.0.so.0.4200.10
714782974000-714782975000 r--p 0002c000 103:07 39977405                  /usr/lib/x86_64-linux-gnu/libgdk_pixbuf-2.0.so.0.4200.10
714782975000-714782976000 rw-p 0002d000 103:07 39977405                  /usr/lib/x86_64-linux-gnu/libgdk_pixbuf-2.0.so.0.4200.10
714782976000-714782978000 r--p 00000000 103:07 39982825                  /usr/lib/x86_64-linux-gnu/libfribidi.so.0.4.0
714782978000-71478297c000 r-xp 00002000 103:07 39982825                  /usr/lib/x86_64-linux-gnu/libfribidi.so.0.4.0
71478297c000-714782992000 r--p 00006000 103:07 39982825                  /usr/lib/x86_64-linux-gnu/libfribidi.so.0.4.0
714782992000-714782993000 r--p 0001c000 103:07 39982825                  /usr/lib/x86_64-linux-gnu/libfribidi.so.0.4.0
714782993000-714782994000 rw-p 0001d000 103:07 39982825                  /usr/lib/x86_64-linux-gnu/libfribidi.so.0.4.0
714782994000-71478299c000 r--p 00000000 103:07 39977287                  /usr/lib/x86_64-linux-gnu/libfontconfig.so.1.12.1
71478299c000-7147829cb000 r-xp 00008000 103:07 39977287                  /usr/lib/x86_64-linux-gnu/libfontconfig.so.1.12.1
7147829cb000-7147829e2000 r--p 00037000 103:07 39977287                  /usr/lib/x86_64-linux-gnu/libfontconfig.so.1.12.1
7147829e2000-7147829e4000 r--p 0004d000 103:07 39977287                  /usr/lib/x86_64-linux-gnu/libfontconfig.so.1.12.1
7147829e4000-7147829e5000 rw-p 0004f000 103:07 39977287                  /usr/lib/x86_64-linux-gnu/libfontconfig.so.1.12.1
7147829e5000-7147829ed000 r--p 00000000 103:07 39982559                  /usr/lib/x86_64-linux-gnu/libpangoft2-1.0.so.0.5200.1
7147829ed000-7147829fa000 r-xp 00008000 103:07 39982559                  /usr/lib/x86_64-linux-gnu/libpangoft2-1.0.so.0.5200.1
7147829fa000-7147829fe000 r--p 00015000 103:07 39982559                  /usr/lib/x86_64-linux-gnu/libpangoft2-1.0.so.0.5200.1
7147829fe000-7147829ff000 r--p 00019000 103:07 39982559                  /usr/lib/x86_64-linux-gnu/libpangoft2-1.0.so.0.5200.1
7147829ff000-714782a00000 rw-p 0001a000 103:07 39982559                  /usr/lib/x86_64-linux-gnu/libpangoft2-1.0.so.0.5200.1
714782a00000-714782b11000 r-xp 00000000 103:07 57949098                  /home/bgodfrey/CASPER/Scilab/scilab-2024.1.0/lib/scilab/libscidifferential_equations.so.2024.1.0
714782b11000-714782d11000 ---p 00111000 103:07 57949098                  /home/bgodfrey/CASPER/Scilab/scilab-2024.1.0/lib/scilab/libscidifferential_equations.so.2024.1.0
714782d11000-714782d13000 r--p 00111000 103:07 57949098                  /home/bgodfrey/CASPER/Scilab/scilab-2024.1.0/lib/scilab/libscidifferential_equations.so.2024.1.0
714782d13000-714782d15000 rw-p 00113000 103:07 57949098                  /home/bgodfrey/CASPER/Scilab/scilab-2024.1.0/lib/scilab/libscidifferential_equations.so.2024.1.0
714782d15000-714782d18000 rw-p 00000000 00:00 0 
714782d18000-714782d28000 rw-p 00427000 103:07 57949098                  /home/bgodfrey/CASPER/Scilab/scilab-2024.1.0/lib/scilab/libscidifferential_equations.so.2024.1.0
714782d28000-714782d29000 r--s 00000000 103:07 32792072                  /var/cache/fontconfig/d5178ab6d91b49bf20a416737dcea9e8-le64.cache-9
714782d29000-714782d2b000 r--p 00000000 103:07 39980743                  /usr/lib/x86_64-linux-gnu/libdatrie.so.1.4.0
714782d2b000-714782d2f000 r-xp 00002000 103:07 39980743                  /usr/lib/x86_64-linux-gnu/libdatrie.so.1.4.0
714782d2f000-714782d30000 r--p 00006000 103:07 39980743                  /usr/lib/x86_64-linux-gnu/libdatrie.so.1.4.0
714782d30000-714782d31000 r--p 00006000 103:07 39980743                  /usr/lib/x86_64-linux-gnu/libdatrie.so.1.4.0
714782d31000-714782d32000 rw-p 00007000 103:07 39980743                  /usr/lib/x86_64-linux-gnu/libdatrie.so.1.4.0
714782d32000-714782d45000 r--p 00000000 103:07 39980802                  /usr/lib/x86_64-linux-gnu/libpango-1.0.so.0.5200.1
714782d45000-714782d7e000 r-xp 00013000 103:07 39980802                  /usr/lib/x86_64-linux-gnu/libpango-1.0.so.0.5200.1
714782d7e000-714782d98000 r--p 0004c000 103:07 39980802                  /usr/lib/x86_64-linux-gnu/libpango-1.0.so.0.5200.1
714782d98000-714782d9c000 r--p 00065000 103:07 39980802                  /usr/lib/x86_64-linux-gnu/libpango-1.0.so.0.5200.1
714782d9c000-714782d9d000 rw-p 00069000 103:07 39980802                  /usr/lib/x86_64-linux-gnu/libpango-1.0.so.0.5200.1
714782d9d000-714782dac000 r--p 00000000 103:07 39979495                  /usr/lib/x86_64-linux-gnu/libgobject-2.0.so.0.8000.0
714782dac000-714782de3000 r-xp 0000f000 103:07 39979495                  /usr/lib/x86_64-linux-gnu/libgobject-2.0.so.0.8000.0
714782de3000-714782dfc000 r--p 00046000 103:07 39979495                  /usr/lib/x86_64-linux-gnu/libgobject-2.0.so.0.8000.0
714782dfc000-714782dff000 r--p 0005e000 103:07 39979495                  /usr/lib/x86_64-linux-gnu/libgobject-2.0.so.0.8000.0
714782dff000-714782e00000 rw-p 00061000 103:07 39979495                  /usr/lib/x86_64-linux-gnu/libgobject-2.0.so.0.8000.0
714782e00000-714782e04000 r-xp 00000000 103:07 57949090                  /home/bgodfrey/CASPER/Scilab/scilab-2024.1.0/lib/scilab/libscicall_scilab.so.2024.1.0
714782e04000-714783003000 ---p 00004000 103:07 57949090                  /home/bgodfrey/CASPER/Scilab/scilab-2024.1.0/lib/scilab/libscicall_scilab.so.2024.1.0
714783003000-714783004000 r--p 00003000 103:07 57949090                  /home/bgodfrey/CASPER/Scilab/scilab-2024.1.0/lib/scilab/libscicall_scilab.so.2024.1.0
714783004000-714783005000 rw-p 00004000 103:07 57949090                  /home/bgodfrey/CASPER/Scilab/scilab-2024.1.0/lib/scilab/libscicall_scilab.so.2024.1.0
714783005000-714783006000 rw-p 0000f000 103:07 57949090                  /home/bgodfrey/CASPER/Scilab/scilab-2024.1.0/lib/scilab/libscicall_scilab.so.2024.1.0
714783006000-71478300e000 r--s 00000000 103:07 32769410                  /var/cache/fontconfig/53d14c92082a93e67d5078324eb314ca-le64.cache-9
71478300e000-714783019000 r--p 00000000 103:07 39977476                  /usr/lib/x86_64-linux-gnu/libGLX_mesa.so.0.0.0
714783019000-714783046000 r-xp 0000b000 103:07 39977476                  /usr/lib/x86_64-linux-gnu/libGLX_mesa.so.0.0.0
714783046000-714783055000 r--p 00038000 103:07 39977476                  /usr/lib/x86_64-linux-gnu/libGLX_mesa.so.0.0.0
714783055000-714783058000 r--p 00047000 103:07 39977476                  /usr/lib/x86_64-linux-gnu/libGLX_mesa.so.0.0.0
714783058000-714783059000 rw-p 0004a000 103:07 39977476                  /usr/lib/x86_64-linux-gnu/libGLX_mesa.so.0.0.0
714783059000-71478305a000 rw-p 00000000 00:00 0 
71478305a000-71478305d000 r--s 00000000 103:07 32792117                  /var/cache/fontconfig/16326683038b281783a0ef8c680e3a10-le64.cache-9
71478305d000-714783060000 r--p 00000000 103:07 39977286                  /usr/lib/x86_64-linux-gnu/libcanberra.so.0.2.5
714783060000-71478306b000 r-xp 00003000 103:07 39977286                  /usr/lib/x86_64-linux-gnu/libcanberra.so.0.2.5
71478306b000-71478306e000 r--p 0000e000 103:07 39977286                  /usr/lib/x86_64-linux-gnu/libcanberra.so.0.2.5
71478306e000-71478306f000 r--p 00010000 103:07 39977286                  /usr/lib/x86_64-linux-gnu/libcanberra.so.0.2.5
71478306f000-714783070000 rw-p 00011000 103:07 39977286                  /usr/lib/x86_64-linux-gnu/libcanberra.so.0.2.5
714783070000-714783072000 r--p 00000000 103:07 39977480                  /usr/lib/x86_64-linux-gnu/libcanberra-gtk3.so.0.1.9
714783072000-714783074000 r-xp 00002000 103:07 39977480                  /usr/lib/x86_64-linux-gnu/libcanberra-gtk3.so.0.1.9
714783074000-714783075000 r--p 00004000 103:07 39977480                  /usr/lib/x86_64-linux-gnu/libcanberra-gtk3.so.0.1.9
714783075000-714783076000 r--p 00004000 103:07 39977480                  /usr/lib/x86_64-linux-gnu/libcanberra-gtk3.so.0.1.9
714783076000-714783077000 rw-p 00005000 103:07 39977480                  /usr/lib/x86_64-linux-gnu/libcanberra-gtk3.so.0.1.9
714783077000-714783079000 r--p 00000000 103:07 40763531                  /usr/lib/x86_64-linux-gnu/gtk-3.0/modules/libcanberra-gtk3-module.so
714783079000-71478307c000 r-xp 00002000 103:07 40763531                  /usr/lib/x86_64-linux-gnu/gtk-3.0/modules/libcanberra-gtk3-module.so
71478307c000-71478307d000 r--p 00005000 103:07 40763531                  /usr/lib/x86_64-linux-gnu/gtk-3.0/modules/libcanberra-gtk3-module.so
71478307d000-71478307e000 r--p 00005000 103:07 40763531                  /usr/lib/x86_64-linux-gnu/gtk-3.0/modules/libcanberra-gtk3-module.so
71478307e000-71478307f000 rw-p 00006000 103:07 40763531                  /usr/lib/x86_64-linux-gnu/gtk-3.0/modules/libcanberra-gtk3-module.so
71478307f000-71478309f000 rw-s 108ef1000 00:10 1059                      anon_inode:i915.gem
71478309f000-7147830bf000 rw-s 10a514000 00:10 1059                      anon_inode:i915.gem
7147830bf000-7147830df000 rw-s 100e95000 00:10 1059                      anon_inode:i915.gem
7147830df000-7147830ff000 rw-s 11446c000 00:10 1059                      anon_inode:i915.gem
7147830ff000-714783200000 rw-p 00000000 00:00 0 
714783200000-71478320f000 r-xp 00000000 103:07 57949082                  /home/bgodfrey/CASPER/Scilab/scilab-2024.1.0/lib/scilab/libscifunctions.so.2024.1.0
71478320f000-71478340e000 ---p 0000f000 103:07 57949082                  /home/bgodfrey/CASPER/Scilab/scilab-2024.1.0/lib/scilab/libscifunctions.so.2024.1.0
71478340e000-71478340f000 r--p 0000e000 103:07 57949082                  /home/bgodfrey/CASPER/Scilab/scilab-2024.1.0/lib/scilab/libscifunctions.so.2024.1.0
71478340f000-714783410000 rw-p 0000f000 103:07 57949082                  /home/bgodfrey/CASPER/Scilab/scilab-2024.1.0/lib/scilab/libscifunctions.so.2024.1.0
714783410000-714783413000 rw-p 00056000 103:07 57949082                  /home/bgodfrey/CASPER/Scilab/scilab-2024.1.0/lib/scilab/libscifunctions.so.2024.1.0
714783413000-714783414000 r--s 00000000 103:07 32792060                  /var/cache/fontconfig/551ecf3b0e8b0bca0f25c0944f561853-le64.cache-9
714783414000-714783415000 r--p 00000000 103:07 39979750                  /usr/lib/x86_64-linux-gnu/libgthread-2.0.so.0.8000.0
714783415000-714783416000 r-xp 00001000 103:07 39979750                  /usr/lib/x86_64-linux-gnu/libgthread-2.0.so.0.8000.0
714783416000-714783417000 r--p 00002000 103:07 39979750                  /usr/lib/x86_64-linux-gnu/libgthread-2.0.so.0.8000.0
714783417000-714783418000 r--p 00002000 103:07 39979750                  /usr/lib/x86_64-linux-gnu/libgthread-2.0.so.0.8000.0
714783418000-714783419000 rw-p 00003000 103:07 39979750                  /usr/lib/x86_64-linux-gnu/libgthread-2.0.so.0.8000.0
714783419000-71478341a000 r--p 00000000 103:07 39983089                  /usr/lib/x86_64-linux-gnu/libXcomposite.so.1.0.0
71478341a000-71478341b000 r-xp 00001000 103:07 39983089                  /usr/lib/x86_64-linux-gnu/libXcomposite.so.1.0.0
71478341b000-71478341c000 r--p 00002000 103:07 39983089                  /usr/lib/x86_64-linux-gnu/libXcomposite.so.1.0.0
71478341c000-71478341d000 r--p 00002000 103:07 39983089                  /usr/lib/x86_64-linux-gnu/libXcomposite.so.1.0.0
71478341d000-71478341e000 rw-p 00003000 103:07 39983089                  /usr/lib/x86_64-linux-gnu/libXcomposite.so.1.0.0
71478341e000-71478343e000 rw-s 100b0a000 00:10 1059                      anon_inode:i915.gem
71478343e000-71478345e000 rw-s 10ebe0000 00:10 1059                      anon_inode:i915.gem
71478345e000-71478347e000 rw-s 102c33000 00:10 1059                      anon_inode:i915.gem
71478347e000-7147834fe000 rw-s 10b988000 00:10 1059                      anon_inode:i915.gem
7147834fe000-7147834ff000 ---p 00000000 00:00 0 
7147834ff000-714783600000 rw-p 00000000 00:00 0 
714783600000-7147836b9000 r-xp 00000000 103:07 57949365                  /home/bgodfrey/CASPER/Scilab/scilab-2024.1.0/lib/thirdparty/libarchive.so.13.7.1
7147836b9000-7147838b8000 ---p 000b9000 103:07 57949365                  /home/bgodfrey/CASPER/Scilab/scilab-2024.1.0/lib/thirdparty/libarchive.so.13.7.1
7147838b8000-7147838bb000 r--p 000b8000 103:07 57949365                  /home/bgodfrey/CASPER/Scilab/scilab-2024.1.0/lib/thirdparty/libarchive.so.13.7.1
7147838bb000-7147838bc000 rw-p 000bb000 103:07 57949365                  /home/bgodfrey/CASPER/Scilab/scilab-2024.1.0/lib/thirdparty/libarchive.so.13.7.1
7147838bc000-7147838bd000 rw-p 00000000 00:00 0 
7147838bd000-7147838be000 r--s 00000000 103:07 32792052                  /var/cache/fontconfig/3f7329c5293ffd510edef78f73874cfd-le64.cache-9
7147838be000-7147838de000 rw-s 10eae0000 00:10 1059                      anon_inode:i915.gem
7147838de000-7147838fe000 rw-s 101796000 00:10 1059                      anon_inode:i915.gem
7147838fe000-7147838ff000 ---p 00000000 00:00 0 
7147838ff000-714783a00000 rw-p 00000000 00:00 0 
714783a00000-714783b18000 r-xp 00000000 103:07 57949410                  /home/bgodfrey/CASPER/Scilab/scilab-2024.1.0/lib/thirdparty/libtcl8.5.so
714783b18000-714783d17000 ---p 00118000 103:07 57949410                  /home/bgodfrey/CASPER/Scilab/scilab-2024.1.0/lib/thirdparty/libtcl8.5.so
714783d17000-714783d1c000 r--p 00117000 103:07 57949410                  /home/bgodfrey/CASPER/Scilab/scilab-2024.1.0/lib/thirdparty/libtcl8.5.so
714783d1c000-714783d23000 rw-p 0011c000 103:07 57949410                  /home/bgodfrey/CASPER/Scilab/scilab-2024.1.0/lib/thirdparty/libtcl8.5.so
714783d23000-714783d24000 r--s 00000000 103:07 32792048                  /var/cache/fontconfig/22368d551a680bfe5a62c02760edf4ea-le64.cache-9
714783d24000-714783d25000 r--s 00000000 103:07 32792047                  /var/cache/fontconfig/4d9c95eba1cb85bbcf2878543262124a-le64.cache-9
714783d25000-714783d27000 r--p 00000000 103:07 39983893                  /usr/lib/x86_64-linux-gnu/libwayland-cursor.so.0.22.0
714783d27000-714783d29000 r-xp 00002000 103:07 39983893                  /usr/lib/x86_64-linux-gnu/libwayland-cursor.so.0.22.0
714783d29000-714783d2a000 r--p 00004000 103:07 39983893                  /usr/lib/x86_64-linux-gnu/libwayland-cursor.so.0.22.0
714783d2a000-714783d2b000 r--p 00004000 103:07 39983893                  /usr/lib/x86_64-linux-gnu/libwayland-cursor.so.0.22.0
714783d2b000-714783d2f000 rw-p 00005000 103:07 39983893                  /usr/lib/x86_64-linux-gnu/libwayland-cursor.so.0.22.0
714783d2f000-714783d34000 r--p 00000000 103:07 39979285                  /usr/lib/x86_64-linux-gnu/libpangocairo-1.0.so.0.5200.1
714783d34000-714783d3c000 r-xp 00005000 103:07 39979285                  /usr/lib/x86_64-linux-gnu/libpangocairo-1.0.so.0.5200.1
714783d3c000-714783d3e000 r--p 0000d000 103:07 39979285                  /usr/lib/x86_64-linux-gnu/libpangocairo-1.0.so.0.5200.1
714783d3e000-714783d3f000 r--p 0000f000 103:07 39979285                  /usr/lib/x86_64-linux-gnu/libpangocairo-1.0.so.0.5200.1
714783d3f000-714783d40000 rw-p 00010000 103:07 39979285                  /usr/lib/x86_64-linux-gnu/libpangocairo-1.0.so.0.5200.1
714783d40000-714783dc0000 rw-s 1210a9000 00:10 1059                      anon_inode:i915.gem
714783dc0000-714783e00000 rw-s 116938000 00:10 1059                      anon_inode:i915.gem
714783e00000-714783f2e000 r-xp 00000000 103:07 57949411                  /home/bgodfrey/CASPER/Scilab/scilab-2024.1.0/lib/thirdparty/libtk8.5.so
714783f2e000-71478412d000 ---p 0012e000 103:07 57949411                  /home/bgodfrey/CASPER/Scilab/scilab-2024.1.0/lib/thirdparty/libtk8.5.so
71478412d000-71478413b000 r--p 0012d000 103:07 57949411                  /home/bgodfrey/CASPER/Scilab/scilab-2024.1.0/lib/thirdparty/libtk8.5.so
71478413b000-71478414c000 rw-p 0013b000 103:07 57949411                  /home/bgodfrey/CASPER/Scilab/scilab-2024.1.0/lib/thirdparty/libtk8.5.so
71478414c000-714784150000 r--p 00000000 103:07 39979526                  /usr/lib/x86_64-linux-gnu/libcairo-gobject.so.2.11800.0
714784150000-714784152000 r-xp 00004000 103:07 39979526                  /usr/lib/x86_64-linux-gnu/libcairo-gobject.so.2.11800.0
714784152000-714784155000 r--p 00006000 103:07 39979526                  /usr/lib/x86_64-linux-gnu/libcairo-gobject.so.2.11800.0
714784155000-714784157000 r--p 00008000 103:07 39979526                  /usr/lib/x86_64-linux-gnu/libcairo-gobject.so.2.11800.0
714784157000-714784158000 rw-p 0000a000 103:07 39979526                  /usr/lib/x86_64-linux-gnu/libcairo-gobject.so.2.11800.0
714784158000-714784178000 rw-s 1010de000 00:10 1059                      anon_inode:i915.gem
714784178000-714784183000 r--p 00000000 103:07 39989100                  /usr/lib/x86_64-linux-gnu/libxcb-glx.so.0.0.0
714784183000-71478418c000 r-xp 0000b000 103:07 39989100                  /usr/lib/x86_64-linux-gnu/libxcb-glx.so.0.0.0
71478418c000-714784191000 r--p 00014000 103:07 39989100                  /usr/lib/x86_64-linux-gnu/libxcb-glx.so.0.0.0
714784191000-714784193000 r--p 00019000 103:07 39989100                  /usr/lib/x86_64-linux-gnu/libxcb-glx.so.0.0.0
714784193000-714784194000 rw-p 0001b000 103:07 39989100                  /usr/lib/x86_64-linux-gnu/libxcb-glx.so.0.0.0
714784194000-714784197000 r--p 00000000 103:07 39980578                  /usr/lib/x86_64-linux-gnu/liblzma.so.5.4.5
714784197000-7147841b9000 r-xp 00003000 103:07 39980578                  /usr/lib/x86_64-linux-gnu/liblzma.so.5.4.5
7147841b9000-7147841c4000 r--p 00025000 103:07 39980578                  /usr/lib/x86_64-linux-gnu/liblzma.so.5.4.5
7147841c4000-7147841c5000 r--p 00030000 103:07 39980578                  /usr/lib/x86_64-linux-gnu/liblzma.so.5.4.5
7147841c5000-7147841c6000 rw-p 00031000 103:07 39980578                  /usr/lib/x86_64-linux-gnu/liblzma.so.5.4.5
7147841c6000-7147841ce000 r--p 00000000 103:07 39978158                  /usr/lib/x86_64-linux-gnu/libedit.so.2.0.72
7147841ce000-7147841ed000 r-xp 00008000 103:07 39978158                  /usr/lib/x86_64-linux-gnu/libedit.so.2.0.72
7147841ed000-7147841f9000 r--p 00027000 103:07 39978158                  /usr/lib/x86_64-linux-gnu/libedit.so.2.0.72
7147841f9000-7147841fb000 r--p 00033000 103:07 39978158                  /usr/lib/x86_64-linux-gnu/libedit.so.2.0.72
7147841fb000-7147841fc000 rw-p 00035000 103:07 39978158                  /usr/lib/x86_64-linux-gnu/libedit.so.2.0.72
7147841fc000-714784200000 rw-p 00000000 00:00 0 
714784200000-71478420b000 r-xp 00000000 103:07 57949142                  /home/bgodfrey/CASPER/Scilab/scilab-2024.1.0/lib/scilab/libscitclsci.so.2024.1.0
71478420b000-71478440a000 ---p 0000b000 103:07 57949142                  /home/bgodfrey/CASPER/Scilab/scilab-2024.1.0/lib/scilab/libscitclsci.so.2024.1.0
71478440a000-71478440b000 r--p 0000a000 103:07 57949142                  /home/bgodfrey/CASPER/Scilab/scilab-2024.1.0/lib/scilab/libscitclsci.so.2024.1.0
71478440b000-71478440c000 rw-p 0000b000 103:07 57949142                  /home/bgodfrey/CASPER/Scilab/scilab-2024.1.0/lib/scilab/libscitclsci.so.2024.1.0
71478440c000-71478440e000 rw-p 0016a000 103:07 57949142                  /home/bgodfrey/CASPER/Scilab/scilab-2024.1.0/lib/scilab/libscitclsci.so.2024.1.0
71478440e000-71478440f000 r--s 00000000 103:07 32792046                  /var/cache/fontconfig/85e0a52ce643a7ba2ae53e5d6949cead-le64.cache-9
71478440f000-714784410000 r--s 00000000 103:07 32792045                  /var/cache/fontconfig/49f0de54bdd920fe4f0dfd4cbac43e6b-le64.cache-9
714784410000-71478441e000 r--p 00000000 103:07 39985030                  /usr/lib/x86_64-linux-gnu/libtinfo.so.6.4
71478441e000-714784431000 r-xp 0000e000 103:07 39985030                  /usr/lib/x86_64-linux-gnu/libtinfo.so.6.4
714784431000-71478443f000 r--p 00021000 103:07 39985030                  /usr/lib/x86_64-linux-gnu/libtinfo.so.6.4
71478443f000-714784443000 r--p 0002e000 103:07 39985030                  /usr/lib/x86_64-linux-gnu/libtinfo.so.6.4
714784443000-714784444000 rw-p 00032000 103:07 39985030                  /usr/lib/x86_64-linux-gnu/libtinfo.so.6.4
714784444000-714784448000 r--p 00000000 103:07 39984649                  /usr/lib/x86_64-linux-gnu/libzstd.so.1.5.5
714784448000-7147844ef000 r-xp 00004000 103:07 39984649                  /usr/lib/x86_64-linux-gnu/libzstd.so.1.5.5
7147844ef000-7147844fc000 r--p 000ab000 103:07 39984649                  /usr/lib/x86_64-linux-gnu/libzstd.so.1.5.5
7147844fc000-7147844fd000 r--p 000b7000 103:07 39984649                  /usr/lib/x86_64-linux-gnu/libzstd.so.1.5.5
7147844fd000-7147844fe000 rw-p 000b8000 103:07 39984649                  /usr/lib/x86_64-linux-gnu/libzstd.so.1.5.5
7147844fe000-7147844ff000 ---p 00000000 00:00 0 
7147844ff000-714784600000 rw-p 00000000 00:00 0 
714784600000-71478460c000 r-xp 00000000 103:07 57949226                  /home/bgodfrey/CASPER/Scilab/scilab-2024.1.0/lib/scilab/libscihelptools.so.2024.1.0
71478460c000-71478480b000 ---p 0000c000 103:07 57949226                  /home/bgodfrey/CASPER/Scilab/scilab-2024.1.0/lib/scilab/libscihelptools.so.2024.1.0
71478480b000-71478480c000 r--p 0000b000 103:07 57949226                  /home/bgodfrey/CASPER/Scilab/scilab-2024.1.0/lib/scilab/libscihelptools.so.2024.1.0
71478480c000-71478480d000 rw-p 0000c000 103:07 57949226                  /home/bgodfrey/CASPER/Scilab/scilab-2024.1.0/lib/scilab/libscihelptools.so.2024.1.0
71478480d000-71478480f000 rw-p 0002a000 103:07 57949226                  /home/bgodfrey/CASPER/Scilab/scilab-2024.1.0/lib/scilab/libscihelptools.so.2024.1.0
71478480f000-714784810000 r--s 00000000 103:07 32792044                  /var/cache/fontconfig/f6e6e0a5c3d2f6ae0c0c2e0ecd42a997-le64.cache-9
714784810000-714784811000 r--p 00000000 103:07 39985069                  /usr/lib/x86_64-linux-gnu/libXdamage.so.1.1.0
714784811000-714784812000 r-xp 00001000 103:07 39985069                  /usr/lib/x86_64-linux-gnu/libXdamage.so.1.1.0
714784812000-714784813000 r--p 00002000 103:07 39985069                  /usr/lib/x86_64-linux-gnu/libXdamage.so.1.1.0
714784813000-714784814000 r--p 00002000 103:07 39985069                  /usr/lib/x86_64-linux-gnu/libXdamage.so.1.1.0
714784814000-714784815000 rw-p 00003000 103:07 39985069                  /usr/lib/x86_64-linux-gnu/libXdamage.so.1.1.0
714784815000-714784817000 r--p 00000000 103:07 39979381                  /usr/lib/x86_64-linux-gnu/libgmodule-2.0.so.0.8000.0
714784817000-714784819000 r-xp 00002000 103:07 39979381                  /usr/lib/x86_64-linux-gnu/libgmodule-2.0.so.0.8000.0
714784819000-71478481a000 r--p 00004000 103:07 39979381                  /usr/lib/x86_64-linux-gnu/libgmodule-2.0.so.0.8000.0
71478481a000-71478481b000 r--p 00004000 103:07 39979381                  /usr/lib/x86_64-linux-gnu/libgmodule-2.0.so.0.8000.0
71478481b000-71478481c000 rw-p 00005000 103:07 39979381                  /usr/lib/x86_64-linux-gnu/libgmodule-2.0.so.0.8000.0
71478481c000-71478481e000 r--p 00000000 103:07 39984305                  /usr/lib/x86_64-linux-gnu/libpciaccess.so.0.11.1
71478481e000-714784823000 r-xp 00002000 103:07 39984305                  /usr/lib/x86_64-linux-gnu/libpciaccess.so.0.11.1
714784823000-714784825000 r--p 00007000 103:07 39984305                  /usr/lib/x86_64-linux-gnu/libpciaccess.so.0.11.1
714784825000-714784826000 r--p 00008000 103:07 39984305                  /usr/lib/x86_64-linux-gnu/libpciaccess.so.0.11.1
714784826000-714784827000 rw-p 00009000 103:07 39984305                  /usr/lib/x86_64-linux-gnu/libpciaccess.so.0.11.1
714784827000-71478482a000 r--p 00000000 103:07 39977474                  /usr/lib/x86_64-linux-gnu/libdrm_intel.so.1.125.0
71478482a000-714784840000 r-xp 00003000 103:07 39977474                  /usr/lib/x86_64-linux-gnu/libdrm_intel.so.1.125.0
714784840000-714784849000 r--p 00019000 103:07 39977474                  /usr/lib/x86_64-linux-gnu/libdrm_intel.so.1.125.0
714784849000-71478484a000 r--p 00021000 103:07 39977474                  /usr/lib/x86_64-linux-gnu/libdrm_intel.so.1.125.0
71478484a000-71478484b000 rw-p 00022000 103:07 39977474                  /usr/lib/x86_64-linux-gnu/libdrm_intel.so.1.125.0
71478484b000-71478484e000 r--p 00000000 103:07 39979404                  /usr/lib/x86_64-linux-gnu/libelf-0.190.so
71478484e000-714784864000 r-xp 00003000 103:07 39979404                  /usr/lib/x86_64-linux-gnu/libelf-0.190.so
714784864000-714784868000 r--p 00019000 103:07 39979404                  /usr/lib/x86_64-linux-gnu/libelf-0.190.so
714784868000-714784869000 r--p 0001c000 103:07 39979404                  /usr/lib/x86_64-linux-gnu/libelf-0.190.so
714784869000-71478486a000 rw-p 0001d000 103:07 39979404                  /usr/lib/x86_64-linux-gnu/libelf-0.190.so
71478486a000-71478486d000 r--p 00000000 103:07 39979100                  /usr/lib/x86_64-linux-gnu/libdrm_amdgpu.so.1.125.0
71478486d000-714784873000 r-xp 00003000 103:07 39979100                  /usr/lib/x86_64-linux-gnu/libdrm_amdgpu.so.1.125.0
714784873000-714784875000 r--p 00009000 103:07 39979100                  /usr/lib/x86_64-linux-gnu/libdrm_amdgpu.so.1.125.0
714784875000-714784876000 r--p 0000a000 103:07 39979100                  /usr/lib/x86_64-linux-gnu/libdrm_amdgpu.so.1.125.0
714784876000-714784877000 rw-p 0000b000 103:07 39979100                  /usr/lib/x86_64-linux-gnu/libdrm_amdgpu.so.1.125.0
714784877000-71478487a000 r--p 00000000 103:07 39989112                  /usr/lib/x86_64-linux-gnu/libxcb-sync.so.1.0.0
71478487a000-71478487d000 r-xp 00003000 103:07 39989112                  /usr/lib/x86_64-linux-gnu/libxcb-sync.so.1.0.0
71478487d000-71478487e000 r--p 00006000 103:07 39989112                  /usr/lib/x86_64-linux-gnu/libxcb-sync.so.1.0.0
71478487e000-71478487f000 r--p 00007000 103:07 39989112                  /usr/lib/x86_64-linux-gnu/libxcb-sync.so.1.0.0
71478487f000-714784880000 rw-p 00008000 103:07 39989112                  /usr/lib/x86_64-linux-gnu/libxcb-sync.so.1.0.0
714784880000-714784882000 r--p 00000000 103:07 39977425                  /usr/lib/x86_64-linux-gnu/libsensors.so.5.0.0
714784882000-714784889000 r-xp 00002000 103:07 39977425                  /usr/lib/x86_64-linux-gnu/libsensors.so.5.0.0
714784889000-71478488d000 r--p 00009000 103:07 39977425                  /usr/lib/x86_64-linux-gnu/libsensors.so.5.0.0
71478488d000-71478488e000 r--p 0000d000 103:07 39977425                  /usr/lib/x86_64-linux-gnu/libsensors.so.5.0.0
71478488e000-71478488f000 rw-p 0000e000 103:07 39977425                  /usr/lib/x86_64-linux-gnu/libsensors.so.5.0.0
71478488f000-714784892000 r--p 00000000 103:07 39989114                  /usr/lib/x86_64-linux-gnu/libxcb-xfixes.so.0.0.0
714784892000-714784895000 r-xp 00003000 103:07 39989114                  /usr/lib/x86_64-linux-gnu/libxcb-xfixes.so.0.0.0
714784895000-714784897000 r--p 00006000 103:07 39989114                  /usr/lib/x86_64-linux-gnu/libxcb-xfixes.so.0.0.0
714784897000-714784898000 r--p 00007000 103:07 39989114                  /usr/lib/x86_64-linux-gnu/libxcb-xfixes.so.0.0.0
714784898000-714784899000 rw-p 00008000 103:07 39989114                  /usr/lib/x86_64-linux-gnu/libxcb-xfixes.so.0.0.0
714784899000-7147848a0000 r--p 00000000 103:07 39989110                  /usr/lib/x86_64-linux-gnu/libxcb-randr.so.0.1.0
7147848a0000-7147848a5000 r-xp 00007000 103:07 39989110                  /usr/lib/x86_64-linux-gnu/libxcb-randr.so.0.1.0
7147848a5000-7147848a8000 r--p 0000c000 103:07 39989110                  /usr/lib/x86_64-linux-gnu/libxcb-randr.so.0.1.0
7147848a8000-7147848a9000 r--p 0000f000 103:07 39989110                  /usr/lib/x86_64-linux-gnu/libxcb-randr.so.0.1.0
7147848a9000-7147848aa000 rw-p 00010000 103:07 39989110                  /usr/lib/x86_64-linux-gnu/libxcb-randr.so.0.1.0
7147848aa000-7147848b9000 r--p 00000000 103:07 39980581                  /usr/lib/x86_64-linux-gnu/libEGL_mesa.so.0.0.0
7147848b9000-7147848e1000 r-xp 0000f000 103:07 39980581                  /usr/lib/x86_64-linux-gnu/libEGL_mesa.so.0.0.0
7147848e1000-7147848f2000 r--p 00037000 103:07 39980581                  /usr/lib/x86_64-linux-gnu/libEGL_mesa.so.0.0.0
7147848f2000-7147848fe000 r--p 00047000 103:07 39980581                  /usr/lib/x86_64-linux-gnu/libEGL_mesa.so.0.0.0
7147848fe000-7147848ff000 rw-p 00053000 103:07 39980581                  /usr/lib/x86_64-linux-gnu/libEGL_mesa.so.0.0.0
7147848ff000-714784a00000 rw-p 00000000 00:00 0 
714784a00000-714784a3d000 r-xp 00000000 103:07 57949302                  /home/bgodfrey/CASPER/Scilab/scilab-2024.1.0/lib/scilab/libsciexternal_objects_java.so.2024.1.0
714784a3d000-714784c3d000 ---p 0003d000 103:07 57949302                  /home/bgodfrey/CASPER/Scilab/scilab-2024.1.0/lib/scilab/libsciexternal_objects_java.so.2024.1.0
714784c3d000-714784c3e000 r--p 0003d000 103:07 57949302                  /home/bgodfrey/CASPER/Scilab/scilab-2024.1.0/lib/scilab/libsciexternal_objects_java.so.2024.1.0
714784c3e000-714784c3f000 rw-p 0003e000 103:07 57949302                  /home/bgodfrey/CASPER/Scilab/scilab-2024.1.0/lib/scilab/libsciexternal_objects_java.so.2024.1.0
714784c3f000-714784c4b000 rw-p 000c6000 103:07 57949302                  /home/bgodfrey/CASPER/Scilab/scilab-2024.1.0/lib/scilab/libsciexternal_objects_java.so.2024.1.0
714784c4b000-714784c4c000 r--p 00000000 103:07 39979050                  /usr/lib/x86_64-linux-gnu/libwayland-egl.so.1.22.0
714784c4c000-714784c4d000 r-xp 00001000 103:07 39979050                  /usr/lib/x86_64-linux-gnu/libwayland-egl.so.1.22.0
714784c4d000-714784c4e000 r--p 00002000 103:07 39979050                  /usr/lib/x86_64-linux-gnu/libwayland-egl.so.1.22.0
714784c4e000-714784c4f000 r--p 00002000 103:07 39979050                  /usr/lib/x86_64-linux-gnu/libwayland-egl.so.1.22.0
714784c4f000-714784c50000 rw-p 00003000 103:07 39979050                  /usr/lib/x86_64-linux-gnu/libwayland-egl.so.1.22.0
714784c50000-714784c53000 r--p 00000000 103:07 39984935                  /usr/lib/x86_64-linux-gnu/libnvidia-egl-xlib.so.1.0.4
714784c53000-714784c5d000 r-xp 00003000 103:07 39984935                  /usr/lib/x86_64-linux-gnu/libnvidia-egl-xlib.so.1.0.4
714784c5d000-714784c61000 r--p 0000d000 103:07 39984935                  /usr/lib/x86_64-linux-gnu/libnvidia-egl-xlib.so.1.0.4
714784c61000-714784c62000 r--p 00010000 103:07 39984935                  /usr/lib/x86_64-linux-gnu/libnvidia-egl-xlib.so.1.0.4
714784c62000-714784c63000 rw-p 00011000 103:07 39984935                  /usr/lib/x86_64-linux-gnu/libnvidia-egl-xlib.so.1.0.4
714784c63000-714784c73000 r--p 00000000 103:07 39985304                  /usr/lib/x86_64-linux-gnu/libnvidia-glsi.so.580.126.09
714784c73000-714784cd3000 r-xp 00010000 103:07 39985304                  /usr/lib/x86_64-linux-gnu/libnvidia-glsi.so.580.126.09
714784cd3000-714784cf0000 r--p 00070000 103:07 39985304                  /usr/lib/x86_64-linux-gnu/libnvidia-glsi.so.580.126.09
714784cf0000-714784cf6000 r--p 0008c000 103:07 39985304                  /usr/lib/x86_64-linux-gnu/libnvidia-glsi.so.580.126.09
714784cf6000-714784cf7000 rw-p 00092000 103:07 39985304                  /usr/lib/x86_64-linux-gnu/libnvidia-glsi.so.580.126.09
714784cf7000-714784e00000 rw-p 00000000 00:00 0 
714784e00000-714784e08000 r-xp 00000000 103:07 57949279                  /home/bgodfrey/CASPER/Scilab/scilab-2024.1.0/lib/scilab/libscipreferences.so.2024.1.0
714784e08000-714785007000 ---p 00008000 103:07 57949279                  /home/bgodfrey/CASPER/Scilab/scilab-2024.1.0/lib/scilab/libscipreferences.so.2024.1.0
714785007000-714785008000 r--p 00007000 103:07 57949279                  /home/bgodfrey/CASPER/Scilab/scilab-2024.1.0/lib/scilab/libscipreferences.so.2024.1.0
714785008000-714785009000 rw-p 00008000 103:07 57949279                  /home/bgodfrey/CASPER/Scilab/scilab-2024.1.0/lib/scilab/libscipreferences.so.2024.1.0
714785009000-71478500b000 rw-p 0001c000 103:07 57949279                  /home/bgodfrey/CASPER/Scilab/scilab-2024.1.0/lib/scilab/libscipreferences.so.2024.1.0
71478500b000-71478500c000 r--p 00000000 103:07 39979617                  /usr/lib/x86_64-linux-gnu/libxshmfence.so.1.0.0
71478500c000-71478500d000 r-xp 00001000 103:07 39979617                  /usr/lib/x86_64-linux-gnu/libxshmfence.so.1.0.0
71478500d000-71478500e000 r--p 00002000 103:07 39979617                  /usr/lib/x86_64-linux-gnu/libxshmfence.so.1.0.0
71478500e000-71478500f000 r--p 00002000 103:07 39979617                  /usr/lib/x86_64-linux-gnu/libxshmfence.so.1.0.0
71478500f000-714785010000 rw-p 00003000 103:07 39979617                  /usr/lib/x86_64-linux-gnu/libxshmfence.so.1.0.0
714785010000-714785013000 r--p 00000000 103:07 39984774                  /usr/lib/x86_64-linux-gnu/libnvidia-egl-xcb.so.1.0.4
714785013000-71478501d000 r-xp 00003000 103:07 39984774                  /usr/lib/x86_64-linux-gnu/libnvidia-egl-xcb.so.1.0.4
71478501d000-714785021000 r--p 0000d000 103:07 39984774                  /usr/lib/x86_64-linux-gnu/libnvidia-egl-xcb.so.1.0.4
714785021000-714785022000 r--p 00010000 103:07 39984774                  /usr/lib/x86_64-linux-gnu/libnvidia-egl-xcb.so.1.0.4
714785022000-714785023000 rw-p 00011000 103:07 39984774                  /usr/lib/x86_64-linux-gnu/libnvidia-egl-xcb.so.1.0.4
714785023000-714785027000 r--p 00000000 103:07 39979712                  /usr/lib/x86_64-linux-gnu/libexpat.so.1.9.1
714785027000-714785044000 r-xp 00004000 103:07 39979712                  /usr/lib/x86_64-linux-gnu/libexpat.so.1.9.1
714785044000-71478504c000 r--p 00021000 103:07 39979712                  /usr/lib/x86_64-linux-gnu/libexpat.so.1.9.1
71478504c000-71478504e000 r--p 00028000 103:07 39979712                  /usr/lib/x86_64-linux-gnu/libexpat.so.1.9.1
71478504e000-71478504f000 rw-p 0002a000 103:07 39979712                  /usr/lib/x86_64-linux-gnu/libexpat.so.1.9.1
71478504f000-714785054000 r--p 00000000 103:07 39980985                  /usr/lib/x86_64-linux-gnu/libdrm.so.2.125.0
714785054000-714785060000 r-xp 00005000 103:07 39980985                  /usr/lib/x86_64-linux-gnu/libdrm.so.2.125.0
714785060000-714785064000 r--p 00011000 103:07 39980985                  /usr/lib/x86_64-linux-gnu/libdrm.so.2.125.0
714785064000-714785065000 r--p 00015000 103:07 39980985                  /usr/lib/x86_64-linux-gnu/libdrm.so.2.125.0
714785065000-714785066000 rw-p 00016000 103:07 39980985                  /usr/lib/x86_64-linux-gnu/libdrm.so.2.125.0
714785066000-71478506d000 r--p 00000000 103:07 39978961                  /usr/lib/x86_64-linux-gnu/libwayland-server.so.0.22.0
71478506d000-714785075000 r-xp 00007000 103:07 39978961                  /usr/lib/x86_64-linux-gnu/libwayland-server.so.0.22.0
714785075000-714785079000 r--p 0000f000 103:07 39978961                  /usr/lib/x86_64-linux-gnu/libwayland-server.so.0.22.0
714785079000-71478507b000 r--p 00012000 103:07 39978961                  /usr/lib/x86_64-linux-gnu/libwayland-server.so.0.22.0
71478507b000-71478507c000 rw-p 00014000 103:07 39978961                  /usr/lib/x86_64-linux-gnu/libwayland-server.so.0.22.0
71478507c000-714785098000 r--p 00000000 103:07 40928843                  /usr/lib/jni/libjogl_mobile.so
714785098000-7147850bd000 r-xp 0001c000 103:07 40928843                  /usr/lib/jni/libjogl_mobile.so
7147850bd000-7147850ca000 r--p 00041000 103:07 40928843                  /usr/lib/jni/libjogl_mobile.so
7147850ca000-7147850cb000 r--p 0004d000 103:07 40928843                  /usr/lib/jni/libjogl_mobile.so
7147850cb000-7147850cc000 rw-p 0004e000 103:07 40928843                  /usr/lib/jni/libjogl_mobile.so
7147850cc000-7147850cf000 r--p 00000000 103:07 39982647                  /usr/lib/x86_64-linux-gnu/libGLX.so.0.0.0
7147850cf000-7147850ea000 r-xp 00003000 103:07 39982647                  /usr/lib/x86_64-linux-gnu/libGLX.so.0.0.0
7147850ea000-7147850ed000 r--p 0001e000 103:07 39982647                  /usr/lib/x86_64-linux-gnu/libGLX.so.0.0.0
7147850ed000-7147850ee000 r--p 00020000 103:07 39982647                  /usr/lib/x86_64-linux-gnu/libGLX.so.0.0.0
7147850ee000-7147850ef000 rw-p 00021000 103:07 39982647                  /usr/lib/x86_64-linux-gnu/libGLX.so.0.0.0
7147850ef000-714785200000 rw-p 00000000 00:00 0 
714785200000-71478521f000 r-xp 00000000 103:07 57949162                  /home/bgodfrey/CASPER/Scilab/scilab-2024.1.0/lib/scilab/libscitypes-java.so.2024.1.0
71478521f000-71478541e000 ---p 0001f000 103:07 57949162                  /home/bgodfrey/CASPER/Scilab/scilab-2024.1.0/lib/scilab/libscitypes-java.so.2024.1.0
71478541e000-71478541f000 r--p 0001e000 103:07 57949162                  /home/bgodfrey/CASPER/Scilab/scilab-2024.1.0/lib/scilab/libscitypes-java.so.2024.1.0
71478541f000-714785420000 rw-p 0001f000 103:07 57949162                  /home/bgodfrey/CASPER/Scilab/scilab-2024.1.0/lib/scilab/libscitypes-java.so.2024.1.0
714785420000-714785423000 rw-p 00062000 103:07 57949162                  /home/bgodfrey/CASPER/Scilab/scilab-2024.1.0/lib/scilab/libscitypes-java.so.2024.1.0
714785423000-714785424000 r--s 00000000 103:07 32772570                  /var/cache/fontconfig/4b2eda6bb976bda485cb2176619421d5-le64.cache-9
714785424000-714785425000 r--p 00000000 103:07 39984443                  /usr/lib/x86_64-linux-gnu/libxcb-shm.so.0.0.0
714785425000-714785426000 r-xp 00001000 103:07 39984443                  /usr/lib/x86_64-linux-gnu/libxcb-shm.so.0.0.0
714785426000-714785427000 r--p 00002000 103:07 39984443                  /usr/lib/x86_64-linux-gnu/libxcb-shm.so.0.0.0
714785427000-714785428000 r--p 00002000 103:07 39984443                  /usr/lib/x86_64-linux-gnu/libxcb-shm.so.0.0.0
714785428000-714785429000 rw-p 00003000 103:07 39984443                  /usr/lib/x86_64-linux-gnu/libxcb-shm.so.0.0.0
714785429000-71478542a000 r--p 00000000 103:07 39981785                  /usr/lib/x86_64-linux-gnu/libX11-xcb.so.1.0.0
71478542a000-71478542b000 r-xp 00001000 103:07 39981785                  /usr/lib/x86_64-linux-gnu/libX11-xcb.so.1.0.0
71478542b000-71478542c000 r--p 00002000 103:07 39981785                  /usr/lib/x86_64-linux-gnu/libX11-xcb.so.1.0.0
71478542c000-71478542d000 r--p 00002000 103:07 39981785                  /usr/lib/x86_64-linux-gnu/libX11-xcb.so.1.0.0
71478542d000-71478542e000 rw-p 00003000 103:07 39981785                  /usr/lib/x86_64-linux-gnu/libX11-xcb.so.1.0.0
71478542e000-714785430000 r--p 00000000 103:07 39989106                  /usr/lib/x86_64-linux-gnu/libxcb-dri3.so.0.1.0
714785430000-714785432000 r-xp 00002000 103:07 39989106                  /usr/lib/x86_64-linux-gnu/libxcb-dri3.so.0.1.0
714785432000-714785433000 r--p 00004000 103:07 39989106                  /usr/lib/x86_64-linux-gnu/libxcb-dri3.so.0.1.0
714785433000-714785434000 r--p 00004000 103:07 39989106                  /usr/lib/x86_64-linux-gnu/libxcb-dri3.so.0.1.0
714785434000-714785435000 rw-p 00005000 103:07 39989106                  /usr/lib/x86_64-linux-gnu/libxcb-dri3.so.0.1.0
714785435000-714785439000 r--p 00000000 103:07 39977783                  /usr/lib/x86_64-linux-gnu/libnvidia-egl-wayland.so.1.1.13
714785439000-714785442000 r-xp 00004000 103:07 39977783                  /usr/lib/x86_64-linux-gnu/libnvidia-egl-wayland.so.1.1.13
714785442000-714785445000 r--p 0000d000 103:07 39977783                  /usr/lib/x86_64-linux-gnu/libnvidia-egl-wayland.so.1.1.13
714785445000-714785446000 r--p 00010000 103:07 39977783                  /usr/lib/x86_64-linux-gnu/libnvidia-egl-wayland.so.1.1.13
714785446000-714785447000 rw-p 00011000 103:07 39977783                  /usr/lib/x86_64-linux-gnu/libnvidia-egl-wayland.so.1.1.13
714785447000-714785488000 r--p 00000000 103:07 39983046                  /usr/lib/x86_64-linux-gnu/libGLdispatch.so.0.0.0
714785488000-7147854c7000 r-xp 00041000 103:07 39983046                  /usr/lib/x86_64-linux-gnu/libGLdispatch.so.0.0.0
7147854c7000-7147854da000 r--p 00080000 103:07 39983046                  /usr/lib/x86_64-linux-gnu/libGLdispatch.so.0.0.0
7147854da000-7147854f6000 r--p 00093000 103:07 39983046                  /usr/lib/x86_64-linux-gnu/libGLdispatch.so.0.0.0
7147854f6000-7147854f7000 rw-p 000af000 103:07 39983046                  /usr/lib/x86_64-linux-gnu/libGLdispatch.so.0.0.0
7147854f7000-714785600000 rw-p 00000000 00:00 0 
714785600000-714785606000 r-xp 00000000 103:07 57949270                  /home/bgodfrey/CASPER/Scilab/scilab-2024.1.0/lib/scilab/libscihistory_browser.so.2024.1.0
714785606000-714785805000 ---p 00006000 103:07 57949270                  /home/bgodfrey/CASPER/Scilab/scilab-2024.1.0/lib/scilab/libscihistory_browser.so.2024.1.0
714785805000-714785806000 r--p 00005000 103:07 57949270                  /home/bgodfrey/CASPER/Scilab/scilab-2024.1.0/lib/scilab/libscihistory_browser.so.2024.1.0
714785806000-714785807000 rw-p 00006000 103:07 57949270                  /home/bgodfrey/CASPER/Scilab/scilab-2024.1.0/lib/scilab/libscihistory_browser.so.2024.1.0
714785807000-714785809000 rw-p 00014000 103:07 57949270                  /home/bgodfrey/CASPER/Scilab/scilab-2024.1.0/lib/scilab/libscihistory_browser.so.2024.1.0
714785809000-71478580a000 r--s 00000000 103:07 32792116                  /var/cache/fontconfig/e0aa53bcfa504e64f87823c16bc01eb6-le64.cache-9
71478580a000-71478580b000 r--p 00000000 103:07 42865715                  /usr/share/locale-langpack/en/LC_MESSAGES/gtk30.mo
71478580b000-71478580e000 r--p 00000000 103:07 39980977                  /usr/lib/x86_64-linux-gnu/libEGL.so.1.1.0
71478580e000-714785818000 r-xp 00003000 103:07 39980977                  /usr/lib/x86_64-linux-gnu/libEGL.so.1.1.0
714785818000-71478581b000 r--p 0000d000 103:07 39980977                  /usr/lib/x86_64-linux-gnu/libEGL.so.1.1.0
71478581b000-71478581c000 r--p 00010000 103:07 39980977                  /usr/lib/x86_64-linux-gnu/libEGL.so.1.1.0
71478581c000-71478581d000 rw-p 00011000 103:07 39980977                  /usr/lib/x86_64-linux-gnu/libEGL.so.1.1.0
71478581d000-714785860000 r--p 00000000 103:07 39980858                  /usr/lib/x86_64-linux-gnu/libGL.so.1.7.0
714785860000-714785880000 r-xp 00043000 103:07 39980858                  /usr/lib/x86_64-linux-gnu/libGL.so.1.7.0
714785880000-714785894000 r--p 00063000 103:07 39980858                  /usr/lib/x86_64-linux-gnu/libGL.so.1.7.0
714785894000-7147858a2000 r--p 00077000 103:07 39980858                  /usr/lib/x86_64-linux-gnu/libGL.so.1.7.0
7147858a2000-7147858a3000 rw-p 00085000 103:07 39980858                  /usr/lib/x86_64-linux-gnu/libGL.so.1.7.0
7147858a3000-7147858a4000 rw-p 00000000 00:00 0 
7147858a4000-7147858a5000 r--p 00000000 103:07 39981462                  /usr/lib/x86_64-linux-gnu/libbrotlicommon.so.1.1.0
7147858a5000-7147858a6000 r-xp 00001000 103:07 39981462                  /usr/lib/x86_64-linux-gnu/libbrotlicommon.so.1.1.0
7147858a6000-7147858c5000 r--p 00002000 103:07 39981462                  /usr/lib/x86_64-linux-gnu/libbrotlicommon.so.1.1.0
7147858c5000-7147858c6000 r--p 00021000 103:07 39981462                  /usr/lib/x86_64-linux-gnu/libbrotlicommon.so.1.1.0
7147858c6000-7147858c7000 rw-p 00022000 103:07 39981462                  /usr/lib/x86_64-linux-gnu/libbrotlicommon.so.1.1.0
7147858c7000-7147858cc000 r--p 00000000 103:07 39977232                  /usr/lib/x86_64-linux-gnu/libpng16.so.16.43.0
7147858cc000-7147858f4000 r-xp 00005000 103:07 39977232                  /usr/lib/x86_64-linux-gnu/libpng16.so.16.43.0
7147858f4000-7147858fd000 r--p 0002d000 103:07 39977232                  /usr/lib/x86_64-linux-gnu/libpng16.so.16.43.0
7147858fd000-7147858fe000 r--p 00035000 103:07 39977232                  /usr/lib/x86_64-linux-gnu/libpng16.so.16.43.0
7147858fe000-7147858ff000 rw-p 00036000 103:07 39977232                  /usr/lib/x86_64-linux-gnu/libpng16.so.16.43.0
7147858ff000-714785a00000 rw-p 00000000 00:00 0 
714785a00000-714785a1e000 r-xp 00000000 103:07 57949262                  /home/bgodfrey/CASPER/Scilab/scilab-2024.1.0/lib/scilab/libsciui_data.so.2024.1.0
714785a1e000-714785c1d000 ---p 0001e000 103:07 57949262                  /home/bgodfrey/CASPER/Scilab/scilab-2024.1.0/lib/scilab/libsciui_data.so.2024.1.0
714785c1d000-714785c1e000 r--p 0001d000 103:07 57949262                  /home/bgodfrey/CASPER/Scilab/scilab-2024.1.0/lib/scilab/libsciui_data.so.2024.1.0
714785c1e000-714785c1f000 rw-p 0001e000 103:07 57949262                  /home/bgodfrey/CASPER/Scilab/scilab-2024.1.0/lib/scilab/libsciui_data.so.2024.1.0
714785c1f000-714785c23000 rw-p 0006e000 103:07 57949262                  /home/bgodfrey/CASPER/Scilab/scilab-2024.1.0/lib/scilab/libsciui_data.so.2024.1.0
714785c23000-714785c28000 r--p 00000000 103:07 39987562                  /usr/lib/x86_64-linux-gnu/libwayland-client.so.0.22.0
714785c28000-714785c2e000 r-xp 00005000 103:07 39987562                  /usr/lib/x86_64-linux-gnu/libwayland-client.so.0.22.0
714785c2e000-714785c30000 r--p 0000b000 103:07 39987562                  /usr/lib/x86_64-linux-gnu/libwayland-client.so.0.22.0
714785c30000-714785c32000 r--p 0000d000 103:07 39987562                  /usr/lib/x86_64-linux-gnu/libwayland-client.so.0.22.0
714785c32000-714785c33000 rw-p 0000f000 103:07 39987562                  /usr/lib/x86_64-linux-gnu/libwayland-client.so.0.22.0
714785c33000-714785c40000 r--p 00000000 103:07 39977101                  /usr/lib/x86_64-linux-gnu/libfreetype.so.6.20.1
714785c40000-714785cd1000 r-xp 0000d000 103:07 39977101                  /usr/lib/x86_64-linux-gnu/libfreetype.so.6.20.1
714785cd1000-714785cf7000 r--p 0009e000 103:07 39977101                  /usr/lib/x86_64-linux-gnu/libfreetype.so.6.20.1
714785cf7000-714785cfe000 r--p 000c4000 103:07 39977101                  /usr/lib/x86_64-linux-gnu/libfreetype.so.6.20.1
714785cfe000-714785cff000 rw-p 000cb000 103:07 39977101                  /usr/lib/x86_64-linux-gnu/libfreetype.so.6.20.1
714785cff000-714785e00000 rw-p 00000000 00:00 0 
714785e00000-714785e08000 r-xp 00000000 103:07 57949250                  /home/bgodfrey/CASPER/Scilab/scilab-2024.1.0/lib/scilab/libsciscinotes.so.2024.1.0
714785e08000-714786007000 ---p 00008000 103:07 57949250                  /home/bgodfrey/CASPER/Scilab/scilab-2024.1.0/lib/scilab/libsciscinotes.so.2024.1.0
714786007000-714786008000 r--p 00007000 103:07 57949250                  /home/bgodfrey/CASPER/Scilab/scilab-2024.1.0/lib/scilab/libsciscinotes.so.2024.1.0
714786008000-714786009000 rw-p 00008000 103:07 57949250                  /home/bgodfrey/CASPER/Scilab/scilab-2024.1.0/lib/scilab/libsciscinotes.so.2024.1.0
714786009000-71478600b000 rw-p 0001c000 103:07 57949250                  /home/bgodfrey/CASPER/Scilab/scilab-2024.1.0/lib/scilab/libsciscinotes.so.2024.1.0
71478600b000-71478600d000 r--p 00000000 103:07 39978694                  /usr/lib/x86_64-linux-gnu/libgbm.so.1.0.0
71478600d000-71478600f000 r-xp 00002000 103:07 39978694                  /usr/lib/x86_64-linux-gnu/libgbm.so.1.0.0
71478600f000-714786010000 r--p 00004000 103:07 39978694                  /usr/lib/x86_64-linux-gnu/libgbm.so.1.0.0
714786010000-714786011000 r--p 00004000 103:07 39978694                  /usr/lib/x86_64-linux-gnu/libgbm.so.1.0.0
714786011000-714786012000 rw-p 00005000 103:07 39978694                  /usr/lib/x86_64-linux-gnu/libgbm.so.1.0.0
714786012000-71478603f000 r--p 00000000 103:07 57952162                  /home/bgodfrey/CASPER/Scilab/scilab-2024.1.0/thirdparty/java/lib/libawt.so
71478603f000-7147860c1000 r-xp 0002d000 103:07 57952162                  /home/bgodfrey/CASPER/Scilab/scilab-2024.1.0/thirdparty/java/lib/libawt.so
7147860c1000-7147860ce000 r--p 000af000 103:07 57952162                  /home/bgodfrey/CASPER/Scilab/scilab-2024.1.0/thirdparty/java/lib/libawt.so
7147860ce000-7147860cf000 r--p 000bb000 103:07 57952162                  /home/bgodfrey/CASPER/Scilab/scilab-2024.1.0/thirdparty/java/lib/libawt.so
7147860cf000-7147860da000 rw-p 000bc000 103:07 57952162                  /home/bgodfrey/CASPER/Scilab/scilab-2024.1.0/thirdparty/java/lib/libawt.so
7147860da000-714786200000 rw-p 00000000 00:00 0 
714786200000-714786257000 r-xp 00000000 103:07 57949179                  /home/bgodfrey/CASPER/Scilab/scilab-2024.1.0/lib/scilab/libscigraphic_objects.so.2024.1.0
714786257000-714786457000 ---p 00057000 103:07 57949179                  /home/bgodfrey/CASPER/Scilab/scilab-2024.1.0/lib/scilab/libscigraphic_objects.so.2024.1.0
714786457000-714786458000 r--p 00057000 103:07 57949179                  /home/bgodfrey/CASPER/Scilab/scilab-2024.1.0/lib/scilab/libscigraphic_objects.so.2024.1.0
714786458000-71478645a000 rw-p 00058000 103:07 57949179                  /home/bgodfrey/CASPER/Scilab/scilab-2024.1.0/lib/scilab/libscigraphic_objects.so.2024.1.0
71478645a000-71478645b000 rw-p 00000000 00:00 0 
71478645b000-714786467000 rw-p 0011c000 103:07 57949179                  /home/bgodfrey/CASPER/Scilab/scilab-2024.1.0/lib/scilab/libscigraphic_objects.so.2024.1.0
714786467000-714786469000 r--p 00000000 103:07 39979155                  /usr/lib/x86_64-linux-gnu/libffi.so.8.1.4
714786469000-714786470000 r-xp 00002000 103:07 39979155                  /usr/lib/x86_64-linux-gnu/libffi.so.8.1.4
714786470000-714786471000 r--p 00009000 103:07 39979155                  /usr/lib/x86_64-linux-gnu/libffi.so.8.1.4
714786471000-714786472000 r--p 0000a000 103:07 39979155                  /usr/lib/x86_64-linux-gnu/libffi.so.8.1.4
714786472000-714786473000 rw-p 0000b000 103:07 39979155                  /usr/lib/x86_64-linux-gnu/libffi.so.8.1.4
714786473000-714786475000 r--p 00000000 103:07 39977098                  /usr/lib/x86_64-linux-gnu/libbz2.so.1.0.4
714786475000-714786483000 r-xp 00002000 103:07 39977098                  /usr/lib/x86_64-linux-gnu/libbz2.so.1.0.4
714786483000-714786485000 r--p 00010000 103:07 39977098                  /usr/lib/x86_64-linux-gnu/libbz2.so.1.0.4
714786485000-714786486000 r--p 00011000 103:07 39977098                  /usr/lib/x86_64-linux-gnu/libbz2.so.1.0.4
714786486000-714786487000 rw-p 00012000 103:07 39977098                  /usr/lib/x86_64-linux-gnu/libbz2.so.1.0.4
714786487000-71478648a000 r--p 00000000 103:07 39980036                  /usr/lib/x86_64-linux-gnu/libXi.so.6.1.0
71478648a000-714786496000 r-xp 00003000 103:07 39980036                  /usr/lib/x86_64-linux-gnu/libXi.so.6.1.0
714786496000-714786498000 r--p 0000f000 103:07 39980036                  /usr/lib/x86_64-linux-gnu/libXi.so.6.1.0
714786498000-714786499000 r--p 00011000 103:07 39980036                  /usr/lib/x86_64-linux-gnu/libXi.so.6.1.0
714786499000-71478649a000 rw-p 00012000 103:07 39980036                  /usr/lib/x86_64-linux-gnu/libXi.so.6.1.0
71478649a000-7147864aa000 r--p 00000000 103:07 57952104                  /home/bgodfrey/CASPER/Scilab/scilab-2024.1.0/thirdparty/java/lib/libawt_xawt.so
7147864aa000-7147864e8000 r-xp 00010000 103:07 57952104                  /home/bgodfrey/CASPER/Scilab/scilab-2024.1.0/thirdparty/java/lib/libawt_xawt.so
7147864e8000-7147864f9000 r--p 0004e000 103:07 57952104                  /home/bgodfrey/CASPER/Scilab/scilab-2024.1.0/thirdparty/java/lib/libawt_xawt.so
7147864f9000-7147864fa000 ---p 0005f000 103:07 57952104                  /home/bgodfrey/CASPER/Scilab/scilab-2024.1.0/thirdparty/java/lib/libawt_xawt.so
7147864fa000-7147864fb000 r--p 0005f000 103:07 57952104                  /home/bgodfrey/CASPER/Scilab/scilab-2024.1.0/thirdparty/java/lib/libawt_xawt.so
7147864fb000-7147864fd000 rw-p 00060000 103:07 57952104                  /home/bgodfrey/CASPER/Scilab/scilab-2024.1.0/thirdparty/java/lib/libawt_xawt.so
7147864fd000-714786600000 rw-p 00000000 00:00 0 
714786600000-714786605000 r-xp 00000000 103:07 57949170                  /home/bgodfrey/CASPER/Scilab/scilab-2024.1.0/lib/scilab/libsciaction_binding.so.2024.1.0
714786605000-714786804000 ---p 00005000 103:07 57949170                  /home/bgodfrey/CASPER/Scilab/scilab-2024.1.0/lib/scilab/libsciaction_binding.so.2024.1.0
714786804000-714786805000 r--p 00004000 103:07 57949170                  /home/bgodfrey/CASPER/Scilab/scilab-2024.1.0/lib/scilab/libsciaction_binding.so.2024.1.0
714786805000-714786806000 rw-p 00005000 103:07 57949170                  /home/bgodfrey/CASPER/Scilab/scilab-2024.1.0/lib/scilab/libsciaction_binding.so.2024.1.0
714786806000-714786808000 rw-p 00014000 103:07 57949170                  /home/bgodfrey/CASPER/Scilab/scilab-2024.1.0/lib/scilab/libsciaction_binding.so.2024.1.0
714786808000-714786810000 r--p 00000000 103:07 39982653                  /usr/lib/x86_64-linux-gnu/libGLESv2.so.2.1.0
714786810000-714786815000 r-xp 00008000 103:07 39982653                  /usr/lib/x86_64-linux-gnu/libGLESv2.so.2.1.0
714786815000-714786817000 r--p 0000d000 103:07 39982653                  /usr/lib/x86_64-linux-gnu/libGLESv2.so.2.1.0
714786817000-714786819000 r--p 0000f000 103:07 39982653                  /usr/lib/x86_64-linux-gnu/libGLESv2.so.2.1.0
714786819000-71478681a000 rw-p 00011000 103:07 39982653                  /usr/lib/x86_64-linux-gnu/libGLESv2.so.2.1.0
71478681a000-71478681e000 r--p 00000000 103:07 39986854                  /usr/lib/x86_64-linux-gnu/libXext.so.6.4.0
71478681e000-714786829000 r-xp 00004000 103:07 39986854                  /usr/lib/x86_64-linux-gnu/libXext.so.6.4.0
714786829000-71478682c000 r--p 0000f000 103:07 39986854                  /usr/lib/x86_64-linux-gnu/libXext.so.6.4.0
71478682c000-71478682d000 r--p 00011000 103:07 39986854                  /usr/lib/x86_64-linux-gnu/libXext.so.6.4.0
71478682d000-71478682e000 rw-p 00012000 103:07 39986854                  /usr/lib/x86_64-linux-gnu/libXext.so.6.4.0
71478682e000-714786833000 r--p 00000000 103:07 57952160                  /home/bgodfrey/CASPER/Scilab/scilab-2024.1.0/thirdparty/java/lib/libjsvml.so
714786833000-714786874000 r-xp 00005000 103:07 57952160                  /home/bgodfrey/CASPER/Scilab/scilab-2024.1.0/thirdparty/java/lib/libjsvml.so
714786874000-7147868fd000 r--p 00046000 103:07 57952160                  /home/bgodfrey/CASPER/Scilab/scilab-2024.1.0/thirdparty/java/lib/libjsvml.so
7147868fd000-7147868fe000 r--p 000ce000 103:07 57952160                  /home/bgodfrey/CASPER/Scilab/scilab-2024.1.0/thirdparty/java/lib/libjsvml.so
7147868fe000-7147868ff000 rw-p 000cf000 103:07 57952160                  /home/bgodfrey/CASPER/Scilab/scilab-2024.1.0/thirdparty/java/lib/libjsvml.so
7147868ff000-714786a00000 rw-p 00000000 00:00 0 
714786a00000-714786a09000 r-xp 00000000 103:07 57949198                  /home/bgodfrey/CASPER/Scilab/scilab-2024.1.0/lib/scilab/libscigraphic_export.so.2024.1.0
714786a09000-714786c08000 ---p 00009000 103:07 57949198                  /home/bgodfrey/CASPER/Scilab/scilab-2024.1.0/lib/scilab/libscigraphic_export.so.2024.1.0
714786c08000-714786c09000 r--p 00008000 103:07 57949198                  /home/bgodfrey/CASPER/Scilab/scilab-2024.1.0/lib/scilab/libscigraphic_export.so.2024.1.0
714786c09000-714786c0a000 rw-p 00009000 103:07 57949198                  /home/bgodfrey/CASPER/Scilab/scilab-2024.1.0/lib/scilab/libscigraphic_export.so.2024.1.0
714786c0a000-714786c0c000 rw-p 0001c000 103:07 57949198                  /home/bgodfrey/CASPER/Scilab/scilab-2024.1.0/lib/scilab/libscigraphic_export.so.2024.1.0
714786c0c000-714786c0e000 r--p 00000000 103:07 39980418                  /usr/lib/x86_64-linux-gnu/libz.so.1.3
714786c0e000-714786c20000 r-xp 00002000 103:07 39980418                  /usr/lib/x86_64-linux-gnu/libz.so.1.3
714786c20000-714786c26000 r--p 00014000 103:07 39980418                  /usr/lib/x86_64-linux-gnu/libz.so.1.3
714786c26000-714786c27000 r--p 0001a000 103:07 39980418                  /usr/lib/x86_64-linux-gnu/libz.so.1.3
714786c27000-714786c28000 rw-p 0001b000 103:07 39980418                  /usr/lib/x86_64-linux-gnu/libz.so.1.3
714786c28000-714786c29000 rw-s 10082b000 00:10 1059                      anon_inode:i915.gem
714786c29000-714786c2a000 rw-s 00000000 00:01 662235                     /memfd:xshmfence (deleted)
714786c2a000-714786c2b000 rw-s 109495000 00:10 1059                      anon_inode:i915.gem
714786c2b000-714786c2c000 rw-s 100aea000 00:10 1059                      anon_inode:i915.gem
714786c2c000-714786c2d000 rw-s 100ae9000 00:10 1059                      anon_inode:i915.gem
714786c2d000-714786c3d000 rw-s 10bcbc000 00:10 1059                      anon_inode:i915.gem
714786c3d000-714786c4d000 rw-s 10e04c000 00:10 1059                      anon_inode:i915.gem
714786c4d000-714786e00000 rw-p 00000000 00:00 0 
714786e00000-714786e85000 r-xp 00000000 103:07 57949206                  /home/bgodfrey/CASPER/Scilab/scilab-2024.1.0/lib/scilab/libscigraphics.so.2024.1.0
714786e85000-714787085000 ---p 00085000 103:07 57949206                  /home/bgodfrey/CASPER/Scilab/scilab-2024.1.0/lib/scilab/libscigraphics.so.2024.1.0
714787085000-714787089000 r--p 00085000 103:07 57949206                  /home/bgodfrey/CASPER/Scilab/scilab-2024.1.0/lib/scilab/libscigraphics.so.2024.1.0
714787089000-71478708b000 rw-p 00089000 103:07 57949206                  /home/bgodfrey/CASPER/Scilab/scilab-2024.1.0/lib/scilab/libscigraphics.so.2024.1.0
71478708b000-71478708c000 rw-p 00000000 00:00 0 
71478708c000-714787095000 rw-p 00283000 103:07 57949206                  /home/bgodfrey/CASPER/Scilab/scilab-2024.1.0/lib/scilab/libscigraphics.so.2024.1.0
714787095000-714787096000 rw-s 1048b0000 00:10 1059                      anon_inode:i915.gem
714787096000-714787097000 r--p 00000000 103:07 39981463                  /usr/lib/x86_64-linux-gnu/libbrotlidec.so.1.1.0
714787097000-71478709f000 r-xp 00001000 103:07 39981463                  /usr/lib/x86_64-linux-gnu/libbrotlidec.so.1.1.0
71478709f000-7147870a2000 r--p 00009000 103:07 39981463                  /usr/lib/x86_64-linux-gnu/libbrotlidec.so.1.1.0
7147870a2000-7147870a3000 r--p 0000b000 103:07 39981463                  /usr/lib/x86_64-linux-gnu/libbrotlidec.so.1.1.0
7147870a3000-7147870a4000 rw-p 0000c000 103:07 39981463                  /usr/lib/x86_64-linux-gnu/libbrotlidec.so.1.1.0
7147870a4000-714787200000 rw-p 00000000 00:00 0 
714787200000-71478720b000 r-xp 00000000 103:07 57949182                  /home/bgodfrey/CASPER/Scilab/scilab-2024.1.0/lib/scilab/libscirenderer.so.2024.1.0
71478720b000-71478740b000 ---p 0000b000 103:07 57949182                  /home/bgodfrey/CASPER/Scilab/scilab-2024.1.0/lib/scilab/libscirenderer.so.2024.1.0
71478740b000-71478740c000 r--p 0000b000 103:07 57949182                  /home/bgodfrey/CASPER/Scilab/scilab-2024.1.0/lib/scilab/libscirenderer.so.2024.1.0
71478740c000-71478740d000 rw-p 0000c000 103:07 57949182                  /home/bgodfrey/CASPER/Scilab/scilab-2024.1.0/lib/scilab/libscirenderer.so.2024.1.0
71478740d000-71478740f000 rw-p 00024000 103:07 57949182                  /home/bgodfrey/CASPER/Scilab/scilab-2024.1.0/lib/scilab/libscirenderer.so.2024.1.0
71478740f000-714787410000 r--p 00000000 103:07 39984706                  /usr/lib/x86_64-linux-gnu/libxcb-present.so.0.0.0
714787410000-714787411000 r-xp 00001000 103:07 39984706                  /usr/lib/x86_64-linux-gnu/libxcb-present.so.0.0.0
714787411000-714787412000 r--p 00002000 103:07 39984706                  /usr/lib/x86_64-linux-gnu/libxcb-present.so.0.0.0
714787412000-714787413000 r--p 00002000 103:07 39984706                  /usr/lib/x86_64-linux-gnu/libxcb-present.so.0.0.0
714787413000-714787414000 rw-p 00003000 103:07 39984706                  /usr/lib/x86_64-linux-gnu/libxcb-present.so.0.0.0
714787414000-714787418000 r--p 00000000 103:07 57952151                  /home/bgodfrey/CASPER/Scilab/scilab-2024.1.0/thirdparty/java/lib/libnet.so
714787418000-714787426000 r-xp 00004000 103:07 57952151                  /home/bgodfrey/CASPER/Scilab/scilab-2024.1.0/thirdparty/java/lib/libnet.so
714787426000-71478742a000 r--p 00012000 103:07 57952151                  /home/bgodfrey/CASPER/Scilab/scilab-2024.1.0/thirdparty/java/lib/libnet.so
71478742a000-71478742b000 r--p 00015000 103:07 57952151                  /home/bgodfrey/CASPER/Scilab/scilab-2024.1.0/thirdparty/java/lib/libnet.so
71478742b000-71478742c000 rw-p 00016000 103:07 57952151                  /home/bgodfrey/CASPER/Scilab/scilab-2024.1.0/thirdparty/java/lib/libnet.so
71478742c000-714787433000 r--p 00000000 103:07 57952157                  /home/bgodfrey/CASPER/Scilab/scilab-2024.1.0/thirdparty/java/lib/libnio.so
714787433000-71478743c000 r-xp 00007000 103:07 57952157                  /home/bgodfrey/CASPER/Scilab/scilab-2024.1.0/thirdparty/java/lib/libnio.so
71478743c000-714787440000 r--p 00010000 103:07 57952157                  /home/bgodfrey/CASPER/Scilab/scilab-2024.1.0/thirdparty/java/lib/libnio.so
714787440000-714787441000 ---p 00014000 103:07 57952157                  /home/bgodfrey/CASPER/Scilab/scilab-2024.1.0/thirdparty/java/lib/libnio.so
714787441000-714787442000 r--p 00014000 103:07 57952157                  /home/bgodfrey/CASPER/Scilab/scilab-2024.1.0/thirdparty/java/lib/libnio.so
714787442000-714787443000 rw-p 00015000 103:07 57952157                  /home/bgodfrey/CASPER/Scilab/scilab-2024.1.0/thirdparty/java/lib/libnio.so
714787443000-714787600000 rw-p 00000000 00:00 0 
714787600000-714787669000 r-xp 00000000 103:07 57949190                  /home/bgodfrey/CASPER/Scilab/scilab-2024.1.0/lib/scilab/libscigui.so.2024.1.0
714787669000-714787869000 ---p 00069000 103:07 57949190                  /home/bgodfrey/CASPER/Scilab/scilab-2024.1.0/lib/scilab/libscigui.so.2024.1.0
714787869000-71478786a000 r--p 00069000 103:07 57949190                  /home/bgodfrey/CASPER/Scilab/scilab-2024.1.0/lib/scilab/libscigui.so.2024.1.0
71478786a000-71478786b000 rw-p 0006a000 103:07 57949190                  /home/bgodfrey/CASPER/Scilab/scilab-2024.1.0/lib/scilab/libscigui.so.2024.1.0
71478786b000-71478786c000 rw-p 00000000 00:00 0 
71478786c000-714787877000 rw-p 0016a000 103:07 57949190                  /home/bgodfrey/CASPER/Scilab/scilab-2024.1.0/lib/scilab/libscigui.so.2024.1.0
714787877000-714787878000 rw-s 1048af000 00:10 1059                      anon_inode:i915.gem
714787878000-714787879000 r--p 00000000 103:07 39984715                  /usr/lib/x86_64-linux-gnu/libnvidia-egl-gbm.so.1.1.3
714787879000-71478787c000 r-xp 00001000 103:07 39984715                  /usr/lib/x86_64-linux-gnu/libnvidia-egl-gbm.so.1.1.3
71478787c000-71478787d000 r--p 00004000 103:07 39984715                  /usr/lib/x86_64-linux-gnu/libnvidia-egl-gbm.so.1.1.3
71478787d000-71478787e000 ---p 00005000 103:07 39984715                  /usr/lib/x86_64-linux-gnu/libnvidia-egl-gbm.so.1.1.3
71478787e000-71478787f000 r--p 00005000 103:07 39984715                  /usr/lib/x86_64-linux-gnu/libnvidia-egl-gbm.so.1.1.3
71478787f000-714787880000 rw-p 00006000 103:07 39984715                  /usr/lib/x86_64-linux-gnu/libnvidia-egl-gbm.so.1.1.3
714787880000-714787a00000 rw-p 00000000 00:00 0 
714787a00000-714787a01000 r-xp 00000000 103:07 57949334                  /home/bgodfrey/CASPER/Scilab/scilab-2024.1.0/lib/scilab/libscilab.so.2024.1.0
714787a01000-714787c01000 ---p 00001000 103:07 57949334                  /home/bgodfrey/CASPER/Scilab/scilab-2024.1.0/lib/scilab/libscilab.so.2024.1.0
714787c01000-714787c02000 r--p 00001000 103:07 57949334                  /home/bgodfrey/CASPER/Scilab/scilab-2024.1.0/lib/scilab/libscilab.so.2024.1.0
714787c02000-714787c04000 rw-p 00002000 103:07 57949334                  /home/bgodfrey/CASPER/Scilab/scilab-2024.1.0/lib/scilab/libscilab.so.2024.1.0
714787c04000-714787c06000 r--p 00000000 103:07 39980056                  /usr/lib/x86_64-linux-gnu/libXtst.so.6.1.0
714787c06000-714787c09000 r-xp 00002000 103:07 39980056                  /usr/lib/x86_64-linux-gnu/libXtst.so.6.1.0
714787c09000-714787c0a000 r--p 00005000 103:07 39980056                  /usr/lib/x86_64-linux-gnu/libXtst.so.6.1.0
714787c0a000-714787c0b000 r--p 00005000 103:07 39980056                  /usr/lib/x86_64-linux-gnu/libXtst.so.6.1.0
714787c0b000-714787c0c000 rw-p 00006000 103:07 39980056                  /usr/lib/x86_64-linux-gnu/libXtst.so.6.1.0
714787c0c000-714787c0e000 r--p 00000000 103:07 57952127                  /home/bgodfrey/CASPER/Scilab/scilab-2024.1.0/thirdparty/java/lib/libzip.so
714787c0e000-714787c12000 r-xp 00002000 103:07 57952127                  /home/bgodfrey/CASPER/Scilab/scilab-2024.1.0/thirdparty/java/lib/libzip.so
714787c12000-714787c14000 r--p 00006000 103:07 57952127                  /home/bgodfrey/CASPER/Scilab/scilab-2024.1.0/thirdparty/java/lib/libzip.so
714787c14000-714787c15000 r--p 00007000 103:07 57952127                  /home/bgodfrey/CASPER/Scilab/scilab-2024.1.0/thirdparty/java/lib/libzip.so
714787c15000-714787c16000 rw-p 00008000 103:07 57952127                  /home/bgodfrey/CASPER/Scilab/scilab-2024.1.0/thirdparty/java/lib/libzip.so
714787c16000-714787c35000 rw-p 00000000 00:00 0 
714787c35000-714787cff000 ---p 00000000 00:00 0 
714787cff000-714787e00000 rw-p 00000000 00:00 0 
714787e00000-714787e0b000 r-xp 00000000 103:07 57949150                  /home/bgodfrey/CASPER/Scilab/scilab-2024.1.0/lib/scilab/libscicommons.so.2024.1.0
714787e0b000-71478800a000 ---p 0000b000 103:07 57949150                  /home/bgodfrey/CASPER/Scilab/scilab-2024.1.0/lib/scilab/libscicommons.so.2024.1.0
71478800a000-71478800b000 r--p 0000a000 103:07 57949150                  /home/bgodfrey/CASPER/Scilab/scilab-2024.1.0/lib/scilab/libscicommons.so.2024.1.0
71478800b000-71478800c000 rw-p 0000b000 103:07 57949150                  /home/bgodfrey/CASPER/Scilab/scilab-2024.1.0/lib/scilab/libscicommons.so.2024.1.0
71478800c000-71478800f000 rw-p 0002e000 103:07 57949150                  /home/bgodfrey/CASPER/Scilab/scilab-2024.1.0/lib/scilab/libscicommons.so.2024.1.0
71478800f000-714788010000 r--p 00000000 103:07 39996613                  /usr/lib/x86_64-linux-gnu/libXxf86vm.so.1.0.0
714788010000-714788013000 r-xp 00001000 103:07 39996613                  /usr/lib/x86_64-linux-gnu/libXxf86vm.so.1.0.0
714788013000-714788014000 r--p 00004000 103:07 39996613                  /usr/lib/x86_64-linux-gnu/libXxf86vm.so.1.0.0
714788014000-714788015000 r--p 00004000 103:07 39996613                  /usr/lib/x86_64-linux-gnu/libXxf86vm.so.1.0.0
714788015000-714788016000 rw-p 00005000 103:07 39996613                  /usr/lib/x86_64-linux-gnu/libXxf86vm.so.1.0.0
714788016000-714788045000 rw-p 00000000 00:00 0 
714788045000-7147880ff000 ---p 00000000 00:00 0 
7147880ff000-714788200000 rw-p 00000000 00:00 0 
714788200000-714788208000 r-xp 00000000 103:07 57949158                  /home/bgodfrey/CASPER/Scilab/scilab-2024.1.0/lib/scilab/libscijvm.so.2024.1.0
714788208000-714788408000 ---p 00008000 103:07 57949158                  /home/bgodfrey/CASPER/Scilab/scilab-2024.1.0/lib/scilab/libscijvm.so.2024.1.0
714788408000-714788409000 r--p 00008000 103:07 57949158                  /home/bgodfrey/CASPER/Scilab/scilab-2024.1.0/lib/scilab/libscijvm.so.2024.1.0
714788409000-71478840a000 rw-p 00009000 103:07 57949158                  /home/bgodfrey/CASPER/Scilab/scilab-2024.1.0/lib/scilab/libscijvm.so.2024.1.0
71478840a000-71478840b000 rw-p 00052000 103:07 57949158                  /home/bgodfrey/CASPER/Scilab/scilab-2024.1.0/lib/scilab/libscijvm.so.2024.1.0
71478840b000-71478840c000 r--p 00000000 103:07 57952122                  /home/bgodfrey/CASPER/Scilab/scilab-2024.1.0/thirdparty/java/lib/libjawt.so
71478840c000-71478840d000 r-xp 00001000 103:07 57952122                  /home/bgodfrey/CASPER/Scilab/scilab-2024.1.0/thirdparty/java/lib/libjawt.so
71478840d000-71478840e000 r--p 00002000 103:07 57952122                  /home/bgodfrey/CASPER/Scilab/scilab-2024.1.0/thirdparty/java/lib/libjawt.so
71478840e000-71478840f000 r--p 00002000 103:07 57952122                  /home/bgodfrey/CASPER/Scilab/scilab-2024.1.0/thirdparty/java/lib/libjawt.so
71478840f000-714788410000 rw-p 00003000 103:07 57952122                  /home/bgodfrey/CASPER/Scilab/scilab-2024.1.0/thirdparty/java/lib/libjawt.so
714788410000-714788456000 rw-p 00000000 00:00 0 
714788456000-71478845d000 ---p 00000000 00:00 0 
71478845d000-714788465000 rw-s 00000000 103:07 68703522                  /tmp/hsperfdata_bgodfrey/886836
714788465000-714788467000 r--p 00000000 103:07 39983899                  /usr/lib/x86_64-linux-gnu/libXfixes.so.3.1.0
714788467000-71478846a000 r-xp 00002000 103:07 39983899                  /usr/lib/x86_64-linux-gnu/libXfixes.so.3.1.0
71478846a000-71478846b000 r--p 00005000 103:07 39983899                  /usr/lib/x86_64-linux-gnu/libXfixes.so.3.1.0
71478846b000-71478846c000 r--p 00005000 103:07 39983899                  /usr/lib/x86_64-linux-gnu/libXfixes.so.3.1.0
71478846c000-71478846d000 rw-p 00006000 103:07 39983899                  /usr/lib/x86_64-linux-gnu/libXfixes.so.3.1.0
71478846d000-71478846e000 r--p 00000000 103:07 39987535                  /usr/lib/x86_64-linux-gnu/libXinerama.so.1.0.0
71478846e000-71478846f000 r-xp 00001000 103:07 39987535                  /usr/lib/x86_64-linux-gnu/libXinerama.so.1.0.0
71478846f000-714788470000 r--p 00002000 103:07 39987535                  /usr/lib/x86_64-linux-gnu/libXinerama.so.1.0.0
714788470000-714788471000 r--p 00002000 103:07 39987535                  /usr/lib/x86_64-linux-gnu/libXinerama.so.1.0.0
714788471000-714788472000 rw-p 00003000 103:07 39987535                  /usr/lib/x86_64-linux-gnu/libXinerama.so.1.0.0
714788472000-714788476000 r--p 00000000 103:07 57952161                  /home/bgodfrey/CASPER/Scilab/scilab-2024.1.0/thirdparty/java/lib/libjimage.so
714788476000-714788489000 r-xp 00004000 103:07 57952161                  /home/bgodfrey/CASPER/Scilab/scilab-2024.1.0/thirdparty/java/lib/libjimage.so
714788489000-71478848f000 r--p 00017000 103:07 57952161                  /home/bgodfrey/CASPER/Scilab/scilab-2024.1.0/thirdparty/java/lib/libjimage.so
71478848f000-714788491000 r--p 0001c000 103:07 57952161                  /home/bgodfrey/CASPER/Scilab/scilab-2024.1.0/thirdparty/java/lib/libjimage.so
714788491000-714788492000 rw-p 0001e000 103:07 57952161                  /home/bgodfrey/CASPER/Scilab/scilab-2024.1.0/thirdparty/java/lib/libjimage.so
714788492000-7147884b4000 rw-p 00000000 00:00 0 
7147884b4000-7147884b6000 r--p 00000000 103:07 39981104                  /usr/lib/x86_64-linux-gnu/libmd.so.0.1.0
7147884b6000-7147884bf000 r-xp 00002000 103:07 39981104                  /usr/lib/x86_64-linux-gnu/libmd.so.0.1.0
7147884bf000-7147884c1000 r--p 0000b000 103:07 39981104                  /usr/lib/x86_64-linux-gnu/libmd.so.0.1.0
7147884c1000-7147884c2000 r--p 0000c000 103:07 39981104                  /usr/lib/x86_64-linux-gnu/libmd.so.0.1.0
7147884c2000-7147884c3000 rw-p 0000d000 103:07 39981104                  /usr/lib/x86_64-linux-gnu/libmd.so.0.1.0
7147884c3000-7147884dc000 r--p 00000000 103:07 39979776                  /usr/lib/x86_64-linux-gnu/libX11.so.6.4.0
7147884dc000-71478856c000 r-xp 00019000 103:07 39979776                  /usr/lib/x86_64-linux-gnu/libX11.so.6.4.0
71478856c000-7147885fb000 r--p 000a9000 103:07 39979776                  /usr/lib/x86_64-linux-gnu/libX11.so.6.4.0
7147885fb000-7147885fc000 r--p 00138000 103:07 39979776                  /usr/lib/x86_64-linux-gnu/libX11.so.6.4.0
7147885fc000-714788600000 rw-p 00139000 103:07 39979776                  /usr/lib/x86_64-linux-gnu/libX11.so.6.4.0
714788600000-714788608000 r-xp 00000000 103:07 57949130                  /home/bgodfrey/CASPER/Scilab/scilab-2024.1.0/lib/scilab/libsciconsole.so.2024.1.0
714788608000-714788807000 ---p 00008000 103:07 57949130                  /home/bgodfrey/CASPER/Scilab/scilab-2024.1.0/lib/scilab/libsciconsole.so.2024.1.0
714788807000-714788808000 r--p 00007000 103:07 57949130                  /home/bgodfrey/CASPER/Scilab/scilab-2024.1.0/lib/scilab/libsciconsole.so.2024.1.0
714788808000-714788809000 rw-p 00008000 103:07 57949130                  /home/bgodfrey/CASPER/Scilab/scilab-2024.1.0/lib/scilab/libsciconsole.so.2024.1.0
714788809000-71478880b000 rw-p 00027000 103:07 57949130                  /home/bgodfrey/CASPER/Scilab/scilab-2024.1.0/lib/scilab/libsciconsole.so.2024.1.0
71478880b000-71478880f000 r--p 00000000 103:07 39984366                  /usr/lib/x86_64-linux-gnu/libbsd.so.0.12.1
71478880f000-71478881b000 r-xp 00004000 103:07 39984366                  /usr/lib/x86_64-linux-gnu/libbsd.so.0.12.1
71478881b000-71478881e000 r--p 00010000 103:07 39984366                  /usr/lib/x86_64-linux-gnu/libbsd.so.0.12.1
71478881e000-71478881f000 r--p 00012000 103:07 39984366                  /usr/lib/x86_64-linux-gnu/libbsd.so.0.12.1
71478881f000-714788820000 rw-p 00013000 103:07 39984366                  /usr/lib/x86_64-linux-gnu/libbsd.so.0.12.1
714788820000-714788821000 rw-p 00000000 00:00 0 
714788821000-714788823000 r--p 00000000 103:07 39982595                  /usr/lib/x86_64-linux-gnu/libXdmcp.so.6.0.0
714788823000-714788825000 r-xp 00002000 103:07 39982595                  /usr/lib/x86_64-linux-gnu/libXdmcp.so.6.0.0
714788825000-714788827000 r--p 00004000 103:07 39982595                  /usr/lib/x86_64-linux-gnu/libXdmcp.so.6.0.0
714788827000-714788828000 r--p 00005000 103:07 39982595                  /usr/lib/x86_64-linux-gnu/libXdmcp.so.6.0.0
714788828000-714788829000 rw-p 00006000 103:07 39982595                  /usr/lib/x86_64-linux-gnu/libXdmcp.so.6.0.0
714788829000-71478882a000 r--p 00000000 103:07 39981794                  /usr/lib/x86_64-linux-gnu/libXau.so.6.0.0
71478882a000-71478882c000 r-xp 00001000 103:07 39981794                  /usr/lib/x86_64-linux-gnu/libXau.so.6.0.0
71478882c000-71478882d000 r--p 00003000 103:07 39981794                  /usr/lib/x86_64-linux-gnu/libXau.so.6.0.0
71478882d000-71478882e000 r--p 00003000 103:07 39981794                  /usr/lib/x86_64-linux-gnu/libXau.so.6.0.0
71478882e000-71478882f000 rw-p 00004000 103:07 39981794                  /usr/lib/x86_64-linux-gnu/libXau.so.6.0.0
71478882f000-71478883a000 r--p 00000000 103:07 39983375                  /usr/lib/x86_64-linux-gnu/libxcb.so.1.1.0
71478883a000-71478884d000 r-xp 0000b000 103:07 39983375                  /usr/lib/x86_64-linux-gnu/libxcb.so.1.1.0
71478884d000-714788856000 r--p 0001e000 103:07 39983375                  /usr/lib/x86_64-linux-gnu/libxcb.so.1.1.0
714788856000-714788857000 r--p 00026000 103:07 39983375                  /usr/lib/x86_64-linux-gnu/libxcb.so.1.1.0
714788857000-714788858000 rw-p 00027000 103:07 39983375                  /usr/lib/x86_64-linux-gnu/libxcb.so.1.1.0
714788858000-71478885a000 rw-p 00000000 00:00 0 
71478885a000-71478885e000 r--p 00000000 103:07 39979605                  /usr/lib/x86_64-linux-gnu/libgcc_s.so.1
71478885e000-714788882000 r-xp 00004000 103:07 39979605                  /usr/lib/x86_64-linux-gnu/libgcc_s.so.1
714788882000-714788886000 r--p 00028000 103:07 39979605                  /usr/lib/x86_64-linux-gnu/libgcc_s.so.1
714788886000-714788887000 r--p 0002b000 103:07 39979605                  /usr/lib/x86_64-linux-gnu/libgcc_s.so.1
714788887000-714788888000 rw-p 0002c000 103:07 39979605                  /usr/lib/x86_64-linux-gnu/libgcc_s.so.1
714788888000-71478888a000 rw-p 00000000 00:00 0 
71478888a000-71478888b000 r--p 00000000 103:07 39981215                  /usr/lib/x86_64-linux-gnu/librt.so.1
71478888b000-71478888c000 r-xp 00001000 103:07 39981215                  /usr/lib/x86_64-linux-gnu/librt.so.1
71478888c000-71478888d000 r--p 00002000 103:07 39981215                  /usr/lib/x86_64-linux-gnu/librt.so.1
71478888d000-71478888e000 r--p 00002000 103:07 39981215                  /usr/lib/x86_64-linux-gnu/librt.so.1
71478888e000-71478888f000 rw-p 00003000 103:07 39981215                  /usr/lib/x86_64-linux-gnu/librt.so.1
71478888f000-714788893000 rw-p 00000000 00:00 0 
714788893000-7147888a3000 r--p 00000000 103:07 39981019                  /usr/lib/x86_64-linux-gnu/libm.so.6
7147888a3000-714788922000 r-xp 00010000 103:07 39981019                  /usr/lib/x86_64-linux-gnu/libm.so.6
714788922000-71478897a000 r--p 0008f000 103:07 39981019                  /usr/lib/x86_64-linux-gnu/libm.so.6
71478897a000-71478897b000 r--p 000e7000 103:07 39981019                  /usr/lib/x86_64-linux-gnu/libm.so.6
71478897b000-71478897c000 rw-p 000e8000 103:07 39981019                  /usr/lib/x86_64-linux-gnu/libm.so.6
71478897c000-71478897d000 r--p 00000000 103:07 39979144                  /usr/lib/x86_64-linux-gnu/libdl.so.2
71478897d000-71478897e000 r-xp 00001000 103:07 39979144                  /usr/lib/x86_64-linux-gnu/libdl.so.2
71478897e000-71478897f000 r--p 00002000 103:07 39979144                  /usr/lib/x86_64-linux-gnu/libdl.so.2
71478897f000-714788980000 r--p 00002000 103:07 39979144                  /usr/lib/x86_64-linux-gnu/libdl.so.2
714788980000-714788981000 rw-p 00003000 103:07 39979144                  /usr/lib/x86_64-linux-gnu/libdl.so.2
714788981000-71478898e000 r--p 00000000 103:07 57952159                  /home/bgodfrey/CASPER/Scilab/scilab-2024.1.0/thirdparty/java/lib/libjava.so
71478898e000-7147889a0000 r-xp 0000d000 103:07 57952159                  /home/bgodfrey/CASPER/Scilab/scilab-2024.1.0/thirdparty/java/lib/libjava.so
7147889a0000-7147889a6000 r--p 0001f000 103:07 57952159                  /home/bgodfrey/CASPER/Scilab/scilab-2024.1.0/thirdparty/java/lib/libjava.so
7147889a6000-7147889a7000 ---p 00025000 103:07 57952159                  /home/bgodfrey/CASPER/Scilab/scilab-2024.1.0/thirdparty/java/lib/libjava.so
7147889a7000-7147889a8000 r--p 00025000 103:07 57952159                  /home/bgodfrey/CASPER/Scilab/scilab-2024.1.0/thirdparty/java/lib/libjava.so
7147889a8000-7147889a9000 rw-p 00026000 103:07 57952159                  /home/bgodfrey/CASPER/Scilab/scilab-2024.1.0/thirdparty/java/lib/libjava.so
7147889a9000-7147889aa000 rw-p 00000000 00:00 0 
7147889aa000-7147889b5000 r--p 00000000 103:07 39979529                  /usr/lib/x86_64-linux-gnu/libgomp.so.1.0.0
7147889b5000-7147889f1000 r-xp 0000b000 103:07 39979529                  /usr/lib/x86_64-linux-gnu/libgomp.so.1.0.0
7147889f1000-7147889fe000 r--p 00047000 103:07 39979529                  /usr/lib/x86_64-linux-gnu/libgomp.so.1.0.0
7147889fe000-7147889ff000 r--p 00054000 103:07 39979529                  /usr/lib/x86_64-linux-gnu/libgomp.so.1.0.0
7147889ff000-714788a00000 rw-p 00055000 103:07 39979529                  /usr/lib/x86_64-linux-gnu/libgomp.so.1.0.0
714788a00000-714788f14000 r-xp 00000000 103:07 57949330                  /home/bgodfrey/CASPER/Scilab/scilab-2024.1.0/lib/scilab/libscilab-cli.so.2024.1.0
714788f14000-714789113000 ---p 00514000 103:07 57949330                  /home/bgodfrey/CASPER/Scilab/scilab-2024.1.0/lib/scilab/libscilab-cli.so.2024.1.0
714789113000-71478911a000 r--p 00513000 103:07 57949330                  /home/bgodfrey/CASPER/Scilab/scilab-2024.1.0/lib/scilab/libscilab-cli.so.2024.1.0
71478911a000-714789125000 rw-p 0051a000 103:07 57949330                  /home/bgodfrey/CASPER/Scilab/scilab-2024.1.0/lib/scilab/libscilab-cli.so.2024.1.0
714789125000-71478912a000 rw-p 00000000 00:00 0 
71478912a000-71478917e000 rw-p 01912000 103:07 57949330                  /home/bgodfrey/CASPER/Scilab/scilab-2024.1.0/lib/scilab/libscilab-cli.so.2024.1.0
71478917e000-71478917f000 rw-s 106cab000 00:10 1059                      anon_inode:i915.gem
71478917f000-714789180000 r--p 00000000 103:07 39981201                  /usr/lib/x86_64-linux-gnu/libpthread.so.0
714789180000-714789181000 r-xp 00001000 103:07 39981201                  /usr/lib/x86_64-linux-gnu/libpthread.so.0
714789181000-714789182000 r--p 00002000 103:07 39981201                  /usr/lib/x86_64-linux-gnu/libpthread.so.0
714789182000-714789183000 r--p 00002000 103:07 39981201                  /usr/lib/x86_64-linux-gnu/libpthread.so.0
714789183000-714789184000 rw-p 00003000 103:07 39981201                  /usr/lib/x86_64-linux-gnu/libpthread.so.0
714789184000-714789186000 rw-p 00000000 00:00 0 
714789186000-71478918a000 r--p 00000000 103:07 57952147                  /home/bgodfrey/CASPER/Scilab/scilab-2024.1.0/thirdparty/java/lib/libverify.so
71478918a000-714789191000 r-xp 00004000 103:07 57952147                  /home/bgodfrey/CASPER/Scilab/scilab-2024.1.0/thirdparty/java/lib/libverify.so
714789191000-714789193000 r--p 0000b000 103:07 57952147                  /home/bgodfrey/CASPER/Scilab/scilab-2024.1.0/thirdparty/java/lib/libverify.so
714789193000-714789195000 r--p 0000c000 103:07 57952147                  /home/bgodfrey/CASPER/Scilab/scilab-2024.1.0/thirdparty/java/lib/libverify.so
714789195000-714789196000 rw-p 0000e000 103:07 57952147                  /home/bgodfrey/CASPER/Scilab/scilab-2024.1.0/thirdparty/java/lib/libverify.so
714789196000-7147891a6000 rw-p 00000000 00:00 0 
7147891a6000-7147891a7000 rw-s 106caa000 00:10 1059                      anon_inode:i915.gem
7147891a7000-7147891a8000 rw-s 108682000 00:10 1059                      anon_inode:i915.gem
7147891a8000-7147891a9000 r--p 00000000 103:07 57948673                  /home/bgodfrey/CASPER/Scilab/scilab-2024.1.0/share/locale/en_US/LC_MESSAGES/scilab.mo
7147891a9000-7147891aa000 ---p 00000000 00:00 0 
7147891aa000-7147891ab000 r--p 00000000 00:00 0 
7147891ab000-7147891ac000 ---p 00000000 00:00 0 
7147891ac000-7147891ae000 r--p 00000000 103:07 39979459                  /usr/lib/x86_64-linux-gnu/libXrender.so.1.3.0
7147891ae000-7147891b5000 r-xp 00002000 103:07 39979459                  /usr/lib/x86_64-linux-gnu/libXrender.so.1.3.0
7147891b5000-7147891b6000 r--p 00009000 103:07 39979459                  /usr/lib/x86_64-linux-gnu/libXrender.so.1.3.0
7147891b6000-7147891b7000 r--p 00009000 103:07 39979459                  /usr/lib/x86_64-linux-gnu/libXrender.so.1.3.0
7147891b7000-7147891b8000 rw-p 0000a000 103:07 39979459                  /usr/lib/x86_64-linux-gnu/libXrender.so.1.3.0
7147891b8000-7147891ba000 r--p 00000000 103:07 39978356                  /usr/lib/x86_64-linux-gnu/libXcursor.so.1.0.2
7147891ba000-7147891c0000 r-xp 00002000 103:07 39978356                  /usr/lib/x86_64-linux-gnu/libXcursor.so.1.0.2
7147891c0000-7147891c2000 r--p 00008000 103:07 39978356                  /usr/lib/x86_64-linux-gnu/libXcursor.so.1.0.2
7147891c2000-7147891c3000 r--p 00009000 103:07 39978356                  /usr/lib/x86_64-linux-gnu/libXcursor.so.1.0.2
7147891c3000-7147891c4000 rw-p 0000a000 103:07 39978356                  /usr/lib/x86_64-linux-gnu/libXcursor.so.1.0.2
7147891c4000-7147891cb000 r--s 00000000 103:07 40634418                  /usr/lib/x86_64-linux-gnu/gconv/gconv-modules.cache
7147891cb000-7147891d9000 rw-p 00000000 00:00 0 
7147891d9000-7147891dd000 r--p 00000000 00:00 0                          [vvar]
7147891dd000-7147891df000 r--p 00000000 00:00 0                          [vvar_vclock]
7147891df000-7147891e1000 r-xp 00000000 00:00 0                          [vdso]
7147891e1000-7147891e2000 r--p 00000000 103:07 39978111                  /usr/lib/x86_64-linux-gnu/ld-linux-x86-64.so.2
7147891e2000-71478920d000 r-xp 00001000 103:07 39978111                  /usr/lib/x86_64-linux-gnu/ld-linux-x86-64.so.2
71478920d000-714789217000 r--p 0002c000 103:07 39978111                  /usr/lib/x86_64-linux-gnu/ld-linux-x86-64.so.2
714789217000-714789219000 r--p 00036000 103:07 39978111                  /usr/lib/x86_64-linux-gnu/ld-linux-x86-64.so.2
714789219000-71478921b000 rw-p 00038000 103:07 39978111                  /usr/lib/x86_64-linux-gnu/ld-linux-x86-64.so.2
7fff03fa7000-7fff03fab000 ---p 00000000 00:00 0 
7fff03fab000-7fff040a7000 rw-p 00000000 00:00 0                          [stack]
ffffffffff600000-ffffffffff601000 --xp 00000000 00:00 0                  [vsyscall]


VM Arguments:
jvm_args: -Djava.library.path= -Djava.system.class.loader=org.scilab.modules.jvm.ScilabClassLoader -Xshare:off --add-opens=java.desktop/sun.awt.X11=ALL-UNNAMED -Djdk.lang.processReaperUseDefaultStackSize=true --add-opens=java.desktop/javax.swing.plaf.basic=ALL-UNNAMED --add-opens=java.base/java.lang=ALL-UNNAMED --add-opens=java.base/jdk.internal.loader=ALL-UNNAMED --add-opens=java.base/java.lang.reflect=ALL-UNNAMED -Djava.util.logging.config.file=/home/bgodfrey/CASPER/Scilab/scilab-2024.1.0/share/scilab/etc/logging.properties -Xrs -Dawt.useSystemAAFontSettings=on -Djogamp.gluegen.UseTempJarCache=false 
java_command: <unknown>
java_class_path (initial): /home/bgodfrey/CASPER/Scilab/scilab-2024.1.0/share/scilab/modules/jvm/jar/org.scilab.modules.jvm.jar
Launcher Type: generic

[Global flags]

[timeout occurred during error reporting in step "printing flags"] after 30 s.
Logging:
Log output configuration:
 #0: stdout all=warning uptime,level,tags
 #1: stderr all=off uptime,level,tags

Environment Variables:
PATH=/home/bgodfrey/CASPER/Scilab/scilab-2024.1.0/bin:/home/bgodfrey/CASPER/Scilab/scilab-2024.1.0/bin:/usr/bin:/bin:/home/bgodfrey/CASPER/Scilab/scilab-2024.1.0/share/scilab/modules/scicos/
USERNAME=bgodfrey
LD_LIBRARY_PATH=/home/bgodfrey/CASPER/Scilab/scilab-2024.1.0/share/scilab/bin:/home/bgodfrey/CASPER/Scilab/scilab-2024.1.0/share/scilab/lib/scilab/:/home/bgodfrey/CASPER/Scilab/scilab-2024.1.0/share/scilab/lib64/scilab/:.:/home/bgodfrey/CASPER/Scilab/scilab-2024.1.0/lib/scilab:/home/bgodfrey/CASPER/Scilab/scilab-2024.1.0/lib/thirdparty:/home/bgodfrey/CASPER/Scilab/scilab-2024.1.0/thirdparty/java//lib/:/home/bgodfrey/CASPER/Scilab/scilab-2024.1.0/thirdparty/java//lib/server/:/home/bgodfrey/CASPER/Scilab/scilab-2024.1.0/thirdparty/java//lib/native_threads/:/home/bgodfrey/CASPER/Scilab/scilab-2024.1.0/lib/scilab:/home/bgodfrey/CASPER/Scilab/scilab-2024.1.0/thirdparty/redist:/home/bgodfrey/CASPER/Scilab/scilab-2024.1.0/thirdparty:/home/bgodfrey/CASPER/Scilab/scilab-2024.1.0/lib/thirdparty/redist
SHELL=/bin/bash
DISPLAY=:1
LANG=en_US.UTF-8
LC_NUMERIC=C
TERM=xterm-256color
TMPDIR=/tmp//SCI_TMP_886836_7ej1K4
TMP=/tmp/
TEMP=/tmp/

Active Locale:
LC_ALL=LC_CTYPE=en_US.UTF-8;LC_NUMERIC=C;LC_TIME=en_US.UTF-8;LC_COLLATE=en_US.UTF-8;LC_MONETARY=en_US.UTF-8;LC_MESSAGES=en_US.UTF-8;LC_PAPER=en_US.UTF-8;LC_NAME=en_US.UTF-8;LC_ADDRESS=en_US.UTF-8;LC_TELEPHONE=en_US.UTF-8;LC_MEASUREMENT=en_US.UTF-8;LC_IDENTIFICATION=en_US.UTF-8
LC_COLLATE=en_US.UTF-8
LC_CTYPE=en_US.UTF-8
LC_MESSAGES=en_US.UTF-8
LC_MONETARY=en_US.UTF-8
LC_NUMERIC=C
LC_TIME=en_US.UTF-8

Signal Handlers:
   SIGSEGV: 
[timeout occurred during error reporting in step "printing signal handlers"] after 30 s.

---------------  S Y S T E M  ---------------

OS:
DISTRIB_ID=Ubuntu
DISTRIB_RELEASE=24.04
DISTRIB_CODENAME=noble
DISTRIB_DESCRIPTION="Ubuntu 24.04.4 LTS"
uname: Linux 6.17.0-1017-oem #17-Ubuntu SMP PREEMPT_DYNAMIC Fri Mar 27 13:48:03 UTC 2026 x86_64
OS uptime: 8 days 4:00 hours
libc: glibc 2.39 NPTL 2.39 
rlimit (soft/hard): STACK 8192k/infinity , CORE 0k/infinity , NPROC 124404/124404 , NOFILE 1048576/1048576 , AS infinity/infinity , CPU infinity/infinity , DATA infinity/infinity , FSIZE infinity/infinity , MEMLOCK 4009660k/4009660k
load average: 0.73 1.42 1.84

/proc/meminfo:
MemTotal:       32077296 kB
MemFree:         5081464 kB
MemAvailable:   14629832 kB
Buffers:         1930112 kB
Cached:          8386088 kB
SwapCached:        49116 kB
Active:          5091728 kB
Inactive:       18715988 kB
Active(anon):    3699728 kB
Inactive(anon): 11147728 kB
Active(file):    1392000 kB
Inactive(file):  7568260 kB
Unevictable:      484732 kB
Mlocked:             296 kB
SwapTotal:       2097148 kB
SwapFree:           7012 kB
Zswap:                 0 kB
Zswapped:              0 kB
Dirty:              5024 kB
Writeback:             0 kB
AnonPages:      13927224 kB
Mapped:          1166956 kB
Shmem:           2764692 kB
KReclaimable:    1439376 kB
Slab:            2019084 kB
SReclaimable:    1439376 kB
SUnreclaim:       579708 kB
KernelStack:       47056 kB
PageTables:       186756 kB
SecPageTables:     10268 kB
NFS_Unstable:          0 kB
Bounce:                0 kB
WritebackTmp:          0 kB
CommitLimit:    18135796 kB
Committed_AS:   50501688 kB
VmallocTotal:   34359738367 kB
VmallocUsed:      143076 kB
VmallocChunk:          0 kB
Percpu:            21952 kB
HardwareCorrupted:     0 kB
AnonHugePages:         0 kB
ShmemHugePages:  1099776 kB
ShmemPmdMapped:        0 kB
FileHugePages:    124928 kB
FilePmdMapped:         0 kB
CmaTotal:              0 kB
CmaFree:               0 kB
Unaccepted:            0 kB
Balloon:               0 kB
HugePages_Total:       0
HugePages_Free:        0
HugePages_Rsvd:        0
HugePages_Surp:        0
Hugepagesize:       2048 kB
Hugetlb:               0 kB
DirectMap4k:     2839300 kB
DirectMap2M:    29919232 kB
DirectMap1G:     1048576 kB

/sys/kernel/mm/transparent_hugepage/enabled: always [madvise] never
/sys/kernel/mm/transparent_hugepage/defrag (defrag/compaction efforts parameter): always defer defer+madvise [madvise] never

Process Memory:
Virtual Size: 16007336K (peak: 16074692K)
Resident Set Size: 772180K (peak: 782400K) (anon: 602388K, file: 154852K, shmem: 14940K)
Swapped out: 0K

[timeout occurred during error reporting in step "printing OS information"] after 30 s.
CPU: total 16 (initial active 16) (16 cores per cpu, 1 threads per core) family 6 model 154 stepping 3 microcode 0x43b, cx8, cmov, fxsr, mmx, 3dnowpref, sse, sse2, sse3, ssse3, sse4.1, sse4.2, popcnt, lzcnt, tsc, tscinvbit, avx, avx2, aes, erms, clmul, bmi1, bmi2, adx, sha, fma, vzeroupper, clflush, clflushopt, clwb
CPU Model and flags from /proc/cpuinfo:
model name	: 12th Gen Intel(R) Core(TM) i7-1270P
flags		: fpu vme de pse tsc msr pae mce cx8 apic sep mtrr pge mca cmov pat pse36 clflush dts acpi mmx fxsr sse sse2 ss ht tm pbe syscall nx pdpe1gb rdtscp lm constant_tsc art arch_perfmon pebs bts rep_good nopl xtopology nonstop_tsc cpuid aperfmperf tsc_known_freq pni pclmulqdq dtes64 monitor ds_cpl vmx smx est tm2 ssse3 sdbg fma cx16 xtpr pdcm pcid sse4_1 sse4_2 x2apic movbe popcnt tsc_deadline_timer aes xsave avx f16c rdrand lahf_lm abm 3dnowprefetch cpuid_fault epb ssbd ibrs ibpb stibp ibrs_enhanced tpr_shadow flexpriority ept vpid ept_ad fsgsbase tsc_adjust bmi1 avx2 smep bmi2 erms invpcid rdseed adx smap clflushopt clwb intel_pt sha_ni xsaveopt xsavec xgetbv1 xsaves split_lock_detect user_shstk avx_vnni dtherm ida arat pln pts hwp hwp_notify hwp_act_window hwp_epp hwp_pkg_req hfi vnmi umip pku ospke waitpkg gfni vaes vpclmulqdq rdpid movdiri movdir64b fsrm md_clear serialize pconfig arch_lbr ibt flush_l1d arch_capabilities

Online cpus: 0-15
Offline cpus: 
BIOS frequency limitation: <Not Available>
Frequency switch latency (ns): 0
Available cpu frequencies: <Not Available>
Current governor: powersave
Core performance/turbo boost: <Not Available>

Memory: 4k page, physical 32077296k(4841132k free), swap 2097148k(7016k free)
Page Sizes: 4k

vm_info: OpenJDK 64-Bit Server VM (17.0.7+7) for linux-amd64 JRE (17.0.7+7), built on Apr 18 2023 00:00:00 by "temurin" with gcc 10.3.0

END.
