Fitter report for scilabdemo_adc2
Fri Dec  5 18:22:28 2025
Quartus Prime Version 24.1std.0 Build 1077 03/04/2025 SC Lite Edition


---------------------
; Table of Contents ;
---------------------
  1. Legal Notice
  2. Fitter Summary
  3. Fitter Settings
  4. Parallel Compilation
  5. Fitter Netlist Optimizations
  6. Ignored Assignments
  7. Incremental Compilation Preservation Summary
  8. Incremental Compilation Partition Settings
  9. Incremental Compilation Placement Preservation
 10. Pin-Out File
 11. Fitter Resource Usage Summary
 12. Fitter Partition Statistics
 13. Input Pins
 14. Output Pins
 15. Bidir Pins
 16. I/O Bank Usage
 17. All Package Pins
 18. DLL Summary
 19. I/O Assignment Warnings
 20. PLL Usage Summary
 21. Fitter Resource Utilization by Entity
 22. Delay Chain Summary
 23. Pad To Core Delay Chain Fanout
 24. Control Signals
 25. Global & Other Fast Signals
 26. Fitter RAM Summary
 27. Routing Usage Summary
 28. I/O Rules Summary
 29. I/O Rules Details
 30. I/O Rules Matrix
 31. Fitter Device Options
 32. Operating Settings and Conditions
 33. Estimated Delay Added for Hold Timing Summary
 34. Estimated Delay Added for Hold Timing Details
 35. Fitter Messages
 36. Fitter Suppressed Messages



----------------
; Legal Notice ;
----------------
Copyright (C) 2025  Altera Corporation. All rights reserved.
Your use of Altera Corporation's design tools, logic functions 
and other software and tools, and any partner logic 
functions, and any output files from any of the foregoing 
(including device programming or simulation files), and any 
associated documentation or information are expressly subject 
to the terms and conditions of the Altera Program License 
Subscription Agreement, the Altera Quartus Prime License Agreement,
the Altera IP License Agreement, or other applicable license
agreement, including, without limitation, that your use is for
the sole purpose of programming logic devices manufactured by
Altera and sold by Altera or its authorized distributors.  Please
refer to the Altera Software License Subscription Agreements 
on the Quartus Prime software download page.



+-----------------------------------------------------------------------------------+
; Fitter Summary                                                                    ;
+---------------------------------+-------------------------------------------------+
; Fitter Status                   ; Successful - Fri Dec  5 18:22:28 2025           ;
; Quartus Prime Version           ; 24.1std.0 Build 1077 03/04/2025 SC Lite Edition ;
; Revision Name                   ; scilabdemo_adc2                                 ;
; Top-level Entity Name           ; top                                             ;
; Family                          ; Cyclone V                                       ;
; Device                          ; 5CSEBA6U23I7                                    ;
; Timing Models                   ; Final                                           ;
; Logic utilization (in ALMs)     ; 303 / 41,910 ( < 1 % )                          ;
; Total registers                 ; 694                                             ;
; Total pins                      ; 77 / 314 ( 25 % )                               ;
; Total virtual pins              ; 0                                               ;
; Total block memory bits         ; 24,576 / 5,662,720 ( < 1 % )                    ;
; Total RAM Blocks                ; 3 / 553 ( < 1 % )                               ;
; Total DSP Blocks                ; 0 / 112 ( 0 % )                                 ;
; Total HSSI RX PCSs              ; 0                                               ;
; Total HSSI PMA RX Deserializers ; 0                                               ;
; Total HSSI TX PCSs              ; 0                                               ;
; Total HSSI PMA TX Serializers   ; 0                                               ;
; Total PLLs                      ; 1 / 6 ( 17 % )                                  ;
; Total DLLs                      ; 1 / 4 ( 25 % )                                  ;
+---------------------------------+-------------------------------------------------+


+----------------------------------------------------------------------------------------------------------------------------------------------------+
; Fitter Settings                                                                                                                                    ;
+--------------------------------------------------------------------+---------------------------------------+---------------------------------------+
; Option                                                             ; Setting                               ; Default Value                         ;
+--------------------------------------------------------------------+---------------------------------------+---------------------------------------+
; Device                                                             ; 5CSEBA6U23I7                          ;                                       ;
; Minimum Core Junction Temperature                                  ; -40                                   ;                                       ;
; Maximum Core Junction Temperature                                  ; 100                                   ;                                       ;
; Use smart compilation                                              ; Off                                   ; Off                                   ;
; Enable parallel Assembler and Timing Analyzer during compilation   ; On                                    ; On                                    ;
; Enable compact report table                                        ; Off                                   ; Off                                   ;
; Router Timing Optimization Level                                   ; Normal                                ; Normal                                ;
; Perform Clocking Topology Analysis During Routing                  ; Off                                   ; Off                                   ;
; Placement Effort Multiplier                                        ; 1.0                                   ; 1.0                                   ;
; Device initialization clock source                                 ; INIT_INTOSC                           ; INIT_INTOSC                           ;
; Optimize Hold Timing                                               ; All Paths                             ; All Paths                             ;
; Optimize Multi-Corner Timing                                       ; On                                    ; On                                    ;
; Auto RAM to MLAB Conversion                                        ; On                                    ; On                                    ;
; Equivalent RAM and MLAB Power Up                                   ; Auto                                  ; Auto                                  ;
; Equivalent RAM and MLAB Paused Read Capabilities                   ; Care                                  ; Care                                  ;
; Power Optimization During Fitting                                  ; Normal compilation                    ; Normal compilation                    ;
; SSN Optimization                                                   ; Off                                   ; Off                                   ;
; Optimize Timing                                                    ; Normal compilation                    ; Normal compilation                    ;
; Optimize Timing for ECOs                                           ; Off                                   ; Off                                   ;
; Regenerate Full Fit Report During ECO Compiles                     ; Off                                   ; Off                                   ;
; Optimize IOC Register Placement for Timing                         ; Normal                                ; Normal                                ;
; Final Placement Optimizations                                      ; Automatically                         ; Automatically                         ;
; Fitter Aggressive Routability Optimizations                        ; Automatically                         ; Automatically                         ;
; Fitter Initial Placement Seed                                      ; 1                                     ; 1                                     ;
; Periphery to Core Placement and Routing Optimization               ; Off                                   ; Off                                   ;
; Weak Pull-Up Resistor                                              ; Off                                   ; Off                                   ;
; Enable Bus-Hold Circuitry                                          ; Off                                   ; Off                                   ;
; Auto Packed Registers                                              ; Auto                                  ; Auto                                  ;
; Auto Delay Chains                                                  ; On                                    ; On                                    ;
; Auto Delay Chains for High Fanout Input Pins                       ; Off                                   ; Off                                   ;
; Treat Bidirectional Pin as Output Pin                              ; Off                                   ; Off                                   ;
; Perform Physical Synthesis for Combinational Logic for Fitting     ; Off                                   ; Off                                   ;
; Perform Physical Synthesis for Combinational Logic for Performance ; Off                                   ; Off                                   ;
; Perform Register Duplication for Performance                       ; Off                                   ; Off                                   ;
; Perform Register Retiming for Performance                          ; Off                                   ; Off                                   ;
; Perform Asynchronous Signal Pipelining                             ; Off                                   ; Off                                   ;
; Fitter Effort                                                      ; Auto Fit                              ; Auto Fit                              ;
; Physical Synthesis Effort Level                                    ; Normal                                ; Normal                                ;
; Logic Cell Insertion - Logic Duplication                           ; Auto                                  ; Auto                                  ;
; Auto Register Duplication                                          ; Auto                                  ; Auto                                  ;
; Auto Global Clock                                                  ; On                                    ; On                                    ;
; Auto Global Register Control Signals                               ; On                                    ; On                                    ;
; Reserve all unused pins                                            ; As input tri-stated with weak pull-up ; As input tri-stated with weak pull-up ;
; Synchronizer Identification                                        ; Auto                                  ; Auto                                  ;
; Enable Beneficial Skew Optimization                                ; On                                    ; On                                    ;
; Optimize Design for Metastability                                  ; On                                    ; On                                    ;
; Active Serial clock source                                         ; FREQ_100MHz                           ; FREQ_100MHz                           ;
; Force Fitter to Avoid Periphery Placement Warnings                 ; Off                                   ; Off                                   ;
; Clamping Diode                                                     ; Off                                   ; Off                                   ;
; Enable input tri-state on active configuration pins in user mode   ; Off                                   ; Off                                   ;
; Advanced Physical Optimization                                     ; On                                    ; On                                    ;
+--------------------------------------------------------------------+---------------------------------------+---------------------------------------+


+------------------------------------------+
; Parallel Compilation                     ;
+----------------------------+-------------+
; Processors                 ; Number      ;
+----------------------------+-------------+
; Number detected on machine ; 16          ;
; Maximum allowed            ; 16          ;
;                            ;             ;
; Average used               ; 1.27        ;
; Maximum used               ; 16          ;
;                            ;             ;
; Usage by Processor         ; % Time Used ;
;     Processor 1            ; 100.0%      ;
;     Processor 2            ;   2.3%      ;
;     Processor 3            ;   2.1%      ;
;     Processor 4            ;   2.0%      ;
;     Processor 5            ;   1.9%      ;
;     Processor 6            ;   1.8%      ;
;     Processor 7            ;   1.8%      ;
;     Processor 8            ;   1.8%      ;
;     Processor 9            ;   1.7%      ;
;     Processor 10           ;   1.7%      ;
;     Processor 11           ;   1.7%      ;
;     Processor 12           ;   1.6%      ;
;     Processor 13           ;   1.6%      ;
;     Processor 14           ;   1.6%      ;
;     Processor 15           ;   1.6%      ;
;     Processor 16           ;   1.5%      ;
+----------------------------+-------------+


+----------------------------------------------------------------------------------------------------------------------------------------------------------------------------------------------------------------------------------------------------------------------------------------------------------------------------------------------------------------------------------------------------------------------------------------------------------------------------------------------------------------------------------------------------------------------------------------------------------------------------------------------------------------------------------------------------------------------------------------------------------------------------------------------------------------------------------------------------------------------------------------------------------------------------------------------------+
; Fitter Netlist Optimizations                                                                                                                                                                                                                                                                                                                                                                                                                                                                                                                                                                                                                                                                                                                                                                                                                                                                                                                       ;
+---------------------------------------------------------------------------------------------------------------------------------------------------------------------------------------------------------------------------------------------------------------------------------------------------------------------------------------------------------------------------+------------+---------------------------------------------------+----------------------------+--------------------------+----------------+---------------------------------------------------------------------------------------------------------------------------------------------------------------------------------------------------------------------------------------------------------------------------------------------------------------------------------------------------------------------------+--------------------------+-----------------------+
; Node                                                                                                                                                                                                                                                                                                                                                                      ; Action     ; Operation                                         ; Reason                     ; Node Port                ; Node Port Name ; Destination Node                                                                                                                                                                                                                                                                                                                                                          ; Destination Port         ; Destination Port Name ;
+---------------------------------------------------------------------------------------------------------------------------------------------------------------------------------------------------------------------------------------------------------------------------------------------------------------------------------------------------------------------------+------------+---------------------------------------------------+----------------------------+--------------------------+----------------+---------------------------------------------------------------------------------------------------------------------------------------------------------------------------------------------------------------------------------------------------------------------------------------------------------------------------------------------------------------------------+--------------------------+-----------------------+
; scilab_adc2:u_system|scilab_adc2_hps_0:hps_0|scilab_adc2_hps_0_fpga_interfaces:fpga_interfaces|h2f_rst_n[0]~CLKENA0                                                                                                                                                                                                                                                       ; Created    ; Placement                                         ; Fitter Periphery Placement ;                          ;                ;                                                                                                                                                                                                                                                                                                                                                                           ;                          ;                       ;
; scilab_adc2:u_system|scilab_adc2_hps_0:hps_0|scilab_adc2_hps_0_hps_io:hps_io|scilab_adc2_hps_0_hps_io_border:border|~GND                                                                                                                                                                                                                                                  ; Deleted    ; Placement                                         ; Fitter Periphery Placement ;                          ;                ;                                                                                                                                                                                                                                                                                                                                                                           ;                          ;                       ;
; scilab_adc2:u_system|scilab_adc2_pll_0:pll_0|altera_pll:altera_pll_i|outclk_wire[0]~CLKENA0                                                                                                                                                                                                                                                                               ; Created    ; Placement                                         ; Fitter Periphery Placement ;                          ;                ;                                                                                                                                                                                                                                                                                                                                                                           ;                          ;                       ;
; HPS_DDR3_DM[1]~_s2p_logic_blkO_SERIESTERMINATIONCONTROL0                                                                                                                                                                                                                                                                                                                  ; Merged     ; Placement                                         ; Fitter Periphery Placement ; SERIESTERMINATIONCONTROL ;                ; HPS_DDR3_DM[0]~_s2p_logic_blkO_SERIESTERMINATIONCONTROL0                                                                                                                                                                                                                                                                                                                  ; SERIESTERMINATIONCONTROL ;                       ;
; HPS_DDR3_DM[3]~_s2p_logic_blkO_SERIESTERMINATIONCONTROL0                                                                                                                                                                                                                                                                                                                  ; Merged     ; Placement                                         ; Fitter Periphery Placement ; SERIESTERMINATIONCONTROL ;                ; HPS_DDR3_DM[2]~_s2p_logic_blkO_SERIESTERMINATIONCONTROL0                                                                                                                                                                                                                                                                                                                  ; SERIESTERMINATIONCONTROL ;                       ;
; HPS_DDR3_DQS_N[0]~_s2p_logic_blkO_SERIESTERMINATIONCONTROL0                                                                                                                                                                                                                                                                                                               ; Merged     ; Placement                                         ; Fitter Periphery Placement ; SERIESTERMINATIONCONTROL ;                ; HPS_DDR3_DM[0]~_s2p_logic_blkO_SERIESTERMINATIONCONTROL0                                                                                                                                                                                                                                                                                                                  ; SERIESTERMINATIONCONTROL ;                       ;
; HPS_DDR3_DQS_N[1]~_s2p_logic_blkO_SERIESTERMINATIONCONTROL0                                                                                                                                                                                                                                                                                                               ; Merged     ; Placement                                         ; Fitter Periphery Placement ; SERIESTERMINATIONCONTROL ;                ; HPS_DDR3_DM[0]~_s2p_logic_blkO_SERIESTERMINATIONCONTROL0                                                                                                                                                                                                                                                                                                                  ; SERIESTERMINATIONCONTROL ;                       ;
; HPS_DDR3_DQS_N[2]~_s2p_logic_blkO_SERIESTERMINATIONCONTROL0                                                                                                                                                                                                                                                                                                               ; Merged     ; Placement                                         ; Fitter Periphery Placement ; SERIESTERMINATIONCONTROL ;                ; HPS_DDR3_DM[2]~_s2p_logic_blkO_SERIESTERMINATIONCONTROL0                                                                                                                                                                                                                                                                                                                  ; SERIESTERMINATIONCONTROL ;                       ;
; HPS_DDR3_DQS_N[3]~_s2p_logic_blkO_SERIESTERMINATIONCONTROL0                                                                                                                                                                                                                                                                                                               ; Merged     ; Placement                                         ; Fitter Periphery Placement ; SERIESTERMINATIONCONTROL ;                ; HPS_DDR3_DM[2]~_s2p_logic_blkO_SERIESTERMINATIONCONTROL0                                                                                                                                                                                                                                                                                                                  ; SERIESTERMINATIONCONTROL ;                       ;
; HPS_DDR3_DQS_P[0]~_s2p_logic_blkO_SERIESTERMINATIONCONTROL0                                                                                                                                                                                                                                                                                                               ; Merged     ; Placement                                         ; Fitter Periphery Placement ; SERIESTERMINATIONCONTROL ;                ; HPS_DDR3_DM[0]~_s2p_logic_blkO_SERIESTERMINATIONCONTROL0                                                                                                                                                                                                                                                                                                                  ; SERIESTERMINATIONCONTROL ;                       ;
; HPS_DDR3_DQS_P[1]~_s2p_logic_blkO_SERIESTERMINATIONCONTROL0                                                                                                                                                                                                                                                                                                               ; Merged     ; Placement                                         ; Fitter Periphery Placement ; SERIESTERMINATIONCONTROL ;                ; HPS_DDR3_DM[0]~_s2p_logic_blkO_SERIESTERMINATIONCONTROL0                                                                                                                                                                                                                                                                                                                  ; SERIESTERMINATIONCONTROL ;                       ;
; HPS_DDR3_DQS_P[2]~_s2p_logic_blkO_SERIESTERMINATIONCONTROL0                                                                                                                                                                                                                                                                                                               ; Merged     ; Placement                                         ; Fitter Periphery Placement ; SERIESTERMINATIONCONTROL ;                ; HPS_DDR3_DM[2]~_s2p_logic_blkO_SERIESTERMINATIONCONTROL0                                                                                                                                                                                                                                                                                                                  ; SERIESTERMINATIONCONTROL ;                       ;
; HPS_DDR3_DQ[0]~_s2p_logic_blkO_SERIESTERMINATIONCONTROL0                                                                                                                                                                                                                                                                                                                  ; Merged     ; Placement                                         ; Fitter Periphery Placement ; SERIESTERMINATIONCONTROL ;                ; HPS_DDR3_DM[0]~_s2p_logic_blkO_SERIESTERMINATIONCONTROL0                                                                                                                                                                                                                                                                                                                  ; SERIESTERMINATIONCONTROL ;                       ;
; HPS_DDR3_DQ[1]~_s2p_logic_blkO_SERIESTERMINATIONCONTROL0                                                                                                                                                                                                                                                                                                                  ; Merged     ; Placement                                         ; Fitter Periphery Placement ; SERIESTERMINATIONCONTROL ;                ; HPS_DDR3_DM[0]~_s2p_logic_blkO_SERIESTERMINATIONCONTROL0                                                                                                                                                                                                                                                                                                                  ; SERIESTERMINATIONCONTROL ;                       ;
; HPS_DDR3_DQ[2]~_s2p_logic_blkO_SERIESTERMINATIONCONTROL0                                                                                                                                                                                                                                                                                                                  ; Merged     ; Placement                                         ; Fitter Periphery Placement ; SERIESTERMINATIONCONTROL ;                ; HPS_DDR3_DM[0]~_s2p_logic_blkO_SERIESTERMINATIONCONTROL0                                                                                                                                                                                                                                                                                                                  ; SERIESTERMINATIONCONTROL ;                       ;
; HPS_DDR3_DQ[3]~_s2p_logic_blkO_SERIESTERMINATIONCONTROL0                                                                                                                                                                                                                                                                                                                  ; Merged     ; Placement                                         ; Fitter Periphery Placement ; SERIESTERMINATIONCONTROL ;                ; HPS_DDR3_DM[0]~_s2p_logic_blkO_SERIESTERMINATIONCONTROL0                                                                                                                                                                                                                                                                                                                  ; SERIESTERMINATIONCONTROL ;                       ;
; HPS_DDR3_DQ[4]~_s2p_logic_blkO_SERIESTERMINATIONCONTROL0                                                                                                                                                                                                                                                                                                                  ; Merged     ; Placement                                         ; Fitter Periphery Placement ; SERIESTERMINATIONCONTROL ;                ; HPS_DDR3_DM[0]~_s2p_logic_blkO_SERIESTERMINATIONCONTROL0                                                                                                                                                                                                                                                                                                                  ; SERIESTERMINATIONCONTROL ;                       ;
; HPS_DDR3_DQ[5]~_s2p_logic_blkO_SERIESTERMINATIONCONTROL0                                                                                                                                                                                                                                                                                                                  ; Merged     ; Placement                                         ; Fitter Periphery Placement ; SERIESTERMINATIONCONTROL ;                ; HPS_DDR3_DM[0]~_s2p_logic_blkO_SERIESTERMINATIONCONTROL0                                                                                                                                                                                                                                                                                                                  ; SERIESTERMINATIONCONTROL ;                       ;
; HPS_DDR3_DQ[6]~_s2p_logic_blkO_SERIESTERMINATIONCONTROL0                                                                                                                                                                                                                                                                                                                  ; Merged     ; Placement                                         ; Fitter Periphery Placement ; SERIESTERMINATIONCONTROL ;                ; HPS_DDR3_DM[0]~_s2p_logic_blkO_SERIESTERMINATIONCONTROL0                                                                                                                                                                                                                                                                                                                  ; SERIESTERMINATIONCONTROL ;                       ;
; HPS_DDR3_DQ[7]~_s2p_logic_blkO_SERIESTERMINATIONCONTROL0                                                                                                                                                                                                                                                                                                                  ; Merged     ; Placement                                         ; Fitter Periphery Placement ; SERIESTERMINATIONCONTROL ;                ; HPS_DDR3_DM[0]~_s2p_logic_blkO_SERIESTERMINATIONCONTROL0                                                                                                                                                                                                                                                                                                                  ; SERIESTERMINATIONCONTROL ;                       ;
; HPS_DDR3_DQ[8]~_s2p_logic_blkO_SERIESTERMINATIONCONTROL0                                                                                                                                                                                                                                                                                                                  ; Merged     ; Placement                                         ; Fitter Periphery Placement ; SERIESTERMINATIONCONTROL ;                ; HPS_DDR3_DM[0]~_s2p_logic_blkO_SERIESTERMINATIONCONTROL0                                                                                                                                                                                                                                                                                                                  ; SERIESTERMINATIONCONTROL ;                       ;
; HPS_DDR3_DQ[9]~_s2p_logic_blkO_SERIESTERMINATIONCONTROL0                                                                                                                                                                                                                                                                                                                  ; Merged     ; Placement                                         ; Fitter Periphery Placement ; SERIESTERMINATIONCONTROL ;                ; HPS_DDR3_DM[0]~_s2p_logic_blkO_SERIESTERMINATIONCONTROL0                                                                                                                                                                                                                                                                                                                  ; SERIESTERMINATIONCONTROL ;                       ;
; HPS_DDR3_DQ[10]~_s2p_logic_blkO_SERIESTERMINATIONCONTROL0                                                                                                                                                                                                                                                                                                                 ; Merged     ; Placement                                         ; Fitter Periphery Placement ; SERIESTERMINATIONCONTROL ;                ; HPS_DDR3_DM[0]~_s2p_logic_blkO_SERIESTERMINATIONCONTROL0                                                                                                                                                                                                                                                                                                                  ; SERIESTERMINATIONCONTROL ;                       ;
; HPS_DDR3_DQ[11]~_s2p_logic_blkO_SERIESTERMINATIONCONTROL0                                                                                                                                                                                                                                                                                                                 ; Merged     ; Placement                                         ; Fitter Periphery Placement ; SERIESTERMINATIONCONTROL ;                ; HPS_DDR3_DM[0]~_s2p_logic_blkO_SERIESTERMINATIONCONTROL0                                                                                                                                                                                                                                                                                                                  ; SERIESTERMINATIONCONTROL ;                       ;
; HPS_DDR3_DQ[12]~_s2p_logic_blkO_SERIESTERMINATIONCONTROL0                                                                                                                                                                                                                                                                                                                 ; Merged     ; Placement                                         ; Fitter Periphery Placement ; SERIESTERMINATIONCONTROL ;                ; HPS_DDR3_DM[0]~_s2p_logic_blkO_SERIESTERMINATIONCONTROL0                                                                                                                                                                                                                                                                                                                  ; SERIESTERMINATIONCONTROL ;                       ;
; HPS_DDR3_DQ[13]~_s2p_logic_blkO_SERIESTERMINATIONCONTROL0                                                                                                                                                                                                                                                                                                                 ; Merged     ; Placement                                         ; Fitter Periphery Placement ; SERIESTERMINATIONCONTROL ;                ; HPS_DDR3_DM[0]~_s2p_logic_blkO_SERIESTERMINATIONCONTROL0                                                                                                                                                                                                                                                                                                                  ; SERIESTERMINATIONCONTROL ;                       ;
; HPS_DDR3_DQ[14]~_s2p_logic_blkO_SERIESTERMINATIONCONTROL0                                                                                                                                                                                                                                                                                                                 ; Merged     ; Placement                                         ; Fitter Periphery Placement ; SERIESTERMINATIONCONTROL ;                ; HPS_DDR3_DM[0]~_s2p_logic_blkO_SERIESTERMINATIONCONTROL0                                                                                                                                                                                                                                                                                                                  ; SERIESTERMINATIONCONTROL ;                       ;
; HPS_DDR3_DQ[15]~_s2p_logic_blkO_SERIESTERMINATIONCONTROL0                                                                                                                                                                                                                                                                                                                 ; Merged     ; Placement                                         ; Fitter Periphery Placement ; SERIESTERMINATIONCONTROL ;                ; HPS_DDR3_DM[0]~_s2p_logic_blkO_SERIESTERMINATIONCONTROL0                                                                                                                                                                                                                                                                                                                  ; SERIESTERMINATIONCONTROL ;                       ;
; HPS_DDR3_DQ[16]~_s2p_logic_blkO_SERIESTERMINATIONCONTROL0                                                                                                                                                                                                                                                                                                                 ; Merged     ; Placement                                         ; Fitter Periphery Placement ; SERIESTERMINATIONCONTROL ;                ; HPS_DDR3_DM[2]~_s2p_logic_blkO_SERIESTERMINATIONCONTROL0                                                                                                                                                                                                                                                                                                                  ; SERIESTERMINATIONCONTROL ;                       ;
; HPS_DDR3_DQ[17]~_s2p_logic_blkO_SERIESTERMINATIONCONTROL0                                                                                                                                                                                                                                                                                                                 ; Merged     ; Placement                                         ; Fitter Periphery Placement ; SERIESTERMINATIONCONTROL ;                ; HPS_DDR3_DM[2]~_s2p_logic_blkO_SERIESTERMINATIONCONTROL0                                                                                                                                                                                                                                                                                                                  ; SERIESTERMINATIONCONTROL ;                       ;
; HPS_DDR3_DQ[18]~_s2p_logic_blkO_SERIESTERMINATIONCONTROL0                                                                                                                                                                                                                                                                                                                 ; Merged     ; Placement                                         ; Fitter Periphery Placement ; SERIESTERMINATIONCONTROL ;                ; HPS_DDR3_DM[2]~_s2p_logic_blkO_SERIESTERMINATIONCONTROL0                                                                                                                                                                                                                                                                                                                  ; SERIESTERMINATIONCONTROL ;                       ;
; HPS_DDR3_DQ[19]~_s2p_logic_blkO_SERIESTERMINATIONCONTROL0                                                                                                                                                                                                                                                                                                                 ; Merged     ; Placement                                         ; Fitter Periphery Placement ; SERIESTERMINATIONCONTROL ;                ; HPS_DDR3_DM[2]~_s2p_logic_blkO_SERIESTERMINATIONCONTROL0                                                                                                                                                                                                                                                                                                                  ; SERIESTERMINATIONCONTROL ;                       ;
; HPS_DDR3_DQ[20]~_s2p_logic_blkO_SERIESTERMINATIONCONTROL0                                                                                                                                                                                                                                                                                                                 ; Merged     ; Placement                                         ; Fitter Periphery Placement ; SERIESTERMINATIONCONTROL ;                ; HPS_DDR3_DM[2]~_s2p_logic_blkO_SERIESTERMINATIONCONTROL0                                                                                                                                                                                                                                                                                                                  ; SERIESTERMINATIONCONTROL ;                       ;
; HPS_DDR3_DQ[21]~_s2p_logic_blkO_SERIESTERMINATIONCONTROL0                                                                                                                                                                                                                                                                                                                 ; Merged     ; Placement                                         ; Fitter Periphery Placement ; SERIESTERMINATIONCONTROL ;                ; HPS_DDR3_DM[2]~_s2p_logic_blkO_SERIESTERMINATIONCONTROL0                                                                                                                                                                                                                                                                                                                  ; SERIESTERMINATIONCONTROL ;                       ;
; HPS_DDR3_DQ[22]~_s2p_logic_blkO_SERIESTERMINATIONCONTROL0                                                                                                                                                                                                                                                                                                                 ; Merged     ; Placement                                         ; Fitter Periphery Placement ; SERIESTERMINATIONCONTROL ;                ; HPS_DDR3_DM[2]~_s2p_logic_blkO_SERIESTERMINATIONCONTROL0                                                                                                                                                                                                                                                                                                                  ; SERIESTERMINATIONCONTROL ;                       ;
; HPS_DDR3_DQ[23]~_s2p_logic_blkO_SERIESTERMINATIONCONTROL0                                                                                                                                                                                                                                                                                                                 ; Merged     ; Placement                                         ; Fitter Periphery Placement ; SERIESTERMINATIONCONTROL ;                ; HPS_DDR3_DM[2]~_s2p_logic_blkO_SERIESTERMINATIONCONTROL0                                                                                                                                                                                                                                                                                                                  ; SERIESTERMINATIONCONTROL ;                       ;
; HPS_DDR3_DQ[24]~_s2p_logic_blkO_SERIESTERMINATIONCONTROL0                                                                                                                                                                                                                                                                                                                 ; Merged     ; Placement                                         ; Fitter Periphery Placement ; SERIESTERMINATIONCONTROL ;                ; HPS_DDR3_DM[2]~_s2p_logic_blkO_SERIESTERMINATIONCONTROL0                                                                                                                                                                                                                                                                                                                  ; SERIESTERMINATIONCONTROL ;                       ;
; HPS_DDR3_DQ[25]~_s2p_logic_blkO_SERIESTERMINATIONCONTROL0                                                                                                                                                                                                                                                                                                                 ; Merged     ; Placement                                         ; Fitter Periphery Placement ; SERIESTERMINATIONCONTROL ;                ; HPS_DDR3_DM[2]~_s2p_logic_blkO_SERIESTERMINATIONCONTROL0                                                                                                                                                                                                                                                                                                                  ; SERIESTERMINATIONCONTROL ;                       ;
; HPS_DDR3_DQ[26]~_s2p_logic_blkO_SERIESTERMINATIONCONTROL0                                                                                                                                                                                                                                                                                                                 ; Merged     ; Placement                                         ; Fitter Periphery Placement ; SERIESTERMINATIONCONTROL ;                ; HPS_DDR3_DM[2]~_s2p_logic_blkO_SERIESTERMINATIONCONTROL0                                                                                                                                                                                                                                                                                                                  ; SERIESTERMINATIONCONTROL ;                       ;
; HPS_DDR3_DQ[27]~_s2p_logic_blkO_SERIESTERMINATIONCONTROL0                                                                                                                                                                                                                                                                                                                 ; Merged     ; Placement                                         ; Fitter Periphery Placement ; SERIESTERMINATIONCONTROL ;                ; HPS_DDR3_DM[2]~_s2p_logic_blkO_SERIESTERMINATIONCONTROL0                                                                                                                                                                                                                                                                                                                  ; SERIESTERMINATIONCONTROL ;                       ;
; HPS_DDR3_DQ[28]~_s2p_logic_blkO_SERIESTERMINATIONCONTROL0                                                                                                                                                                                                                                                                                                                 ; Merged     ; Placement                                         ; Fitter Periphery Placement ; SERIESTERMINATIONCONTROL ;                ; HPS_DDR3_DM[2]~_s2p_logic_blkO_SERIESTERMINATIONCONTROL0                                                                                                                                                                                                                                                                                                                  ; SERIESTERMINATIONCONTROL ;                       ;
; HPS_DDR3_DQ[29]~_s2p_logic_blkO_SERIESTERMINATIONCONTROL0                                                                                                                                                                                                                                                                                                                 ; Merged     ; Placement                                         ; Fitter Periphery Placement ; SERIESTERMINATIONCONTROL ;                ; HPS_DDR3_DM[2]~_s2p_logic_blkO_SERIESTERMINATIONCONTROL0                                                                                                                                                                                                                                                                                                                  ; SERIESTERMINATIONCONTROL ;                       ;
; HPS_DDR3_DQ[30]~_s2p_logic_blkO_SERIESTERMINATIONCONTROL0                                                                                                                                                                                                                                                                                                                 ; Merged     ; Placement                                         ; Fitter Periphery Placement ; SERIESTERMINATIONCONTROL ;                ; HPS_DDR3_DM[2]~_s2p_logic_blkO_SERIESTERMINATIONCONTROL0                                                                                                                                                                                                                                                                                                                  ; SERIESTERMINATIONCONTROL ;                       ;
; HPS_DDR3_DQ[31]~_s2p_logic_blkO_SERIESTERMINATIONCONTROL0                                                                                                                                                                                                                                                                                                                 ; Merged     ; Placement                                         ; Fitter Periphery Placement ; SERIESTERMINATIONCONTROL ;                ; HPS_DDR3_DM[2]~_s2p_logic_blkO_SERIESTERMINATIONCONTROL0                                                                                                                                                                                                                                                                                                                  ; SERIESTERMINATIONCONTROL ;                       ;
; scilab_adc2:u_system|scilab_adc2_hps_0:hps_0|scilab_adc2_hps_0_hps_io:hps_io|scilab_adc2_hps_0_hps_io_border:border|hps_sdram:hps_sdram_inst|altera_mem_if_oct_cyclonev:oct|seriesterminationcontrol[0]                                                                                                                                                                   ; Merged     ; Placement                                         ; Fitter Periphery Placement ; SERIESTERMINATIONCONTROL ;                ; HPS_DDR3_DM[2]~_s2p_logic_blkO_SERIESTERMINATIONCONTROL0                                                                                                                                                                                                                                                                                                                  ; SERIESTERMINATIONCONTROL ;                       ;
; scilab_adc2:u_system|scilab_adc2_hps_0:hps_0|scilab_adc2_hps_0_hps_io:hps_io|scilab_adc2_hps_0_hps_io_border:border|hps_sdram:hps_sdram_inst|hps_sdram_p0:p0|hps_sdram_p0_acv_hard_memphy:umemphy|hps_sdram_p0_acv_hard_io_pads:uio_pads|hps_sdram_p0_acv_hard_addr_cmd_pads:uaddr_cmd_pads|clock_gen[0].leveled_dqs_clocks[0]                                            ; Merged     ; Placement                                         ; Fitter Periphery Placement ; CLKOUT                   ;                ; scilab_adc2:u_system|scilab_adc2_hps_0:hps_0|scilab_adc2_hps_0_hps_io:hps_io|scilab_adc2_hps_0_hps_io_border:border|hps_sdram:hps_sdram_inst|hps_sdram_p0:p0|hps_sdram_p0_acv_hard_memphy:umemphy|hps_sdram_p0_acv_ldc:memphy_ldc|leveled_dqs_clocks[0]                                                                                                                   ; CLKOUT                   ;                       ;
; scilab_adc2:u_system|scilab_adc2_hps_0:hps_0|scilab_adc2_hps_0_hps_io:hps_io|scilab_adc2_hps_0_hps_io_border:border|hps_sdram:hps_sdram_inst|hps_sdram_p0:p0|hps_sdram_p0_acv_hard_memphy:umemphy|hps_sdram_p0_acv_hard_io_pads:uio_pads|hps_sdram_p0_acv_hard_addr_cmd_pads:uaddr_cmd_pads|hps_sdram_p0_acv_ldc:address_gen[0].acv_ac_ldc|leveled_dqs_clocks[0]          ; Merged     ; Placement                                         ; Fitter Periphery Placement ; CLKOUT                   ;                ; scilab_adc2:u_system|scilab_adc2_hps_0:hps_0|scilab_adc2_hps_0_hps_io:hps_io|scilab_adc2_hps_0_hps_io_border:border|hps_sdram:hps_sdram_inst|hps_sdram_p0:p0|hps_sdram_p0_acv_hard_memphy:umemphy|hps_sdram_p0_acv_ldc:memphy_ldc|leveled_dqs_clocks[0]                                                                                                                   ; CLKOUT                   ;                       ;
; scilab_adc2:u_system|scilab_adc2_hps_0:hps_0|scilab_adc2_hps_0_hps_io:hps_io|scilab_adc2_hps_0_hps_io_border:border|hps_sdram:hps_sdram_inst|hps_sdram_p0:p0|hps_sdram_p0_acv_hard_memphy:umemphy|hps_sdram_p0_acv_hard_io_pads:uio_pads|hps_sdram_p0_acv_hard_addr_cmd_pads:uaddr_cmd_pads|hps_sdram_p0_acv_ldc:address_gen[1].acv_ac_ldc|adc_clk_cps                    ; Merged     ; Placement                                         ; Fitter Periphery Placement ; CLKOUT                   ;                ; scilab_adc2:u_system|scilab_adc2_hps_0:hps_0|scilab_adc2_hps_0_hps_io:hps_io|scilab_adc2_hps_0_hps_io_border:border|hps_sdram:hps_sdram_inst|hps_sdram_p0:p0|hps_sdram_p0_acv_hard_memphy:umemphy|hps_sdram_p0_acv_hard_io_pads:uio_pads|hps_sdram_p0_acv_hard_addr_cmd_pads:uaddr_cmd_pads|hps_sdram_p0_acv_ldc:address_gen[0].acv_ac_ldc|adc_clk_cps                    ; CLKOUT                   ;                       ;
; scilab_adc2:u_system|scilab_adc2_hps_0:hps_0|scilab_adc2_hps_0_hps_io:hps_io|scilab_adc2_hps_0_hps_io_border:border|hps_sdram:hps_sdram_inst|hps_sdram_p0:p0|hps_sdram_p0_acv_hard_memphy:umemphy|hps_sdram_p0_acv_hard_io_pads:uio_pads|hps_sdram_p0_acv_hard_addr_cmd_pads:uaddr_cmd_pads|hps_sdram_p0_acv_ldc:address_gen[1].acv_ac_ldc|leveled_dqs_clocks[0]          ; Merged     ; Placement                                         ; Fitter Periphery Placement ; CLKOUT                   ;                ; scilab_adc2:u_system|scilab_adc2_hps_0:hps_0|scilab_adc2_hps_0_hps_io:hps_io|scilab_adc2_hps_0_hps_io_border:border|hps_sdram:hps_sdram_inst|hps_sdram_p0:p0|hps_sdram_p0_acv_hard_memphy:umemphy|hps_sdram_p0_acv_ldc:memphy_ldc|leveled_dqs_clocks[0]                                                                                                                   ; CLKOUT                   ;                       ;
; scilab_adc2:u_system|scilab_adc2_hps_0:hps_0|scilab_adc2_hps_0_hps_io:hps_io|scilab_adc2_hps_0_hps_io_border:border|hps_sdram:hps_sdram_inst|hps_sdram_p0:p0|hps_sdram_p0_acv_hard_memphy:umemphy|hps_sdram_p0_acv_hard_io_pads:uio_pads|hps_sdram_p0_acv_hard_addr_cmd_pads:uaddr_cmd_pads|hps_sdram_p0_acv_ldc:address_gen[2].acv_ac_ldc|adc_clk_cps                    ; Merged     ; Placement                                         ; Fitter Periphery Placement ; CLKOUT                   ;                ; scilab_adc2:u_system|scilab_adc2_hps_0:hps_0|scilab_adc2_hps_0_hps_io:hps_io|scilab_adc2_hps_0_hps_io_border:border|hps_sdram:hps_sdram_inst|hps_sdram_p0:p0|hps_sdram_p0_acv_hard_memphy:umemphy|hps_sdram_p0_acv_hard_io_pads:uio_pads|hps_sdram_p0_acv_hard_addr_cmd_pads:uaddr_cmd_pads|hps_sdram_p0_acv_ldc:address_gen[0].acv_ac_ldc|adc_clk_cps                    ; CLKOUT                   ;                       ;
; scilab_adc2:u_system|scilab_adc2_hps_0:hps_0|scilab_adc2_hps_0_hps_io:hps_io|scilab_adc2_hps_0_hps_io_border:border|hps_sdram:hps_sdram_inst|hps_sdram_p0:p0|hps_sdram_p0_acv_hard_memphy:umemphy|hps_sdram_p0_acv_hard_io_pads:uio_pads|hps_sdram_p0_acv_hard_addr_cmd_pads:uaddr_cmd_pads|hps_sdram_p0_acv_ldc:address_gen[2].acv_ac_ldc|leveled_dqs_clocks[0]          ; Merged     ; Placement                                         ; Fitter Periphery Placement ; CLKOUT                   ;                ; scilab_adc2:u_system|scilab_adc2_hps_0:hps_0|scilab_adc2_hps_0_hps_io:hps_io|scilab_adc2_hps_0_hps_io_border:border|hps_sdram:hps_sdram_inst|hps_sdram_p0:p0|hps_sdram_p0_acv_hard_memphy:umemphy|hps_sdram_p0_acv_ldc:memphy_ldc|leveled_dqs_clocks[0]                                                                                                                   ; CLKOUT                   ;                       ;
; scilab_adc2:u_system|scilab_adc2_hps_0:hps_0|scilab_adc2_hps_0_hps_io:hps_io|scilab_adc2_hps_0_hps_io_border:border|hps_sdram:hps_sdram_inst|hps_sdram_p0:p0|hps_sdram_p0_acv_hard_memphy:umemphy|hps_sdram_p0_acv_hard_io_pads:uio_pads|hps_sdram_p0_acv_hard_addr_cmd_pads:uaddr_cmd_pads|hps_sdram_p0_acv_ldc:address_gen[3].acv_ac_ldc|adc_clk_cps                    ; Merged     ; Placement                                         ; Fitter Periphery Placement ; CLKOUT                   ;                ; scilab_adc2:u_system|scilab_adc2_hps_0:hps_0|scilab_adc2_hps_0_hps_io:hps_io|scilab_adc2_hps_0_hps_io_border:border|hps_sdram:hps_sdram_inst|hps_sdram_p0:p0|hps_sdram_p0_acv_hard_memphy:umemphy|hps_sdram_p0_acv_hard_io_pads:uio_pads|hps_sdram_p0_acv_hard_addr_cmd_pads:uaddr_cmd_pads|hps_sdram_p0_acv_ldc:address_gen[0].acv_ac_ldc|adc_clk_cps                    ; CLKOUT                   ;                       ;
; scilab_adc2:u_system|scilab_adc2_hps_0:hps_0|scilab_adc2_hps_0_hps_io:hps_io|scilab_adc2_hps_0_hps_io_border:border|hps_sdram:hps_sdram_inst|hps_sdram_p0:p0|hps_sdram_p0_acv_hard_memphy:umemphy|hps_sdram_p0_acv_hard_io_pads:uio_pads|hps_sdram_p0_acv_hard_addr_cmd_pads:uaddr_cmd_pads|hps_sdram_p0_acv_ldc:address_gen[3].acv_ac_ldc|leveled_dqs_clocks[0]          ; Merged     ; Placement                                         ; Fitter Periphery Placement ; CLKOUT                   ;                ; scilab_adc2:u_system|scilab_adc2_hps_0:hps_0|scilab_adc2_hps_0_hps_io:hps_io|scilab_adc2_hps_0_hps_io_border:border|hps_sdram:hps_sdram_inst|hps_sdram_p0:p0|hps_sdram_p0_acv_hard_memphy:umemphy|hps_sdram_p0_acv_ldc:memphy_ldc|leveled_dqs_clocks[0]                                                                                                                   ; CLKOUT                   ;                       ;
; scilab_adc2:u_system|scilab_adc2_hps_0:hps_0|scilab_adc2_hps_0_hps_io:hps_io|scilab_adc2_hps_0_hps_io_border:border|hps_sdram:hps_sdram_inst|hps_sdram_p0:p0|hps_sdram_p0_acv_hard_memphy:umemphy|hps_sdram_p0_acv_hard_io_pads:uio_pads|hps_sdram_p0_acv_hard_addr_cmd_pads:uaddr_cmd_pads|hps_sdram_p0_acv_ldc:address_gen[4].acv_ac_ldc|adc_clk_cps                    ; Merged     ; Placement                                         ; Fitter Periphery Placement ; CLKOUT                   ;                ; scilab_adc2:u_system|scilab_adc2_hps_0:hps_0|scilab_adc2_hps_0_hps_io:hps_io|scilab_adc2_hps_0_hps_io_border:border|hps_sdram:hps_sdram_inst|hps_sdram_p0:p0|hps_sdram_p0_acv_hard_memphy:umemphy|hps_sdram_p0_acv_hard_io_pads:uio_pads|hps_sdram_p0_acv_hard_addr_cmd_pads:uaddr_cmd_pads|hps_sdram_p0_acv_ldc:address_gen[0].acv_ac_ldc|adc_clk_cps                    ; CLKOUT                   ;                       ;
; scilab_adc2:u_system|scilab_adc2_hps_0:hps_0|scilab_adc2_hps_0_hps_io:hps_io|scilab_adc2_hps_0_hps_io_border:border|hps_sdram:hps_sdram_inst|hps_sdram_p0:p0|hps_sdram_p0_acv_hard_memphy:umemphy|hps_sdram_p0_acv_hard_io_pads:uio_pads|hps_sdram_p0_acv_hard_addr_cmd_pads:uaddr_cmd_pads|hps_sdram_p0_acv_ldc:address_gen[4].acv_ac_ldc|leveled_dqs_clocks[0]          ; Merged     ; Placement                                         ; Fitter Periphery Placement ; CLKOUT                   ;                ; scilab_adc2:u_system|scilab_adc2_hps_0:hps_0|scilab_adc2_hps_0_hps_io:hps_io|scilab_adc2_hps_0_hps_io_border:border|hps_sdram:hps_sdram_inst|hps_sdram_p0:p0|hps_sdram_p0_acv_hard_memphy:umemphy|hps_sdram_p0_acv_ldc:memphy_ldc|leveled_dqs_clocks[0]                                                                                                                   ; CLKOUT                   ;                       ;
; scilab_adc2:u_system|scilab_adc2_hps_0:hps_0|scilab_adc2_hps_0_hps_io:hps_io|scilab_adc2_hps_0_hps_io_border:border|hps_sdram:hps_sdram_inst|hps_sdram_p0:p0|hps_sdram_p0_acv_hard_memphy:umemphy|hps_sdram_p0_acv_hard_io_pads:uio_pads|hps_sdram_p0_acv_hard_addr_cmd_pads:uaddr_cmd_pads|hps_sdram_p0_acv_ldc:address_gen[5].acv_ac_ldc|adc_clk_cps                    ; Merged     ; Placement                                         ; Fitter Periphery Placement ; CLKOUT                   ;                ; scilab_adc2:u_system|scilab_adc2_hps_0:hps_0|scilab_adc2_hps_0_hps_io:hps_io|scilab_adc2_hps_0_hps_io_border:border|hps_sdram:hps_sdram_inst|hps_sdram_p0:p0|hps_sdram_p0_acv_hard_memphy:umemphy|hps_sdram_p0_acv_hard_io_pads:uio_pads|hps_sdram_p0_acv_hard_addr_cmd_pads:uaddr_cmd_pads|hps_sdram_p0_acv_ldc:address_gen[0].acv_ac_ldc|adc_clk_cps                    ; CLKOUT                   ;                       ;
; scilab_adc2:u_system|scilab_adc2_hps_0:hps_0|scilab_adc2_hps_0_hps_io:hps_io|scilab_adc2_hps_0_hps_io_border:border|hps_sdram:hps_sdram_inst|hps_sdram_p0:p0|hps_sdram_p0_acv_hard_memphy:umemphy|hps_sdram_p0_acv_hard_io_pads:uio_pads|hps_sdram_p0_acv_hard_addr_cmd_pads:uaddr_cmd_pads|hps_sdram_p0_acv_ldc:address_gen[5].acv_ac_ldc|leveled_dqs_clocks[0]          ; Merged     ; Placement                                         ; Fitter Periphery Placement ; CLKOUT                   ;                ; scilab_adc2:u_system|scilab_adc2_hps_0:hps_0|scilab_adc2_hps_0_hps_io:hps_io|scilab_adc2_hps_0_hps_io_border:border|hps_sdram:hps_sdram_inst|hps_sdram_p0:p0|hps_sdram_p0_acv_hard_memphy:umemphy|hps_sdram_p0_acv_ldc:memphy_ldc|leveled_dqs_clocks[0]                                                                                                                   ; CLKOUT                   ;                       ;
; scilab_adc2:u_system|scilab_adc2_hps_0:hps_0|scilab_adc2_hps_0_hps_io:hps_io|scilab_adc2_hps_0_hps_io_border:border|hps_sdram:hps_sdram_inst|hps_sdram_p0:p0|hps_sdram_p0_acv_hard_memphy:umemphy|hps_sdram_p0_acv_hard_io_pads:uio_pads|hps_sdram_p0_acv_hard_addr_cmd_pads:uaddr_cmd_pads|hps_sdram_p0_acv_ldc:address_gen[6].acv_ac_ldc|adc_clk_cps                    ; Merged     ; Placement                                         ; Fitter Periphery Placement ; CLKOUT                   ;                ; scilab_adc2:u_system|scilab_adc2_hps_0:hps_0|scilab_adc2_hps_0_hps_io:hps_io|scilab_adc2_hps_0_hps_io_border:border|hps_sdram:hps_sdram_inst|hps_sdram_p0:p0|hps_sdram_p0_acv_hard_memphy:umemphy|hps_sdram_p0_acv_hard_io_pads:uio_pads|hps_sdram_p0_acv_hard_addr_cmd_pads:uaddr_cmd_pads|hps_sdram_p0_acv_ldc:address_gen[0].acv_ac_ldc|adc_clk_cps                    ; CLKOUT                   ;                       ;
; scilab_adc2:u_system|scilab_adc2_hps_0:hps_0|scilab_adc2_hps_0_hps_io:hps_io|scilab_adc2_hps_0_hps_io_border:border|hps_sdram:hps_sdram_inst|hps_sdram_p0:p0|hps_sdram_p0_acv_hard_memphy:umemphy|hps_sdram_p0_acv_hard_io_pads:uio_pads|hps_sdram_p0_acv_hard_addr_cmd_pads:uaddr_cmd_pads|hps_sdram_p0_acv_ldc:address_gen[6].acv_ac_ldc|leveled_dqs_clocks[0]          ; Merged     ; Placement                                         ; Fitter Periphery Placement ; CLKOUT                   ;                ; scilab_adc2:u_system|scilab_adc2_hps_0:hps_0|scilab_adc2_hps_0_hps_io:hps_io|scilab_adc2_hps_0_hps_io_border:border|hps_sdram:hps_sdram_inst|hps_sdram_p0:p0|hps_sdram_p0_acv_hard_memphy:umemphy|hps_sdram_p0_acv_ldc:memphy_ldc|leveled_dqs_clocks[0]                                                                                                                   ; CLKOUT                   ;                       ;
; scilab_adc2:u_system|scilab_adc2_hps_0:hps_0|scilab_adc2_hps_0_hps_io:hps_io|scilab_adc2_hps_0_hps_io_border:border|hps_sdram:hps_sdram_inst|hps_sdram_p0:p0|hps_sdram_p0_acv_hard_memphy:umemphy|hps_sdram_p0_acv_hard_io_pads:uio_pads|hps_sdram_p0_acv_hard_addr_cmd_pads:uaddr_cmd_pads|hps_sdram_p0_acv_ldc:address_gen[7].acv_ac_ldc|adc_clk_cps                    ; Merged     ; Placement                                         ; Fitter Periphery Placement ; CLKOUT                   ;                ; scilab_adc2:u_system|scilab_adc2_hps_0:hps_0|scilab_adc2_hps_0_hps_io:hps_io|scilab_adc2_hps_0_hps_io_border:border|hps_sdram:hps_sdram_inst|hps_sdram_p0:p0|hps_sdram_p0_acv_hard_memphy:umemphy|hps_sdram_p0_acv_hard_io_pads:uio_pads|hps_sdram_p0_acv_hard_addr_cmd_pads:uaddr_cmd_pads|hps_sdram_p0_acv_ldc:address_gen[0].acv_ac_ldc|adc_clk_cps                    ; CLKOUT                   ;                       ;
; scilab_adc2:u_system|scilab_adc2_hps_0:hps_0|scilab_adc2_hps_0_hps_io:hps_io|scilab_adc2_hps_0_hps_io_border:border|hps_sdram:hps_sdram_inst|hps_sdram_p0:p0|hps_sdram_p0_acv_hard_memphy:umemphy|hps_sdram_p0_acv_hard_io_pads:uio_pads|hps_sdram_p0_acv_hard_addr_cmd_pads:uaddr_cmd_pads|hps_sdram_p0_acv_ldc:address_gen[7].acv_ac_ldc|leveled_dqs_clocks[0]          ; Merged     ; Placement                                         ; Fitter Periphery Placement ; CLKOUT                   ;                ; scilab_adc2:u_system|scilab_adc2_hps_0:hps_0|scilab_adc2_hps_0_hps_io:hps_io|scilab_adc2_hps_0_hps_io_border:border|hps_sdram:hps_sdram_inst|hps_sdram_p0:p0|hps_sdram_p0_acv_hard_memphy:umemphy|hps_sdram_p0_acv_ldc:memphy_ldc|leveled_dqs_clocks[0]                                                                                                                   ; CLKOUT                   ;                       ;
; scilab_adc2:u_system|scilab_adc2_hps_0:hps_0|scilab_adc2_hps_0_hps_io:hps_io|scilab_adc2_hps_0_hps_io_border:border|hps_sdram:hps_sdram_inst|hps_sdram_p0:p0|hps_sdram_p0_acv_hard_memphy:umemphy|hps_sdram_p0_acv_hard_io_pads:uio_pads|hps_sdram_p0_acv_hard_addr_cmd_pads:uaddr_cmd_pads|hps_sdram_p0_acv_ldc:address_gen[8].acv_ac_ldc|leveled_dqs_clocks[0]          ; Merged     ; Placement                                         ; Fitter Periphery Placement ; CLKOUT                   ;                ; scilab_adc2:u_system|scilab_adc2_hps_0:hps_0|scilab_adc2_hps_0_hps_io:hps_io|scilab_adc2_hps_0_hps_io_border:border|hps_sdram:hps_sdram_inst|hps_sdram_p0:p0|hps_sdram_p0_acv_hard_memphy:umemphy|hps_sdram_p0_acv_ldc:memphy_ldc|leveled_dqs_clocks[0]                                                                                                                   ; CLKOUT                   ;                       ;
; scilab_adc2:u_system|scilab_adc2_hps_0:hps_0|scilab_adc2_hps_0_hps_io:hps_io|scilab_adc2_hps_0_hps_io_border:border|hps_sdram:hps_sdram_inst|hps_sdram_p0:p0|hps_sdram_p0_acv_hard_memphy:umemphy|hps_sdram_p0_acv_hard_io_pads:uio_pads|hps_sdram_p0_acv_hard_addr_cmd_pads:uaddr_cmd_pads|hps_sdram_p0_acv_ldc:address_gen[9].acv_ac_ldc|adc_clk_cps                    ; Merged     ; Placement                                         ; Fitter Periphery Placement ; CLKOUT                   ;                ; scilab_adc2:u_system|scilab_adc2_hps_0:hps_0|scilab_adc2_hps_0_hps_io:hps_io|scilab_adc2_hps_0_hps_io_border:border|hps_sdram:hps_sdram_inst|hps_sdram_p0:p0|hps_sdram_p0_acv_hard_memphy:umemphy|hps_sdram_p0_acv_hard_io_pads:uio_pads|hps_sdram_p0_acv_hard_addr_cmd_pads:uaddr_cmd_pads|hps_sdram_p0_acv_ldc:address_gen[8].acv_ac_ldc|adc_clk_cps                    ; CLKOUT                   ;                       ;
; scilab_adc2:u_system|scilab_adc2_hps_0:hps_0|scilab_adc2_hps_0_hps_io:hps_io|scilab_adc2_hps_0_hps_io_border:border|hps_sdram:hps_sdram_inst|hps_sdram_p0:p0|hps_sdram_p0_acv_hard_memphy:umemphy|hps_sdram_p0_acv_hard_io_pads:uio_pads|hps_sdram_p0_acv_hard_addr_cmd_pads:uaddr_cmd_pads|hps_sdram_p0_acv_ldc:address_gen[9].acv_ac_ldc|leveled_dqs_clocks[0]          ; Merged     ; Placement                                         ; Fitter Periphery Placement ; CLKOUT                   ;                ; scilab_adc2:u_system|scilab_adc2_hps_0:hps_0|scilab_adc2_hps_0_hps_io:hps_io|scilab_adc2_hps_0_hps_io_border:border|hps_sdram:hps_sdram_inst|hps_sdram_p0:p0|hps_sdram_p0_acv_hard_memphy:umemphy|hps_sdram_p0_acv_ldc:memphy_ldc|leveled_dqs_clocks[0]                                                                                                                   ; CLKOUT                   ;                       ;
; scilab_adc2:u_system|scilab_adc2_hps_0:hps_0|scilab_adc2_hps_0_hps_io:hps_io|scilab_adc2_hps_0_hps_io_border:border|hps_sdram:hps_sdram_inst|hps_sdram_p0:p0|hps_sdram_p0_acv_hard_memphy:umemphy|hps_sdram_p0_acv_hard_io_pads:uio_pads|hps_sdram_p0_acv_hard_addr_cmd_pads:uaddr_cmd_pads|hps_sdram_p0_acv_ldc:address_gen[10].acv_ac_ldc|adc_clk_cps                   ; Merged     ; Placement                                         ; Fitter Periphery Placement ; CLKOUT                   ;                ; scilab_adc2:u_system|scilab_adc2_hps_0:hps_0|scilab_adc2_hps_0_hps_io:hps_io|scilab_adc2_hps_0_hps_io_border:border|hps_sdram:hps_sdram_inst|hps_sdram_p0:p0|hps_sdram_p0_acv_hard_memphy:umemphy|hps_sdram_p0_acv_hard_io_pads:uio_pads|hps_sdram_p0_acv_hard_addr_cmd_pads:uaddr_cmd_pads|hps_sdram_p0_acv_ldc:address_gen[8].acv_ac_ldc|adc_clk_cps                    ; CLKOUT                   ;                       ;
; scilab_adc2:u_system|scilab_adc2_hps_0:hps_0|scilab_adc2_hps_0_hps_io:hps_io|scilab_adc2_hps_0_hps_io_border:border|hps_sdram:hps_sdram_inst|hps_sdram_p0:p0|hps_sdram_p0_acv_hard_memphy:umemphy|hps_sdram_p0_acv_hard_io_pads:uio_pads|hps_sdram_p0_acv_hard_addr_cmd_pads:uaddr_cmd_pads|hps_sdram_p0_acv_ldc:address_gen[10].acv_ac_ldc|leveled_dqs_clocks[0]         ; Merged     ; Placement                                         ; Fitter Periphery Placement ; CLKOUT                   ;                ; scilab_adc2:u_system|scilab_adc2_hps_0:hps_0|scilab_adc2_hps_0_hps_io:hps_io|scilab_adc2_hps_0_hps_io_border:border|hps_sdram:hps_sdram_inst|hps_sdram_p0:p0|hps_sdram_p0_acv_hard_memphy:umemphy|hps_sdram_p0_acv_ldc:memphy_ldc|leveled_dqs_clocks[0]                                                                                                                   ; CLKOUT                   ;                       ;
; scilab_adc2:u_system|scilab_adc2_hps_0:hps_0|scilab_adc2_hps_0_hps_io:hps_io|scilab_adc2_hps_0_hps_io_border:border|hps_sdram:hps_sdram_inst|hps_sdram_p0:p0|hps_sdram_p0_acv_hard_memphy:umemphy|hps_sdram_p0_acv_hard_io_pads:uio_pads|hps_sdram_p0_acv_hard_addr_cmd_pads:uaddr_cmd_pads|hps_sdram_p0_acv_ldc:address_gen[11].acv_ac_ldc|adc_clk_cps                   ; Merged     ; Placement                                         ; Fitter Periphery Placement ; CLKOUT                   ;                ; scilab_adc2:u_system|scilab_adc2_hps_0:hps_0|scilab_adc2_hps_0_hps_io:hps_io|scilab_adc2_hps_0_hps_io_border:border|hps_sdram:hps_sdram_inst|hps_sdram_p0:p0|hps_sdram_p0_acv_hard_memphy:umemphy|hps_sdram_p0_acv_hard_io_pads:uio_pads|hps_sdram_p0_acv_hard_addr_cmd_pads:uaddr_cmd_pads|hps_sdram_p0_acv_ldc:address_gen[8].acv_ac_ldc|adc_clk_cps                    ; CLKOUT                   ;                       ;
; scilab_adc2:u_system|scilab_adc2_hps_0:hps_0|scilab_adc2_hps_0_hps_io:hps_io|scilab_adc2_hps_0_hps_io_border:border|hps_sdram:hps_sdram_inst|hps_sdram_p0:p0|hps_sdram_p0_acv_hard_memphy:umemphy|hps_sdram_p0_acv_hard_io_pads:uio_pads|hps_sdram_p0_acv_hard_addr_cmd_pads:uaddr_cmd_pads|hps_sdram_p0_acv_ldc:address_gen[11].acv_ac_ldc|leveled_dqs_clocks[0]         ; Merged     ; Placement                                         ; Fitter Periphery Placement ; CLKOUT                   ;                ; scilab_adc2:u_system|scilab_adc2_hps_0:hps_0|scilab_adc2_hps_0_hps_io:hps_io|scilab_adc2_hps_0_hps_io_border:border|hps_sdram:hps_sdram_inst|hps_sdram_p0:p0|hps_sdram_p0_acv_hard_memphy:umemphy|hps_sdram_p0_acv_ldc:memphy_ldc|leveled_dqs_clocks[0]                                                                                                                   ; CLKOUT                   ;                       ;
; scilab_adc2:u_system|scilab_adc2_hps_0:hps_0|scilab_adc2_hps_0_hps_io:hps_io|scilab_adc2_hps_0_hps_io_border:border|hps_sdram:hps_sdram_inst|hps_sdram_p0:p0|hps_sdram_p0_acv_hard_memphy:umemphy|hps_sdram_p0_acv_hard_io_pads:uio_pads|hps_sdram_p0_acv_hard_addr_cmd_pads:uaddr_cmd_pads|hps_sdram_p0_acv_ldc:address_gen[12].acv_ac_ldc|adc_clk_cps                   ; Merged     ; Placement                                         ; Fitter Periphery Placement ; CLKOUT                   ;                ; scilab_adc2:u_system|scilab_adc2_hps_0:hps_0|scilab_adc2_hps_0_hps_io:hps_io|scilab_adc2_hps_0_hps_io_border:border|hps_sdram:hps_sdram_inst|hps_sdram_p0:p0|hps_sdram_p0_acv_hard_memphy:umemphy|hps_sdram_p0_acv_hard_io_pads:uio_pads|hps_sdram_p0_acv_hard_addr_cmd_pads:uaddr_cmd_pads|hps_sdram_p0_acv_ldc:address_gen[8].acv_ac_ldc|adc_clk_cps                    ; CLKOUT                   ;                       ;
; scilab_adc2:u_system|scilab_adc2_hps_0:hps_0|scilab_adc2_hps_0_hps_io:hps_io|scilab_adc2_hps_0_hps_io_border:border|hps_sdram:hps_sdram_inst|hps_sdram_p0:p0|hps_sdram_p0_acv_hard_memphy:umemphy|hps_sdram_p0_acv_hard_io_pads:uio_pads|hps_sdram_p0_acv_hard_addr_cmd_pads:uaddr_cmd_pads|hps_sdram_p0_acv_ldc:address_gen[12].acv_ac_ldc|leveled_dqs_clocks[0]         ; Merged     ; Placement                                         ; Fitter Periphery Placement ; CLKOUT                   ;                ; scilab_adc2:u_system|scilab_adc2_hps_0:hps_0|scilab_adc2_hps_0_hps_io:hps_io|scilab_adc2_hps_0_hps_io_border:border|hps_sdram:hps_sdram_inst|hps_sdram_p0:p0|hps_sdram_p0_acv_hard_memphy:umemphy|hps_sdram_p0_acv_ldc:memphy_ldc|leveled_dqs_clocks[0]                                                                                                                   ; CLKOUT                   ;                       ;
; scilab_adc2:u_system|scilab_adc2_hps_0:hps_0|scilab_adc2_hps_0_hps_io:hps_io|scilab_adc2_hps_0_hps_io_border:border|hps_sdram:hps_sdram_inst|hps_sdram_p0:p0|hps_sdram_p0_acv_hard_memphy:umemphy|hps_sdram_p0_acv_hard_io_pads:uio_pads|hps_sdram_p0_acv_hard_addr_cmd_pads:uaddr_cmd_pads|hps_sdram_p0_acv_ldc:address_gen[13].acv_ac_ldc|adc_clk_cps                   ; Merged     ; Placement                                         ; Fitter Periphery Placement ; CLKOUT                   ;                ; scilab_adc2:u_system|scilab_adc2_hps_0:hps_0|scilab_adc2_hps_0_hps_io:hps_io|scilab_adc2_hps_0_hps_io_border:border|hps_sdram:hps_sdram_inst|hps_sdram_p0:p0|hps_sdram_p0_acv_hard_memphy:umemphy|hps_sdram_p0_acv_hard_io_pads:uio_pads|hps_sdram_p0_acv_hard_addr_cmd_pads:uaddr_cmd_pads|hps_sdram_p0_acv_ldc:address_gen[8].acv_ac_ldc|adc_clk_cps                    ; CLKOUT                   ;                       ;
; scilab_adc2:u_system|scilab_adc2_hps_0:hps_0|scilab_adc2_hps_0_hps_io:hps_io|scilab_adc2_hps_0_hps_io_border:border|hps_sdram:hps_sdram_inst|hps_sdram_p0:p0|hps_sdram_p0_acv_hard_memphy:umemphy|hps_sdram_p0_acv_hard_io_pads:uio_pads|hps_sdram_p0_acv_hard_addr_cmd_pads:uaddr_cmd_pads|hps_sdram_p0_acv_ldc:address_gen[13].acv_ac_ldc|leveled_dqs_clocks[0]         ; Merged     ; Placement                                         ; Fitter Periphery Placement ; CLKOUT                   ;                ; scilab_adc2:u_system|scilab_adc2_hps_0:hps_0|scilab_adc2_hps_0_hps_io:hps_io|scilab_adc2_hps_0_hps_io_border:border|hps_sdram:hps_sdram_inst|hps_sdram_p0:p0|hps_sdram_p0_acv_hard_memphy:umemphy|hps_sdram_p0_acv_ldc:memphy_ldc|leveled_dqs_clocks[0]                                                                                                                   ; CLKOUT                   ;                       ;
; scilab_adc2:u_system|scilab_adc2_hps_0:hps_0|scilab_adc2_hps_0_hps_io:hps_io|scilab_adc2_hps_0_hps_io_border:border|hps_sdram:hps_sdram_inst|hps_sdram_p0:p0|hps_sdram_p0_acv_hard_memphy:umemphy|hps_sdram_p0_acv_hard_io_pads:uio_pads|hps_sdram_p0_acv_hard_addr_cmd_pads:uaddr_cmd_pads|hps_sdram_p0_acv_ldc:address_gen[14].acv_ac_ldc|adc_clk_cps                   ; Merged     ; Placement                                         ; Fitter Periphery Placement ; CLKOUT                   ;                ; scilab_adc2:u_system|scilab_adc2_hps_0:hps_0|scilab_adc2_hps_0_hps_io:hps_io|scilab_adc2_hps_0_hps_io_border:border|hps_sdram:hps_sdram_inst|hps_sdram_p0:p0|hps_sdram_p0_acv_hard_memphy:umemphy|hps_sdram_p0_acv_hard_io_pads:uio_pads|hps_sdram_p0_acv_hard_addr_cmd_pads:uaddr_cmd_pads|hps_sdram_p0_acv_ldc:address_gen[8].acv_ac_ldc|adc_clk_cps                    ; CLKOUT                   ;                       ;
; scilab_adc2:u_system|scilab_adc2_hps_0:hps_0|scilab_adc2_hps_0_hps_io:hps_io|scilab_adc2_hps_0_hps_io_border:border|hps_sdram:hps_sdram_inst|hps_sdram_p0:p0|hps_sdram_p0_acv_hard_memphy:umemphy|hps_sdram_p0_acv_hard_io_pads:uio_pads|hps_sdram_p0_acv_hard_addr_cmd_pads:uaddr_cmd_pads|hps_sdram_p0_acv_ldc:address_gen[14].acv_ac_ldc|leveled_dqs_clocks[0]         ; Merged     ; Placement                                         ; Fitter Periphery Placement ; CLKOUT                   ;                ; scilab_adc2:u_system|scilab_adc2_hps_0:hps_0|scilab_adc2_hps_0_hps_io:hps_io|scilab_adc2_hps_0_hps_io_border:border|hps_sdram:hps_sdram_inst|hps_sdram_p0:p0|hps_sdram_p0_acv_hard_memphy:umemphy|hps_sdram_p0_acv_ldc:memphy_ldc|leveled_dqs_clocks[0]                                                                                                                   ; CLKOUT                   ;                       ;
; scilab_adc2:u_system|scilab_adc2_hps_0:hps_0|scilab_adc2_hps_0_hps_io:hps_io|scilab_adc2_hps_0_hps_io_border:border|hps_sdram:hps_sdram_inst|hps_sdram_p0:p0|hps_sdram_p0_acv_hard_memphy:umemphy|hps_sdram_p0_acv_hard_io_pads:uio_pads|hps_sdram_p0_acv_hard_addr_cmd_pads:uaddr_cmd_pads|hps_sdram_p0_acv_ldc:address_gen[15].acv_ac_ldc|adc_clk_cps                   ; Merged     ; Placement                                         ; Fitter Periphery Placement ; CLKOUT                   ;                ; scilab_adc2:u_system|scilab_adc2_hps_0:hps_0|scilab_adc2_hps_0_hps_io:hps_io|scilab_adc2_hps_0_hps_io_border:border|hps_sdram:hps_sdram_inst|hps_sdram_p0:p0|hps_sdram_p0_acv_hard_memphy:umemphy|hps_sdram_p0_acv_hard_io_pads:uio_pads|hps_sdram_p0_acv_hard_addr_cmd_pads:uaddr_cmd_pads|hps_sdram_p0_acv_ldc:address_gen[0].acv_ac_ldc|adc_clk_cps                    ; CLKOUT                   ;                       ;
; scilab_adc2:u_system|scilab_adc2_hps_0:hps_0|scilab_adc2_hps_0_hps_io:hps_io|scilab_adc2_hps_0_hps_io_border:border|hps_sdram:hps_sdram_inst|hps_sdram_p0:p0|hps_sdram_p0_acv_hard_memphy:umemphy|hps_sdram_p0_acv_hard_io_pads:uio_pads|hps_sdram_p0_acv_hard_addr_cmd_pads:uaddr_cmd_pads|hps_sdram_p0_acv_ldc:address_gen[15].acv_ac_ldc|leveled_dqs_clocks[0]         ; Merged     ; Placement                                         ; Fitter Periphery Placement ; CLKOUT                   ;                ; scilab_adc2:u_system|scilab_adc2_hps_0:hps_0|scilab_adc2_hps_0_hps_io:hps_io|scilab_adc2_hps_0_hps_io_border:border|hps_sdram:hps_sdram_inst|hps_sdram_p0:p0|hps_sdram_p0_acv_hard_memphy:umemphy|hps_sdram_p0_acv_ldc:memphy_ldc|leveled_dqs_clocks[0]                                                                                                                   ; CLKOUT                   ;                       ;
; scilab_adc2:u_system|scilab_adc2_hps_0:hps_0|scilab_adc2_hps_0_hps_io:hps_io|scilab_adc2_hps_0_hps_io_border:border|hps_sdram:hps_sdram_inst|hps_sdram_p0:p0|hps_sdram_p0_acv_hard_memphy:umemphy|hps_sdram_p0_acv_hard_io_pads:uio_pads|hps_sdram_p0_acv_hard_addr_cmd_pads:uaddr_cmd_pads|hps_sdram_p0_acv_ldc:address_gen[16].acv_ac_ldc|adc_clk_cps                   ; Merged     ; Placement                                         ; Fitter Periphery Placement ; CLKOUT                   ;                ; scilab_adc2:u_system|scilab_adc2_hps_0:hps_0|scilab_adc2_hps_0_hps_io:hps_io|scilab_adc2_hps_0_hps_io_border:border|hps_sdram:hps_sdram_inst|hps_sdram_p0:p0|hps_sdram_p0_acv_hard_memphy:umemphy|hps_sdram_p0_acv_hard_io_pads:uio_pads|hps_sdram_p0_acv_hard_addr_cmd_pads:uaddr_cmd_pads|hps_sdram_p0_acv_ldc:address_gen[0].acv_ac_ldc|adc_clk_cps                    ; CLKOUT                   ;                       ;
; scilab_adc2:u_system|scilab_adc2_hps_0:hps_0|scilab_adc2_hps_0_hps_io:hps_io|scilab_adc2_hps_0_hps_io_border:border|hps_sdram:hps_sdram_inst|hps_sdram_p0:p0|hps_sdram_p0_acv_hard_memphy:umemphy|hps_sdram_p0_acv_hard_io_pads:uio_pads|hps_sdram_p0_acv_hard_addr_cmd_pads:uaddr_cmd_pads|hps_sdram_p0_acv_ldc:address_gen[16].acv_ac_ldc|leveled_dqs_clocks[0]         ; Merged     ; Placement                                         ; Fitter Periphery Placement ; CLKOUT                   ;                ; scilab_adc2:u_system|scilab_adc2_hps_0:hps_0|scilab_adc2_hps_0_hps_io:hps_io|scilab_adc2_hps_0_hps_io_border:border|hps_sdram:hps_sdram_inst|hps_sdram_p0:p0|hps_sdram_p0_acv_hard_memphy:umemphy|hps_sdram_p0_acv_ldc:memphy_ldc|leveled_dqs_clocks[0]                                                                                                                   ; CLKOUT                   ;                       ;
; scilab_adc2:u_system|scilab_adc2_hps_0:hps_0|scilab_adc2_hps_0_hps_io:hps_io|scilab_adc2_hps_0_hps_io_border:border|hps_sdram:hps_sdram_inst|hps_sdram_p0:p0|hps_sdram_p0_acv_hard_memphy:umemphy|hps_sdram_p0_acv_hard_io_pads:uio_pads|hps_sdram_p0_acv_hard_addr_cmd_pads:uaddr_cmd_pads|hps_sdram_p0_acv_ldc:address_gen[17].acv_ac_ldc|adc_clk_cps                   ; Merged     ; Placement                                         ; Fitter Periphery Placement ; CLKOUT                   ;                ; scilab_adc2:u_system|scilab_adc2_hps_0:hps_0|scilab_adc2_hps_0_hps_io:hps_io|scilab_adc2_hps_0_hps_io_border:border|hps_sdram:hps_sdram_inst|hps_sdram_p0:p0|hps_sdram_p0_acv_hard_memphy:umemphy|hps_sdram_p0_acv_hard_io_pads:uio_pads|hps_sdram_p0_acv_hard_addr_cmd_pads:uaddr_cmd_pads|hps_sdram_p0_acv_ldc:address_gen[0].acv_ac_ldc|adc_clk_cps                    ; CLKOUT                   ;                       ;
; scilab_adc2:u_system|scilab_adc2_hps_0:hps_0|scilab_adc2_hps_0_hps_io:hps_io|scilab_adc2_hps_0_hps_io_border:border|hps_sdram:hps_sdram_inst|hps_sdram_p0:p0|hps_sdram_p0_acv_hard_memphy:umemphy|hps_sdram_p0_acv_hard_io_pads:uio_pads|hps_sdram_p0_acv_hard_addr_cmd_pads:uaddr_cmd_pads|hps_sdram_p0_acv_ldc:address_gen[17].acv_ac_ldc|leveled_dqs_clocks[0]         ; Merged     ; Placement                                         ; Fitter Periphery Placement ; CLKOUT                   ;                ; scilab_adc2:u_system|scilab_adc2_hps_0:hps_0|scilab_adc2_hps_0_hps_io:hps_io|scilab_adc2_hps_0_hps_io_border:border|hps_sdram:hps_sdram_inst|hps_sdram_p0:p0|hps_sdram_p0_acv_hard_memphy:umemphy|hps_sdram_p0_acv_ldc:memphy_ldc|leveled_dqs_clocks[0]                                                                                                                   ; CLKOUT                   ;                       ;
; scilab_adc2:u_system|scilab_adc2_hps_0:hps_0|scilab_adc2_hps_0_hps_io:hps_io|scilab_adc2_hps_0_hps_io_border:border|hps_sdram:hps_sdram_inst|hps_sdram_p0:p0|hps_sdram_p0_acv_hard_memphy:umemphy|hps_sdram_p0_acv_hard_io_pads:uio_pads|hps_sdram_p0_acv_hard_addr_cmd_pads:uaddr_cmd_pads|hps_sdram_p0_acv_ldc:address_gen[18].acv_ac_ldc|adc_clk_cps                   ; Merged     ; Placement                                         ; Fitter Periphery Placement ; CLKOUT                   ;                ; scilab_adc2:u_system|scilab_adc2_hps_0:hps_0|scilab_adc2_hps_0_hps_io:hps_io|scilab_adc2_hps_0_hps_io_border:border|hps_sdram:hps_sdram_inst|hps_sdram_p0:p0|hps_sdram_p0_acv_hard_memphy:umemphy|hps_sdram_p0_acv_hard_io_pads:uio_pads|hps_sdram_p0_acv_hard_addr_cmd_pads:uaddr_cmd_pads|hps_sdram_p0_acv_ldc:address_gen[8].acv_ac_ldc|adc_clk_cps                    ; CLKOUT                   ;                       ;
; scilab_adc2:u_system|scilab_adc2_hps_0:hps_0|scilab_adc2_hps_0_hps_io:hps_io|scilab_adc2_hps_0_hps_io_border:border|hps_sdram:hps_sdram_inst|hps_sdram_p0:p0|hps_sdram_p0_acv_hard_memphy:umemphy|hps_sdram_p0_acv_hard_io_pads:uio_pads|hps_sdram_p0_acv_hard_addr_cmd_pads:uaddr_cmd_pads|hps_sdram_p0_acv_ldc:address_gen[18].acv_ac_ldc|leveled_dqs_clocks[0]         ; Merged     ; Placement                                         ; Fitter Periphery Placement ; CLKOUT                   ;                ; scilab_adc2:u_system|scilab_adc2_hps_0:hps_0|scilab_adc2_hps_0_hps_io:hps_io|scilab_adc2_hps_0_hps_io_border:border|hps_sdram:hps_sdram_inst|hps_sdram_p0:p0|hps_sdram_p0_acv_hard_memphy:umemphy|hps_sdram_p0_acv_ldc:memphy_ldc|leveled_dqs_clocks[0]                                                                                                                   ; CLKOUT                   ;                       ;
; scilab_adc2:u_system|scilab_adc2_hps_0:hps_0|scilab_adc2_hps_0_hps_io:hps_io|scilab_adc2_hps_0_hps_io_border:border|hps_sdram:hps_sdram_inst|hps_sdram_p0:p0|hps_sdram_p0_acv_hard_memphy:umemphy|hps_sdram_p0_acv_hard_io_pads:uio_pads|hps_sdram_p0_acv_hard_addr_cmd_pads:uaddr_cmd_pads|hps_sdram_p0_acv_ldc:address_gen[19].acv_ac_ldc|leveled_dqs_clocks[0]         ; Merged     ; Placement                                         ; Fitter Periphery Placement ; CLKOUT                   ;                ; scilab_adc2:u_system|scilab_adc2_hps_0:hps_0|scilab_adc2_hps_0_hps_io:hps_io|scilab_adc2_hps_0_hps_io_border:border|hps_sdram:hps_sdram_inst|hps_sdram_p0:p0|hps_sdram_p0_acv_hard_memphy:umemphy|hps_sdram_p0_acv_ldc:memphy_ldc|leveled_dqs_clocks[0]                                                                                                                   ; CLKOUT                   ;                       ;
; scilab_adc2:u_system|scilab_adc2_hps_0:hps_0|scilab_adc2_hps_0_hps_io:hps_io|scilab_adc2_hps_0_hps_io_border:border|hps_sdram:hps_sdram_inst|hps_sdram_p0:p0|hps_sdram_p0_acv_hard_memphy:umemphy|hps_sdram_p0_acv_hard_io_pads:uio_pads|hps_sdram_p0_acv_hard_addr_cmd_pads:uaddr_cmd_pads|hps_sdram_p0_acv_ldc:address_gen[20].acv_ac_ldc|leveled_dqs_clocks[0]         ; Merged     ; Placement                                         ; Fitter Periphery Placement ; CLKOUT                   ;                ; scilab_adc2:u_system|scilab_adc2_hps_0:hps_0|scilab_adc2_hps_0_hps_io:hps_io|scilab_adc2_hps_0_hps_io_border:border|hps_sdram:hps_sdram_inst|hps_sdram_p0:p0|hps_sdram_p0_acv_hard_memphy:umemphy|hps_sdram_p0_acv_ldc:memphy_ldc|leveled_dqs_clocks[0]                                                                                                                   ; CLKOUT                   ;                       ;
; scilab_adc2:u_system|scilab_adc2_hps_0:hps_0|scilab_adc2_hps_0_hps_io:hps_io|scilab_adc2_hps_0_hps_io_border:border|hps_sdram:hps_sdram_inst|hps_sdram_p0:p0|hps_sdram_p0_acv_hard_memphy:umemphy|hps_sdram_p0_acv_hard_io_pads:uio_pads|hps_sdram_p0_acv_hard_addr_cmd_pads:uaddr_cmd_pads|hps_sdram_p0_acv_ldc:address_gen[21].acv_ac_ldc|adc_clk_cps                   ; Merged     ; Placement                                         ; Fitter Periphery Placement ; CLKOUT                   ;                ; scilab_adc2:u_system|scilab_adc2_hps_0:hps_0|scilab_adc2_hps_0_hps_io:hps_io|scilab_adc2_hps_0_hps_io_border:border|hps_sdram:hps_sdram_inst|hps_sdram_p0:p0|hps_sdram_p0_acv_hard_memphy:umemphy|hps_sdram_p0_acv_hard_io_pads:uio_pads|hps_sdram_p0_acv_hard_addr_cmd_pads:uaddr_cmd_pads|hps_sdram_p0_acv_ldc:address_gen[8].acv_ac_ldc|adc_clk_cps                    ; CLKOUT                   ;                       ;
; scilab_adc2:u_system|scilab_adc2_hps_0:hps_0|scilab_adc2_hps_0_hps_io:hps_io|scilab_adc2_hps_0_hps_io_border:border|hps_sdram:hps_sdram_inst|hps_sdram_p0:p0|hps_sdram_p0_acv_hard_memphy:umemphy|hps_sdram_p0_acv_hard_io_pads:uio_pads|hps_sdram_p0_acv_hard_addr_cmd_pads:uaddr_cmd_pads|hps_sdram_p0_acv_ldc:address_gen[21].acv_ac_ldc|leveled_dqs_clocks[0]         ; Merged     ; Placement                                         ; Fitter Periphery Placement ; CLKOUT                   ;                ; scilab_adc2:u_system|scilab_adc2_hps_0:hps_0|scilab_adc2_hps_0_hps_io:hps_io|scilab_adc2_hps_0_hps_io_border:border|hps_sdram:hps_sdram_inst|hps_sdram_p0:p0|hps_sdram_p0_acv_hard_memphy:umemphy|hps_sdram_p0_acv_ldc:memphy_ldc|leveled_dqs_clocks[0]                                                                                                                   ; CLKOUT                   ;                       ;
; scilab_adc2:u_system|scilab_adc2_hps_0:hps_0|scilab_adc2_hps_0_hps_io:hps_io|scilab_adc2_hps_0_hps_io_border:border|hps_sdram:hps_sdram_inst|hps_sdram_p0:p0|hps_sdram_p0_acv_hard_memphy:umemphy|hps_sdram_p0_acv_hard_io_pads:uio_pads|hps_sdram_p0_acv_hard_addr_cmd_pads:uaddr_cmd_pads|hps_sdram_p0_acv_ldc:address_gen[22].acv_ac_ldc|adc_clk_cps                   ; Merged     ; Placement                                         ; Fitter Periphery Placement ; CLKOUT                   ;                ; scilab_adc2:u_system|scilab_adc2_hps_0:hps_0|scilab_adc2_hps_0_hps_io:hps_io|scilab_adc2_hps_0_hps_io_border:border|hps_sdram:hps_sdram_inst|hps_sdram_p0:p0|hps_sdram_p0_acv_hard_memphy:umemphy|hps_sdram_p0_acv_hard_io_pads:uio_pads|hps_sdram_p0_acv_hard_addr_cmd_pads:uaddr_cmd_pads|hps_sdram_p0_acv_ldc:address_gen[8].acv_ac_ldc|adc_clk_cps                    ; CLKOUT                   ;                       ;
; scilab_adc2:u_system|scilab_adc2_hps_0:hps_0|scilab_adc2_hps_0_hps_io:hps_io|scilab_adc2_hps_0_hps_io_border:border|hps_sdram:hps_sdram_inst|hps_sdram_p0:p0|hps_sdram_p0_acv_hard_memphy:umemphy|hps_sdram_p0_acv_hard_io_pads:uio_pads|hps_sdram_p0_acv_hard_addr_cmd_pads:uaddr_cmd_pads|hps_sdram_p0_acv_ldc:address_gen[22].acv_ac_ldc|leveled_dqs_clocks[0]         ; Merged     ; Placement                                         ; Fitter Periphery Placement ; CLKOUT                   ;                ; scilab_adc2:u_system|scilab_adc2_hps_0:hps_0|scilab_adc2_hps_0_hps_io:hps_io|scilab_adc2_hps_0_hps_io_border:border|hps_sdram:hps_sdram_inst|hps_sdram_p0:p0|hps_sdram_p0_acv_hard_memphy:umemphy|hps_sdram_p0_acv_ldc:memphy_ldc|leveled_dqs_clocks[0]                                                                                                                   ; CLKOUT                   ;                       ;
; scilab_adc2:u_system|scilab_adc2_hps_0:hps_0|scilab_adc2_hps_0_hps_io:hps_io|scilab_adc2_hps_0_hps_io_border:border|hps_sdram:hps_sdram_inst|hps_sdram_p0:p0|hps_sdram_p0_acv_hard_memphy:umemphy|hps_sdram_p0_acv_hard_io_pads:uio_pads|hps_sdram_p0_acv_hard_addr_cmd_pads:uaddr_cmd_pads|hps_sdram_p0_acv_ldc:address_gen[23].acv_ac_ldc|adc_clk_cps                   ; Merged     ; Placement                                         ; Fitter Periphery Placement ; CLKOUT                   ;                ; scilab_adc2:u_system|scilab_adc2_hps_0:hps_0|scilab_adc2_hps_0_hps_io:hps_io|scilab_adc2_hps_0_hps_io_border:border|hps_sdram:hps_sdram_inst|hps_sdram_p0:p0|hps_sdram_p0_acv_hard_memphy:umemphy|hps_sdram_p0_acv_hard_io_pads:uio_pads|hps_sdram_p0_acv_hard_addr_cmd_pads:uaddr_cmd_pads|hps_sdram_p0_acv_ldc:address_gen[8].acv_ac_ldc|adc_clk_cps                    ; CLKOUT                   ;                       ;
; scilab_adc2:u_system|scilab_adc2_hps_0:hps_0|scilab_adc2_hps_0_hps_io:hps_io|scilab_adc2_hps_0_hps_io_border:border|hps_sdram:hps_sdram_inst|hps_sdram_p0:p0|hps_sdram_p0_acv_hard_memphy:umemphy|hps_sdram_p0_acv_hard_io_pads:uio_pads|hps_sdram_p0_acv_hard_addr_cmd_pads:uaddr_cmd_pads|hps_sdram_p0_acv_ldc:address_gen[23].acv_ac_ldc|leveled_dqs_clocks[0]         ; Merged     ; Placement                                         ; Fitter Periphery Placement ; CLKOUT                   ;                ; scilab_adc2:u_system|scilab_adc2_hps_0:hps_0|scilab_adc2_hps_0_hps_io:hps_io|scilab_adc2_hps_0_hps_io_border:border|hps_sdram:hps_sdram_inst|hps_sdram_p0:p0|hps_sdram_p0_acv_hard_memphy:umemphy|hps_sdram_p0_acv_ldc:memphy_ldc|leveled_dqs_clocks[0]                                                                                                                   ; CLKOUT                   ;                       ;
; scilab_adc2:u_system|scilab_adc2_hps_0:hps_0|scilab_adc2_hps_0_hps_io:hps_io|scilab_adc2_hps_0_hps_io_border:border|hps_sdram:hps_sdram_inst|hps_sdram_p0:p0|hps_sdram_p0_acv_hard_memphy:umemphy|hps_sdram_p0_acv_hard_io_pads:uio_pads|hps_sdram_p0_acv_hard_addr_cmd_pads:uaddr_cmd_pads|hps_sdram_p0_acv_ldc:address_gen[24].acv_ac_ldc|leveled_dqs_clocks[0]         ; Merged     ; Placement                                         ; Fitter Periphery Placement ; CLKOUT                   ;                ; scilab_adc2:u_system|scilab_adc2_hps_0:hps_0|scilab_adc2_hps_0_hps_io:hps_io|scilab_adc2_hps_0_hps_io_border:border|hps_sdram:hps_sdram_inst|hps_sdram_p0:p0|hps_sdram_p0_acv_hard_memphy:umemphy|hps_sdram_p0_acv_hard_io_pads:uio_pads|hps_sdram_p0_altdqdqs:dq_ddio[2].ubidir_dq_dqs|altdq_dqs2_acv_connect_to_hard_phy_cyclonev:altdq_dqs2_inst|leveled_dqs_clocks[0] ; CLKOUT                   ;                       ;
; scilab_adc2:u_system|scilab_adc2_hps_0:hps_0|scilab_adc2_hps_0_hps_io:hps_io|scilab_adc2_hps_0_hps_io_border:border|hps_sdram:hps_sdram_inst|hps_sdram_p0:p0|hps_sdram_p0_acv_hard_memphy:umemphy|hps_sdram_p0_acv_hard_io_pads:uio_pads|hps_sdram_p0_altdqdqs:dq_ddio[0].ubidir_dq_dqs|altdq_dqs2_acv_connect_to_hard_phy_cyclonev:altdq_dqs2_inst|leveled_dqs_clocks[0] ; Merged     ; Placement                                         ; Fitter Periphery Placement ; CLKOUT                   ;                ; scilab_adc2:u_system|scilab_adc2_hps_0:hps_0|scilab_adc2_hps_0_hps_io:hps_io|scilab_adc2_hps_0_hps_io_border:border|hps_sdram:hps_sdram_inst|hps_sdram_p0:p0|hps_sdram_p0_acv_hard_memphy:umemphy|hps_sdram_p0_acv_ldc:memphy_ldc|leveled_dqs_clocks[0]                                                                                                                   ; CLKOUT                   ;                       ;
; scilab_adc2:u_system|scilab_adc2_hps_0:hps_0|scilab_adc2_hps_0_hps_io:hps_io|scilab_adc2_hps_0_hps_io_border:border|hps_sdram:hps_sdram_inst|hps_sdram_p0:p0|hps_sdram_p0_acv_hard_memphy:umemphy|hps_sdram_p0_acv_hard_io_pads:uio_pads|hps_sdram_p0_altdqdqs:dq_ddio[0].ubidir_dq_dqs|altdq_dqs2_acv_connect_to_hard_phy_cyclonev:altdq_dqs2_inst|leveled_hr_clocks[0]  ; Merged     ; Placement                                         ; Fitter Periphery Placement ; CLKOUT                   ;                ; scilab_adc2:u_system|scilab_adc2_hps_0:hps_0|scilab_adc2_hps_0_hps_io:hps_io|scilab_adc2_hps_0_hps_io_border:border|hps_sdram:hps_sdram_inst|hps_sdram_p0:p0|hps_sdram_p0_acv_hard_memphy:umemphy|hps_sdram_p0_acv_ldc:memphy_ldc|leveled_hr_clocks[0]                                                                                                                    ; CLKOUT                   ;                       ;
; scilab_adc2:u_system|scilab_adc2_hps_0:hps_0|scilab_adc2_hps_0_hps_io:hps_io|scilab_adc2_hps_0_hps_io_border:border|hps_sdram:hps_sdram_inst|hps_sdram_p0:p0|hps_sdram_p0_acv_hard_memphy:umemphy|hps_sdram_p0_acv_hard_io_pads:uio_pads|hps_sdram_p0_altdqdqs:dq_ddio[1].ubidir_dq_dqs|altdq_dqs2_acv_connect_to_hard_phy_cyclonev:altdq_dqs2_inst|leveled_dq_clocks[0]  ; Merged     ; Placement                                         ; Fitter Periphery Placement ; CLKOUT                   ;                ; scilab_adc2:u_system|scilab_adc2_hps_0:hps_0|scilab_adc2_hps_0_hps_io:hps_io|scilab_adc2_hps_0_hps_io_border:border|hps_sdram:hps_sdram_inst|hps_sdram_p0:p0|hps_sdram_p0_acv_hard_memphy:umemphy|hps_sdram_p0_acv_hard_io_pads:uio_pads|hps_sdram_p0_altdqdqs:dq_ddio[0].ubidir_dq_dqs|altdq_dqs2_acv_connect_to_hard_phy_cyclonev:altdq_dqs2_inst|leveled_dq_clocks[0]  ; CLKOUT                   ;                       ;
; scilab_adc2:u_system|scilab_adc2_hps_0:hps_0|scilab_adc2_hps_0_hps_io:hps_io|scilab_adc2_hps_0_hps_io_border:border|hps_sdram:hps_sdram_inst|hps_sdram_p0:p0|hps_sdram_p0_acv_hard_memphy:umemphy|hps_sdram_p0_acv_hard_io_pads:uio_pads|hps_sdram_p0_altdqdqs:dq_ddio[1].ubidir_dq_dqs|altdq_dqs2_acv_connect_to_hard_phy_cyclonev:altdq_dqs2_inst|leveled_dqs_clocks[0] ; Merged     ; Placement                                         ; Fitter Periphery Placement ; CLKOUT                   ;                ; scilab_adc2:u_system|scilab_adc2_hps_0:hps_0|scilab_adc2_hps_0_hps_io:hps_io|scilab_adc2_hps_0_hps_io_border:border|hps_sdram:hps_sdram_inst|hps_sdram_p0:p0|hps_sdram_p0_acv_hard_memphy:umemphy|hps_sdram_p0_acv_ldc:memphy_ldc|leveled_dqs_clocks[0]                                                                                                                   ; CLKOUT                   ;                       ;
; scilab_adc2:u_system|scilab_adc2_hps_0:hps_0|scilab_adc2_hps_0_hps_io:hps_io|scilab_adc2_hps_0_hps_io_border:border|hps_sdram:hps_sdram_inst|hps_sdram_p0:p0|hps_sdram_p0_acv_hard_memphy:umemphy|hps_sdram_p0_acv_hard_io_pads:uio_pads|hps_sdram_p0_altdqdqs:dq_ddio[1].ubidir_dq_dqs|altdq_dqs2_acv_connect_to_hard_phy_cyclonev:altdq_dqs2_inst|leveled_hr_clocks[0]  ; Merged     ; Placement                                         ; Fitter Periphery Placement ; CLKOUT                   ;                ; scilab_adc2:u_system|scilab_adc2_hps_0:hps_0|scilab_adc2_hps_0_hps_io:hps_io|scilab_adc2_hps_0_hps_io_border:border|hps_sdram:hps_sdram_inst|hps_sdram_p0:p0|hps_sdram_p0_acv_hard_memphy:umemphy|hps_sdram_p0_acv_ldc:memphy_ldc|leveled_hr_clocks[0]                                                                                                                    ; CLKOUT                   ;                       ;
; scilab_adc2:u_system|scilab_adc2_hps_0:hps_0|scilab_adc2_hps_0_hps_io:hps_io|scilab_adc2_hps_0_hps_io_border:border|hps_sdram:hps_sdram_inst|hps_sdram_p0:p0|hps_sdram_p0_acv_hard_memphy:umemphy|hps_sdram_p0_acv_hard_io_pads:uio_pads|hps_sdram_p0_altdqdqs:dq_ddio[3].ubidir_dq_dqs|altdq_dqs2_acv_connect_to_hard_phy_cyclonev:altdq_dqs2_inst|leveled_dq_clocks[0]  ; Merged     ; Placement                                         ; Fitter Periphery Placement ; CLKOUT                   ;                ; scilab_adc2:u_system|scilab_adc2_hps_0:hps_0|scilab_adc2_hps_0_hps_io:hps_io|scilab_adc2_hps_0_hps_io_border:border|hps_sdram:hps_sdram_inst|hps_sdram_p0:p0|hps_sdram_p0_acv_hard_memphy:umemphy|hps_sdram_p0_acv_hard_io_pads:uio_pads|hps_sdram_p0_altdqdqs:dq_ddio[2].ubidir_dq_dqs|altdq_dqs2_acv_connect_to_hard_phy_cyclonev:altdq_dqs2_inst|leveled_dq_clocks[0]  ; CLKOUT                   ;                       ;
; scilab_adc2:u_system|scilab_adc2_hps_0:hps_0|scilab_adc2_hps_0_hps_io:hps_io|scilab_adc2_hps_0_hps_io_border:border|hps_sdram:hps_sdram_inst|hps_sdram_p0:p0|hps_sdram_p0_acv_hard_memphy:umemphy|hps_sdram_p0_acv_hard_io_pads:uio_pads|hps_sdram_p0_altdqdqs:dq_ddio[3].ubidir_dq_dqs|altdq_dqs2_acv_connect_to_hard_phy_cyclonev:altdq_dqs2_inst|leveled_dqs_clocks[0] ; Merged     ; Placement                                         ; Fitter Periphery Placement ; CLKOUT                   ;                ; scilab_adc2:u_system|scilab_adc2_hps_0:hps_0|scilab_adc2_hps_0_hps_io:hps_io|scilab_adc2_hps_0_hps_io_border:border|hps_sdram:hps_sdram_inst|hps_sdram_p0:p0|hps_sdram_p0_acv_hard_memphy:umemphy|hps_sdram_p0_acv_hard_io_pads:uio_pads|hps_sdram_p0_altdqdqs:dq_ddio[2].ubidir_dq_dqs|altdq_dqs2_acv_connect_to_hard_phy_cyclonev:altdq_dqs2_inst|leveled_dqs_clocks[0] ; CLKOUT                   ;                       ;
; scilab_adc2:u_system|scilab_adc2_hps_0:hps_0|scilab_adc2_hps_0_hps_io:hps_io|scilab_adc2_hps_0_hps_io_border:border|hps_sdram:hps_sdram_inst|hps_sdram_p0:p0|hps_sdram_p0_acv_hard_memphy:umemphy|hps_sdram_p0_acv_hard_io_pads:uio_pads|hps_sdram_p0_altdqdqs:dq_ddio[3].ubidir_dq_dqs|altdq_dqs2_acv_connect_to_hard_phy_cyclonev:altdq_dqs2_inst|leveled_hr_clocks[0]  ; Merged     ; Placement                                         ; Fitter Periphery Placement ; CLKOUT                   ;                ; scilab_adc2:u_system|scilab_adc2_hps_0:hps_0|scilab_adc2_hps_0_hps_io:hps_io|scilab_adc2_hps_0_hps_io_border:border|hps_sdram:hps_sdram_inst|hps_sdram_p0:p0|hps_sdram_p0_acv_hard_memphy:umemphy|hps_sdram_p0_acv_hard_io_pads:uio_pads|hps_sdram_p0_altdqdqs:dq_ddio[2].ubidir_dq_dqs|altdq_dqs2_acv_connect_to_hard_phy_cyclonev:altdq_dqs2_inst|leveled_hr_clocks[0]  ; CLKOUT                   ;                       ;
; scilab_adc2:u_system|adc_ltc2308_fifo:adc_ltc2308_0|adc_data_fifo:adc_data_fifo_inst|dcfifo:dcfifo_component|dcfifo_s7q1:auto_generated|a_graycounter_ldc:wrptr_g1p|counter8a1                                                                                                                                                                                            ; Duplicated ; Router Logic Cell Insertion and Logic Duplication ; Routability optimization   ;                          ;                ; scilab_adc2:u_system|adc_ltc2308_fifo:adc_ltc2308_0|adc_data_fifo:adc_data_fifo_inst|dcfifo:dcfifo_component|dcfifo_s7q1:auto_generated|a_graycounter_ldc:wrptr_g1p|counter8a1~DUPLICATE                                                                                                                                                                                  ;                          ;                       ;
; scilab_adc2:u_system|adc_ltc2308_fifo:adc_ltc2308_0|adc_data_fifo:adc_data_fifo_inst|dcfifo:dcfifo_component|dcfifo_s7q1:auto_generated|a_graycounter_ldc:wrptr_g1p|counter8a2                                                                                                                                                                                            ; Duplicated ; Router Logic Cell Insertion and Logic Duplication ; Routability optimization   ;                          ;                ; scilab_adc2:u_system|adc_ltc2308_fifo:adc_ltc2308_0|adc_data_fifo:adc_data_fifo_inst|dcfifo:dcfifo_component|dcfifo_s7q1:auto_generated|a_graycounter_ldc:wrptr_g1p|counter8a2~DUPLICATE                                                                                                                                                                                  ;                          ;                       ;
; scilab_adc2:u_system|adc_ltc2308_fifo:adc_ltc2308_0|adc_data_fifo:adc_data_fifo_inst|dcfifo:dcfifo_component|dcfifo_s7q1:auto_generated|a_graycounter_ldc:wrptr_g1p|counter8a5                                                                                                                                                                                            ; Duplicated ; Router Logic Cell Insertion and Logic Duplication ; Routability optimization   ;                          ;                ; scilab_adc2:u_system|adc_ltc2308_fifo:adc_ltc2308_0|adc_data_fifo:adc_data_fifo_inst|dcfifo:dcfifo_component|dcfifo_s7q1:auto_generated|a_graycounter_ldc:wrptr_g1p|counter8a5~DUPLICATE                                                                                                                                                                                  ;                          ;                       ;
; scilab_adc2:u_system|adc_ltc2308_fifo:adc_ltc2308_0|adc_data_fifo:adc_data_fifo_inst|dcfifo:dcfifo_component|dcfifo_s7q1:auto_generated|a_graycounter_ldc:wrptr_g1p|counter8a6                                                                                                                                                                                            ; Duplicated ; Router Logic Cell Insertion and Logic Duplication ; Routability optimization   ;                          ;                ; scilab_adc2:u_system|adc_ltc2308_fifo:adc_ltc2308_0|adc_data_fifo:adc_data_fifo_inst|dcfifo:dcfifo_component|dcfifo_s7q1:auto_generated|a_graycounter_ldc:wrptr_g1p|counter8a6~DUPLICATE                                                                                                                                                                                  ;                          ;                       ;
; scilab_adc2:u_system|adc_ltc2308_fifo:adc_ltc2308_0|adc_data_fifo:adc_data_fifo_inst|dcfifo:dcfifo_component|dcfifo_s7q1:auto_generated|a_graycounter_ldc:wrptr_g1p|counter8a7                                                                                                                                                                                            ; Duplicated ; Router Logic Cell Insertion and Logic Duplication ; Routability optimization   ;                          ;                ; scilab_adc2:u_system|adc_ltc2308_fifo:adc_ltc2308_0|adc_data_fifo:adc_data_fifo_inst|dcfifo:dcfifo_component|dcfifo_s7q1:auto_generated|a_graycounter_ldc:wrptr_g1p|counter8a7~DUPLICATE                                                                                                                                                                                  ;                          ;                       ;
; scilab_adc2:u_system|adc_ltc2308_fifo:adc_ltc2308_0|adc_data_fifo:adc_data_fifo_inst|dcfifo:dcfifo_component|dcfifo_s7q1:auto_generated|a_graycounter_ldc:wrptr_g1p|counter8a8                                                                                                                                                                                            ; Duplicated ; Router Logic Cell Insertion and Logic Duplication ; Routability optimization   ;                          ;                ; scilab_adc2:u_system|adc_ltc2308_fifo:adc_ltc2308_0|adc_data_fifo:adc_data_fifo_inst|dcfifo:dcfifo_component|dcfifo_s7q1:auto_generated|a_graycounter_ldc:wrptr_g1p|counter8a8~DUPLICATE                                                                                                                                                                                  ;                          ;                       ;
; scilab_adc2:u_system|adc_ltc2308_fifo:adc_ltc2308_0|adc_data_fifo:adc_data_fifo_inst|dcfifo:dcfifo_component|dcfifo_s7q1:auto_generated|a_graycounter_ldc:wrptr_g1p|counter8a9                                                                                                                                                                                            ; Duplicated ; Router Logic Cell Insertion and Logic Duplication ; Routability optimization   ;                          ;                ; scilab_adc2:u_system|adc_ltc2308_fifo:adc_ltc2308_0|adc_data_fifo:adc_data_fifo_inst|dcfifo:dcfifo_component|dcfifo_s7q1:auto_generated|a_graycounter_ldc:wrptr_g1p|counter8a9~DUPLICATE                                                                                                                                                                                  ;                          ;                       ;
; scilab_adc2:u_system|adc_ltc2308_fifo:adc_ltc2308_0|adc_data_fifo:adc_data_fifo_inst|dcfifo:dcfifo_component|dcfifo_s7q1:auto_generated|a_graycounter_ldc:wrptr_g1p|counter8a10                                                                                                                                                                                           ; Duplicated ; Router Logic Cell Insertion and Logic Duplication ; Routability optimization   ;                          ;                ; scilab_adc2:u_system|adc_ltc2308_fifo:adc_ltc2308_0|adc_data_fifo:adc_data_fifo_inst|dcfifo:dcfifo_component|dcfifo_s7q1:auto_generated|a_graycounter_ldc:wrptr_g1p|counter8a10~DUPLICATE                                                                                                                                                                                 ;                          ;                       ;
; scilab_adc2:u_system|adc_ltc2308_fifo:adc_ltc2308_0|adc_data_fifo:adc_data_fifo_inst|dcfifo:dcfifo_component|dcfifo_s7q1:auto_generated|a_graycounter_ldc:wrptr_g1p|parity9                                                                                                                                                                                               ; Duplicated ; Router Logic Cell Insertion and Logic Duplication ; Routability optimization   ;                          ;                ; scilab_adc2:u_system|adc_ltc2308_fifo:adc_ltc2308_0|adc_data_fifo:adc_data_fifo_inst|dcfifo:dcfifo_component|dcfifo_s7q1:auto_generated|a_graycounter_ldc:wrptr_g1p|parity9~DUPLICATE                                                                                                                                                                                     ;                          ;                       ;
; scilab_adc2:u_system|adc_ltc2308_fifo:adc_ltc2308_0|adc_data_fifo:adc_data_fifo_inst|dcfifo:dcfifo_component|dcfifo_s7q1:auto_generated|a_graycounter_pv6:rdptr_g1p|counter5a0                                                                                                                                                                                            ; Duplicated ; Router Logic Cell Insertion and Logic Duplication ; Routability optimization   ;                          ;                ; scilab_adc2:u_system|adc_ltc2308_fifo:adc_ltc2308_0|adc_data_fifo:adc_data_fifo_inst|dcfifo:dcfifo_component|dcfifo_s7q1:auto_generated|a_graycounter_pv6:rdptr_g1p|counter5a0~DUPLICATE                                                                                                                                                                                  ;                          ;                       ;
; scilab_adc2:u_system|adc_ltc2308_fifo:adc_ltc2308_0|adc_data_fifo:adc_data_fifo_inst|dcfifo:dcfifo_component|dcfifo_s7q1:auto_generated|a_graycounter_pv6:rdptr_g1p|counter5a1                                                                                                                                                                                            ; Duplicated ; Router Logic Cell Insertion and Logic Duplication ; Routability optimization   ;                          ;                ; scilab_adc2:u_system|adc_ltc2308_fifo:adc_ltc2308_0|adc_data_fifo:adc_data_fifo_inst|dcfifo:dcfifo_component|dcfifo_s7q1:auto_generated|a_graycounter_pv6:rdptr_g1p|counter5a1~DUPLICATE                                                                                                                                                                                  ;                          ;                       ;
; scilab_adc2:u_system|adc_ltc2308_fifo:adc_ltc2308_0|adc_data_fifo:adc_data_fifo_inst|dcfifo:dcfifo_component|dcfifo_s7q1:auto_generated|a_graycounter_pv6:rdptr_g1p|counter5a2                                                                                                                                                                                            ; Duplicated ; Router Logic Cell Insertion and Logic Duplication ; Routability optimization   ;                          ;                ; scilab_adc2:u_system|adc_ltc2308_fifo:adc_ltc2308_0|adc_data_fifo:adc_data_fifo_inst|dcfifo:dcfifo_component|dcfifo_s7q1:auto_generated|a_graycounter_pv6:rdptr_g1p|counter5a2~DUPLICATE                                                                                                                                                                                  ;                          ;                       ;
; scilab_adc2:u_system|adc_ltc2308_fifo:adc_ltc2308_0|adc_data_fifo:adc_data_fifo_inst|dcfifo:dcfifo_component|dcfifo_s7q1:auto_generated|a_graycounter_pv6:rdptr_g1p|counter5a4                                                                                                                                                                                            ; Duplicated ; Router Logic Cell Insertion and Logic Duplication ; Routability optimization   ;                          ;                ; scilab_adc2:u_system|adc_ltc2308_fifo:adc_ltc2308_0|adc_data_fifo:adc_data_fifo_inst|dcfifo:dcfifo_component|dcfifo_s7q1:auto_generated|a_graycounter_pv6:rdptr_g1p|counter5a4~DUPLICATE                                                                                                                                                                                  ;                          ;                       ;
; scilab_adc2:u_system|adc_ltc2308_fifo:adc_ltc2308_0|adc_data_fifo:adc_data_fifo_inst|dcfifo:dcfifo_component|dcfifo_s7q1:auto_generated|a_graycounter_pv6:rdptr_g1p|counter5a5                                                                                                                                                                                            ; Duplicated ; Router Logic Cell Insertion and Logic Duplication ; Routability optimization   ;                          ;                ; scilab_adc2:u_system|adc_ltc2308_fifo:adc_ltc2308_0|adc_data_fifo:adc_data_fifo_inst|dcfifo:dcfifo_component|dcfifo_s7q1:auto_generated|a_graycounter_pv6:rdptr_g1p|counter5a5~DUPLICATE                                                                                                                                                                                  ;                          ;                       ;
; scilab_adc2:u_system|adc_ltc2308_fifo:adc_ltc2308_0|adc_data_fifo:adc_data_fifo_inst|dcfifo:dcfifo_component|dcfifo_s7q1:auto_generated|a_graycounter_pv6:rdptr_g1p|counter5a7                                                                                                                                                                                            ; Duplicated ; Router Logic Cell Insertion and Logic Duplication ; Routability optimization   ;                          ;                ; scilab_adc2:u_system|adc_ltc2308_fifo:adc_ltc2308_0|adc_data_fifo:adc_data_fifo_inst|dcfifo:dcfifo_component|dcfifo_s7q1:auto_generated|a_graycounter_pv6:rdptr_g1p|counter5a7~DUPLICATE                                                                                                                                                                                  ;                          ;                       ;
; scilab_adc2:u_system|adc_ltc2308_fifo:adc_ltc2308_0|adc_data_fifo:adc_data_fifo_inst|dcfifo:dcfifo_component|dcfifo_s7q1:auto_generated|a_graycounter_pv6:rdptr_g1p|counter5a9                                                                                                                                                                                            ; Duplicated ; Router Logic Cell Insertion and Logic Duplication ; Routability optimization   ;                          ;                ; scilab_adc2:u_system|adc_ltc2308_fifo:adc_ltc2308_0|adc_data_fifo:adc_data_fifo_inst|dcfifo:dcfifo_component|dcfifo_s7q1:auto_generated|a_graycounter_pv6:rdptr_g1p|counter5a9~DUPLICATE                                                                                                                                                                                  ;                          ;                       ;
; scilab_adc2:u_system|adc_ltc2308_fifo:adc_ltc2308_0|adc_data_fifo:adc_data_fifo_inst|dcfifo:dcfifo_component|dcfifo_s7q1:auto_generated|a_graycounter_pv6:rdptr_g1p|counter5a11                                                                                                                                                                                           ; Duplicated ; Router Logic Cell Insertion and Logic Duplication ; Routability optimization   ;                          ;                ; scilab_adc2:u_system|adc_ltc2308_fifo:adc_ltc2308_0|adc_data_fifo:adc_data_fifo_inst|dcfifo:dcfifo_component|dcfifo_s7q1:auto_generated|a_graycounter_pv6:rdptr_g1p|counter5a11~DUPLICATE                                                                                                                                                                                 ;                          ;                       ;
; scilab_adc2:u_system|adc_ltc2308_fifo:adc_ltc2308_0|adc_data_fifo:adc_data_fifo_inst|dcfifo:dcfifo_component|dcfifo_s7q1:auto_generated|rdptr_g[1]                                                                                                                                                                                                                        ; Duplicated ; Router Logic Cell Insertion and Logic Duplication ; Routability optimization   ;                          ;                ; scilab_adc2:u_system|adc_ltc2308_fifo:adc_ltc2308_0|adc_data_fifo:adc_data_fifo_inst|dcfifo:dcfifo_component|dcfifo_s7q1:auto_generated|rdptr_g[1]~DUPLICATE                                                                                                                                                                                                              ;                          ;                       ;
; scilab_adc2:u_system|adc_ltc2308_fifo:adc_ltc2308_0|adc_data_fifo:adc_data_fifo_inst|dcfifo:dcfifo_component|dcfifo_s7q1:auto_generated|rdptr_g[4]                                                                                                                                                                                                                        ; Duplicated ; Router Logic Cell Insertion and Logic Duplication ; Routability optimization   ;                          ;                ; scilab_adc2:u_system|adc_ltc2308_fifo:adc_ltc2308_0|adc_data_fifo:adc_data_fifo_inst|dcfifo:dcfifo_component|dcfifo_s7q1:auto_generated|rdptr_g[4]~DUPLICATE                                                                                                                                                                                                              ;                          ;                       ;
; scilab_adc2:u_system|adc_ltc2308_fifo:adc_ltc2308_0|adc_ltc2308:adc_ltc2308_inst|tick[1]                                                                                                                                                                                                                                                                                  ; Duplicated ; Router Logic Cell Insertion and Logic Duplication ; Routability optimization   ;                          ;                ; scilab_adc2:u_system|adc_ltc2308_fifo:adc_ltc2308_0|adc_ltc2308:adc_ltc2308_inst|tick[1]~DUPLICATE                                                                                                                                                                                                                                                                        ;                          ;                       ;
; scilab_adc2:u_system|adc_ltc2308_fifo:adc_ltc2308_0|adc_ltc2308:adc_ltc2308_inst|tick[2]                                                                                                                                                                                                                                                                                  ; Duplicated ; Router Logic Cell Insertion and Logic Duplication ; Routability optimization   ;                          ;                ; scilab_adc2:u_system|adc_ltc2308_fifo:adc_ltc2308_0|adc_ltc2308:adc_ltc2308_inst|tick[2]~DUPLICATE                                                                                                                                                                                                                                                                        ;                          ;                       ;
; scilab_adc2:u_system|adc_ltc2308_fifo:adc_ltc2308_0|adc_ltc2308:adc_ltc2308_inst|tick[4]                                                                                                                                                                                                                                                                                  ; Duplicated ; Router Logic Cell Insertion and Logic Duplication ; Routability optimization   ;                          ;                ; scilab_adc2:u_system|adc_ltc2308_fifo:adc_ltc2308_0|adc_ltc2308:adc_ltc2308_inst|tick[4]~DUPLICATE                                                                                                                                                                                                                                                                        ;                          ;                       ;
; scilab_adc2:u_system|adc_ltc2308_fifo:adc_ltc2308_0|adc_ltc2308:adc_ltc2308_inst|tick[5]                                                                                                                                                                                                                                                                                  ; Duplicated ; Router Logic Cell Insertion and Logic Duplication ; Routability optimization   ;                          ;                ; scilab_adc2:u_system|adc_ltc2308_fifo:adc_ltc2308_0|adc_ltc2308:adc_ltc2308_inst|tick[5]~DUPLICATE                                                                                                                                                                                                                                                                        ;                          ;                       ;
; scilab_adc2:u_system|adc_ltc2308_fifo:adc_ltc2308_0|adc_ltc2308:adc_ltc2308_inst|tick[7]                                                                                                                                                                                                                                                                                  ; Duplicated ; Router Logic Cell Insertion and Logic Duplication ; Routability optimization   ;                          ;                ; scilab_adc2:u_system|adc_ltc2308_fifo:adc_ltc2308_0|adc_ltc2308:adc_ltc2308_inst|tick[7]~DUPLICATE                                                                                                                                                                                                                                                                        ;                          ;                       ;
; scilab_adc2:u_system|adc_ltc2308_fifo:adc_ltc2308_0|adc_ltc2308:adc_ltc2308_inst|tick[8]                                                                                                                                                                                                                                                                                  ; Duplicated ; Router Logic Cell Insertion and Logic Duplication ; Routability optimization   ;                          ;                ; scilab_adc2:u_system|adc_ltc2308_fifo:adc_ltc2308_0|adc_ltc2308:adc_ltc2308_inst|tick[8]~DUPLICATE                                                                                                                                                                                                                                                                        ;                          ;                       ;
; scilab_adc2:u_system|adc_ltc2308_fifo:adc_ltc2308_0|adc_ltc2308:adc_ltc2308_inst|write_pos[1]                                                                                                                                                                                                                                                                             ; Duplicated ; Router Logic Cell Insertion and Logic Duplication ; Routability optimization   ;                          ;                ; scilab_adc2:u_system|adc_ltc2308_fifo:adc_ltc2308_0|adc_ltc2308:adc_ltc2308_inst|write_pos[1]~DUPLICATE                                                                                                                                                                                                                                                                   ;                          ;                       ;
; scilab_adc2:u_system|adc_ltc2308_fifo:adc_ltc2308_0|adc_ltc2308:adc_ltc2308_inst|write_pos[3]                                                                                                                                                                                                                                                                             ; Duplicated ; Router Logic Cell Insertion and Logic Duplication ; Routability optimization   ;                          ;                ; scilab_adc2:u_system|adc_ltc2308_fifo:adc_ltc2308_0|adc_ltc2308:adc_ltc2308_inst|write_pos[3]~DUPLICATE                                                                                                                                                                                                                                                                   ;                          ;                       ;
; scilab_adc2:u_system|adc_ltc2308_fifo:adc_ltc2308_0|config_first                                                                                                                                                                                                                                                                                                          ; Duplicated ; Router Logic Cell Insertion and Logic Duplication ; Routability optimization   ;                          ;                ; scilab_adc2:u_system|adc_ltc2308_fifo:adc_ltc2308_0|config_first~DUPLICATE                                                                                                                                                                                                                                                                                                ;                          ;                       ;
; scilab_adc2:u_system|adc_ltc2308_fifo:adc_ltc2308_0|measure_count[5]                                                                                                                                                                                                                                                                                                      ; Duplicated ; Router Logic Cell Insertion and Logic Duplication ; Routability optimization   ;                          ;                ; scilab_adc2:u_system|adc_ltc2308_fifo:adc_ltc2308_0|measure_count[5]~DUPLICATE                                                                                                                                                                                                                                                                                            ;                          ;                       ;
; scilab_adc2:u_system|adc_ltc2308_fifo:adc_ltc2308_0|measure_count[6]                                                                                                                                                                                                                                                                                                      ; Duplicated ; Router Logic Cell Insertion and Logic Duplication ; Routability optimization   ;                          ;                ; scilab_adc2:u_system|adc_ltc2308_fifo:adc_ltc2308_0|measure_count[6]~DUPLICATE                                                                                                                                                                                                                                                                                            ;                          ;                       ;
; scilab_adc2:u_system|scilab_adc2_mm_interconnect_0:mm_interconnect_0|altera_avalon_sc_fifo:adc_ltc2308_0_avalon_slave_0_agent_rdata_fifo|mem_used[0]                                                                                                                                                                                                                      ; Duplicated ; Router Logic Cell Insertion and Logic Duplication ; Routability optimization   ;                          ;                ; scilab_adc2:u_system|scilab_adc2_mm_interconnect_0:mm_interconnect_0|altera_avalon_sc_fifo:adc_ltc2308_0_avalon_slave_0_agent_rdata_fifo|mem_used[0]~DUPLICATE                                                                                                                                                                                                            ;                          ;                       ;
; scilab_adc2:u_system|scilab_adc2_mm_interconnect_0:mm_interconnect_0|altera_avalon_sc_fifo:adc_ltc2308_0_avalon_slave_0_agent_rdata_fifo|mem_used[1]                                                                                                                                                                                                                      ; Duplicated ; Router Logic Cell Insertion and Logic Duplication ; Routability optimization   ;                          ;                ; scilab_adc2:u_system|scilab_adc2_mm_interconnect_0:mm_interconnect_0|altera_avalon_sc_fifo:adc_ltc2308_0_avalon_slave_0_agent_rdata_fifo|mem_used[1]~DUPLICATE                                                                                                                                                                                                            ;                          ;                       ;
; scilab_adc2:u_system|scilab_adc2_mm_interconnect_0:mm_interconnect_0|altera_avalon_sc_fifo:adc_ltc2308_0_avalon_slave_0_agent_rsp_fifo|mem[0][46]                                                                                                                                                                                                                         ; Duplicated ; Router Logic Cell Insertion and Logic Duplication ; Routability optimization   ;                          ;                ; scilab_adc2:u_system|scilab_adc2_mm_interconnect_0:mm_interconnect_0|altera_avalon_sc_fifo:adc_ltc2308_0_avalon_slave_0_agent_rsp_fifo|mem[0][46]~DUPLICATE                                                                                                                                                                                                               ;                          ;                       ;
; scilab_adc2:u_system|scilab_adc2_mm_interconnect_0:mm_interconnect_0|altera_avalon_sc_fifo:adc_ltc2308_0_avalon_slave_0_agent_rsp_fifo|mem[0][94]                                                                                                                                                                                                                         ; Duplicated ; Router Logic Cell Insertion and Logic Duplication ; Routability optimization   ;                          ;                ; scilab_adc2:u_system|scilab_adc2_mm_interconnect_0:mm_interconnect_0|altera_avalon_sc_fifo:adc_ltc2308_0_avalon_slave_0_agent_rsp_fifo|mem[0][94]~DUPLICATE                                                                                                                                                                                                               ;                          ;                       ;
; scilab_adc2:u_system|scilab_adc2_mm_interconnect_0:mm_interconnect_0|altera_avalon_sc_fifo:adc_ltc2308_0_avalon_slave_0_agent_rsp_fifo|mem[0][95]                                                                                                                                                                                                                         ; Duplicated ; Router Logic Cell Insertion and Logic Duplication ; Routability optimization   ;                          ;                ; scilab_adc2:u_system|scilab_adc2_mm_interconnect_0:mm_interconnect_0|altera_avalon_sc_fifo:adc_ltc2308_0_avalon_slave_0_agent_rsp_fifo|mem[0][95]~DUPLICATE                                                                                                                                                                                                               ;                          ;                       ;
; scilab_adc2:u_system|scilab_adc2_mm_interconnect_0:mm_interconnect_0|altera_merlin_axi_master_ni:hps_0_h2f_lw_axi_master_agent|altera_merlin_address_alignment:align_address_to_size|address_burst[1]                                                                                                                                                                     ; Duplicated ; Router Logic Cell Insertion and Logic Duplication ; Routability optimization   ;                          ;                ; scilab_adc2:u_system|scilab_adc2_mm_interconnect_0:mm_interconnect_0|altera_merlin_axi_master_ni:hps_0_h2f_lw_axi_master_agent|altera_merlin_address_alignment:align_address_to_size|address_burst[1]~DUPLICATE                                                                                                                                                           ;                          ;                       ;
; scilab_adc2:u_system|scilab_adc2_mm_interconnect_0:mm_interconnect_0|altera_merlin_axi_master_ni:hps_0_h2f_lw_axi_master_agent|sop_enable                                                                                                                                                                                                                                 ; Duplicated ; Router Logic Cell Insertion and Logic Duplication ; Routability optimization   ;                          ;                ; scilab_adc2:u_system|scilab_adc2_mm_interconnect_0:mm_interconnect_0|altera_merlin_axi_master_ni:hps_0_h2f_lw_axi_master_agent|sop_enable~DUPLICATE                                                                                                                                                                                                                       ;                          ;                       ;
; scilab_adc2:u_system|scilab_adc2_mm_interconnect_0:mm_interconnect_0|altera_merlin_burst_adapter:adc_ltc2308_0_avalon_slave_0_burst_adapter|altera_merlin_burst_adapter_13_1:altera_merlin_burst_adapter_13_1.burst_adapter|in_ready_hold                                                                                                                                 ; Duplicated ; Router Logic Cell Insertion and Logic Duplication ; Routability optimization   ;                          ;                ; scilab_adc2:u_system|scilab_adc2_mm_interconnect_0:mm_interconnect_0|altera_merlin_burst_adapter:adc_ltc2308_0_avalon_slave_0_burst_adapter|altera_merlin_burst_adapter_13_1:altera_merlin_burst_adapter_13_1.burst_adapter|in_ready_hold~DUPLICATE                                                                                                                       ;                          ;                       ;
; scilab_adc2:u_system|scilab_adc2_mm_interconnect_0:mm_interconnect_0|altera_merlin_burst_adapter:adc_ltc2308_0_avalon_slave_0_burst_adapter|altera_merlin_burst_adapter_13_1:altera_merlin_burst_adapter_13_1.burst_adapter|out_uncomp_byte_cnt_reg[0]                                                                                                                    ; Duplicated ; Router Logic Cell Insertion and Logic Duplication ; Routability optimization   ;                          ;                ; scilab_adc2:u_system|scilab_adc2_mm_interconnect_0:mm_interconnect_0|altera_merlin_burst_adapter:adc_ltc2308_0_avalon_slave_0_burst_adapter|altera_merlin_burst_adapter_13_1:altera_merlin_burst_adapter_13_1.burst_adapter|out_uncomp_byte_cnt_reg[0]~DUPLICATE                                                                                                          ;                          ;                       ;
; scilab_adc2:u_system|scilab_adc2_mm_interconnect_0:mm_interconnect_0|altera_merlin_burst_adapter:adc_ltc2308_0_avalon_slave_0_burst_adapter|altera_merlin_burst_adapter_13_1:altera_merlin_burst_adapter_13_1.burst_adapter|out_uncomp_byte_cnt_reg[1]                                                                                                                    ; Duplicated ; Router Logic Cell Insertion and Logic Duplication ; Routability optimization   ;                          ;                ; scilab_adc2:u_system|scilab_adc2_mm_interconnect_0:mm_interconnect_0|altera_merlin_burst_adapter:adc_ltc2308_0_avalon_slave_0_burst_adapter|altera_merlin_burst_adapter_13_1:altera_merlin_burst_adapter_13_1.burst_adapter|out_uncomp_byte_cnt_reg[1]~DUPLICATE                                                                                                          ;                          ;                       ;
; scilab_adc2:u_system|scilab_adc2_mm_interconnect_0:mm_interconnect_0|altera_merlin_burst_adapter:adc_ltc2308_0_avalon_slave_0_burst_adapter|altera_merlin_burst_adapter_13_1:altera_merlin_burst_adapter_13_1.burst_adapter|state.ST_UNCOMP_WR_SUBBURST                                                                                                                   ; Duplicated ; Router Logic Cell Insertion and Logic Duplication ; Routability optimization   ;                          ;                ; scilab_adc2:u_system|scilab_adc2_mm_interconnect_0:mm_interconnect_0|altera_merlin_burst_adapter:adc_ltc2308_0_avalon_slave_0_burst_adapter|altera_merlin_burst_adapter_13_1:altera_merlin_burst_adapter_13_1.burst_adapter|state.ST_UNCOMP_WR_SUBBURST~DUPLICATE                                                                                                         ;                          ;                       ;
; scilab_adc2:u_system|scilab_adc2_mm_interconnect_0:mm_interconnect_0|altera_merlin_slave_agent:adc_ltc2308_0_avalon_slave_0_agent|altera_merlin_burst_uncompressor:uncompressor|burst_uncompress_byte_counter[1]                                                                                                                                                          ; Duplicated ; Router Logic Cell Insertion and Logic Duplication ; Routability optimization   ;                          ;                ; scilab_adc2:u_system|scilab_adc2_mm_interconnect_0:mm_interconnect_0|altera_merlin_slave_agent:adc_ltc2308_0_avalon_slave_0_agent|altera_merlin_burst_uncompressor:uncompressor|burst_uncompress_byte_counter[1]~DUPLICATE                                                                                                                                                ;                          ;                       ;
; scilab_adc2:u_system|scilab_adc2_mm_interconnect_0:mm_interconnect_0|altera_merlin_slave_agent:adc_ltc2308_0_avalon_slave_0_agent|altera_merlin_burst_uncompressor:uncompressor|burst_uncompress_byte_counter[6]                                                                                                                                                          ; Duplicated ; Router Logic Cell Insertion and Logic Duplication ; Routability optimization   ;                          ;                ; scilab_adc2:u_system|scilab_adc2_mm_interconnect_0:mm_interconnect_0|altera_merlin_slave_agent:adc_ltc2308_0_avalon_slave_0_agent|altera_merlin_burst_uncompressor:uncompressor|burst_uncompress_byte_counter[6]~DUPLICATE                                                                                                                                                ;                          ;                       ;
; scilab_adc2:u_system|scilab_adc2_mm_interconnect_0:mm_interconnect_0|altera_merlin_slave_translator:adc_ltc2308_0_avalon_slave_0_translator|av_readdata_pre[8]                                                                                                                                                                                                            ; Duplicated ; Router Logic Cell Insertion and Logic Duplication ; Routability optimization   ;                          ;                ; scilab_adc2:u_system|scilab_adc2_mm_interconnect_0:mm_interconnect_0|altera_merlin_slave_translator:adc_ltc2308_0_avalon_slave_0_translator|av_readdata_pre[8]~DUPLICATE                                                                                                                                                                                                  ;                          ;                       ;
; scilab_adc2:u_system|scilab_adc2_mm_interconnect_0:mm_interconnect_0|altera_merlin_width_adapter:adc_ltc2308_0_avalon_slave_0_cmd_width_adapter|use_reg                                                                                                                                                                                                                   ; Duplicated ; Router Logic Cell Insertion and Logic Duplication ; Routability optimization   ;                          ;                ; scilab_adc2:u_system|scilab_adc2_mm_interconnect_0:mm_interconnect_0|altera_merlin_width_adapter:adc_ltc2308_0_avalon_slave_0_cmd_width_adapter|use_reg~DUPLICATE                                                                                                                                                                                                         ;                          ;                       ;
+---------------------------------------------------------------------------------------------------------------------------------------------------------------------------------------------------------------------------------------------------------------------------------------------------------------------------------------------------------------------------+------------+---------------------------------------------------+----------------------------+--------------------------+----------------+---------------------------------------------------------------------------------------------------------------------------------------------------------------------------------------------------------------------------------------------------------------------------------------------------------------------------------------------------------------------------+--------------------------+-----------------------+


+--------------------------------------------------------------------------------------------------------------------------------------------------------------------------------------------------------------------------------------------------------------------+
; Ignored Assignments                                                                                                                                                                                                                                                ;
+-----------------------------------------------------------+---------------------------------------------+--------------+----------------------------------------------------------------------------------------------+---------------+----------------------------+
; Name                                                      ; Ignored Entity                              ; Ignored From ; Ignored To                                                                                   ; Ignored Value ; Ignored Source             ;
+-----------------------------------------------------------+---------------------------------------------+--------------+----------------------------------------------------------------------------------------------+---------------+----------------------------+
; Location                                                  ;                                             ;              ; FPGA_CLK2_50                                                                                 ; PIN_Y13       ; QSF Assignment             ;
; Location                                                  ;                                             ;              ; FPGA_CLK3_50                                                                                 ; PIN_E11       ; QSF Assignment             ;
; Location                                                  ;                                             ;              ; HDMI_I2C_SCL                                                                                 ; PIN_U10       ; QSF Assignment             ;
; Location                                                  ;                                             ;              ; HDMI_I2C_SDA                                                                                 ; PIN_AA4       ; QSF Assignment             ;
; Location                                                  ;                                             ;              ; HDMI_I2S                                                                                     ; PIN_T13       ; QSF Assignment             ;
; Location                                                  ;                                             ;              ; HDMI_LRCLK                                                                                   ; PIN_T11       ; QSF Assignment             ;
; Location                                                  ;                                             ;              ; HDMI_MCLK                                                                                    ; PIN_U11       ; QSF Assignment             ;
; Location                                                  ;                                             ;              ; HDMI_SCLK                                                                                    ; PIN_T12       ; QSF Assignment             ;
; Location                                                  ;                                             ;              ; HDMI_TX_CLK                                                                                  ; PIN_AG5       ; QSF Assignment             ;
; Location                                                  ;                                             ;              ; HDMI_TX_DE                                                                                   ; PIN_AD19      ; QSF Assignment             ;
; Location                                                  ;                                             ;              ; HDMI_TX_D[0]                                                                                 ; PIN_AD12      ; QSF Assignment             ;
; Location                                                  ;                                             ;              ; HDMI_TX_D[10]                                                                                ; PIN_AE9       ; QSF Assignment             ;
; Location                                                  ;                                             ;              ; HDMI_TX_D[11]                                                                                ; PIN_AB4       ; QSF Assignment             ;
; Location                                                  ;                                             ;              ; HDMI_TX_D[12]                                                                                ; PIN_AE7       ; QSF Assignment             ;
; Location                                                  ;                                             ;              ; HDMI_TX_D[13]                                                                                ; PIN_AF6       ; QSF Assignment             ;
; Location                                                  ;                                             ;              ; HDMI_TX_D[14]                                                                                ; PIN_AF8       ; QSF Assignment             ;
; Location                                                  ;                                             ;              ; HDMI_TX_D[15]                                                                                ; PIN_AF5       ; QSF Assignment             ;
; Location                                                  ;                                             ;              ; HDMI_TX_D[16]                                                                                ; PIN_AE4       ; QSF Assignment             ;
; Location                                                  ;                                             ;              ; HDMI_TX_D[17]                                                                                ; PIN_AH2       ; QSF Assignment             ;
; Location                                                  ;                                             ;              ; HDMI_TX_D[18]                                                                                ; PIN_AH4       ; QSF Assignment             ;
; Location                                                  ;                                             ;              ; HDMI_TX_D[19]                                                                                ; PIN_AH5       ; QSF Assignment             ;
; Location                                                  ;                                             ;              ; HDMI_TX_D[1]                                                                                 ; PIN_AE12      ; QSF Assignment             ;
; Location                                                  ;                                             ;              ; HDMI_TX_D[20]                                                                                ; PIN_AH6       ; QSF Assignment             ;
; Location                                                  ;                                             ;              ; HDMI_TX_D[21]                                                                                ; PIN_AG6       ; QSF Assignment             ;
; Location                                                  ;                                             ;              ; HDMI_TX_D[22]                                                                                ; PIN_AF9       ; QSF Assignment             ;
; Location                                                  ;                                             ;              ; HDMI_TX_D[23]                                                                                ; PIN_AE8       ; QSF Assignment             ;
; Location                                                  ;                                             ;              ; HDMI_TX_D[2]                                                                                 ; PIN_W8        ; QSF Assignment             ;
; Location                                                  ;                                             ;              ; HDMI_TX_D[3]                                                                                 ; PIN_Y8        ; QSF Assignment             ;
; Location                                                  ;                                             ;              ; HDMI_TX_D[4]                                                                                 ; PIN_AD11      ; QSF Assignment             ;
; Location                                                  ;                                             ;              ; HDMI_TX_D[5]                                                                                 ; PIN_AD10      ; QSF Assignment             ;
; Location                                                  ;                                             ;              ; HDMI_TX_D[6]                                                                                 ; PIN_AE11      ; QSF Assignment             ;
; Location                                                  ;                                             ;              ; HDMI_TX_D[7]                                                                                 ; PIN_Y5        ; QSF Assignment             ;
; Location                                                  ;                                             ;              ; HDMI_TX_D[8]                                                                                 ; PIN_AF10      ; QSF Assignment             ;
; Location                                                  ;                                             ;              ; HDMI_TX_D[9]                                                                                 ; PIN_Y4        ; QSF Assignment             ;
; Location                                                  ;                                             ;              ; HDMI_TX_HS                                                                                   ; PIN_T8        ; QSF Assignment             ;
; Location                                                  ;                                             ;              ; HDMI_TX_INT                                                                                  ; PIN_AF11      ; QSF Assignment             ;
; Location                                                  ;                                             ;              ; HDMI_TX_VS                                                                                   ; PIN_V13       ; QSF Assignment             ;
; Location                                                  ;                                             ;              ; KEY[0]                                                                                       ; PIN_AH17      ; QSF Assignment             ;
; Location                                                  ;                                             ;              ; KEY[1]                                                                                       ; PIN_AH16      ; QSF Assignment             ;
; Location                                                  ;                                             ;              ; LED[0]                                                                                       ; PIN_W15       ; QSF Assignment             ;
; Location                                                  ;                                             ;              ; LED[1]                                                                                       ; PIN_AA24      ; QSF Assignment             ;
; Location                                                  ;                                             ;              ; LED[2]                                                                                       ; PIN_V16       ; QSF Assignment             ;
; Location                                                  ;                                             ;              ; LED[3]                                                                                       ; PIN_V15       ; QSF Assignment             ;
; Location                                                  ;                                             ;              ; LED[4]                                                                                       ; PIN_AF26      ; QSF Assignment             ;
; Location                                                  ;                                             ;              ; LED[5]                                                                                       ; PIN_AE26      ; QSF Assignment             ;
; Location                                                  ;                                             ;              ; LED[6]                                                                                       ; PIN_Y16       ; QSF Assignment             ;
; Location                                                  ;                                             ;              ; LED[7]                                                                                       ; PIN_AA23      ; QSF Assignment             ;
; Location                                                  ;                                             ;              ; SW[0]                                                                                        ; PIN_Y24       ; QSF Assignment             ;
; Location                                                  ;                                             ;              ; SW[1]                                                                                        ; PIN_W24       ; QSF Assignment             ;
; Location                                                  ;                                             ;              ; SW[2]                                                                                        ; PIN_W21       ; QSF Assignment             ;
; Location                                                  ;                                             ;              ; SW[3]                                                                                        ; PIN_W20       ; QSF Assignment             ;
; Fast Output Enable Register                               ; altdq_dqs2_acv_connect_to_hard_phy_cyclonev ;              ; output_path_gen[0].oe_reg                                                                    ; on            ; Compiler or HDL Assignment ;
; Fast Output Enable Register                               ; altdq_dqs2_acv_connect_to_hard_phy_cyclonev ;              ; output_path_gen[1].oe_reg                                                                    ; on            ; Compiler or HDL Assignment ;
; Fast Output Enable Register                               ; altdq_dqs2_acv_connect_to_hard_phy_cyclonev ;              ; output_path_gen[2].oe_reg                                                                    ; on            ; Compiler or HDL Assignment ;
; Fast Output Enable Register                               ; altdq_dqs2_acv_connect_to_hard_phy_cyclonev ;              ; output_path_gen[3].oe_reg                                                                    ; on            ; Compiler or HDL Assignment ;
; Fast Output Enable Register                               ; altdq_dqs2_acv_connect_to_hard_phy_cyclonev ;              ; output_path_gen[4].oe_reg                                                                    ; on            ; Compiler or HDL Assignment ;
; Fast Output Enable Register                               ; altdq_dqs2_acv_connect_to_hard_phy_cyclonev ;              ; output_path_gen[5].oe_reg                                                                    ; on            ; Compiler or HDL Assignment ;
; Fast Output Enable Register                               ; altdq_dqs2_acv_connect_to_hard_phy_cyclonev ;              ; output_path_gen[6].oe_reg                                                                    ; on            ; Compiler or HDL Assignment ;
; Fast Output Enable Register                               ; altdq_dqs2_acv_connect_to_hard_phy_cyclonev ;              ; output_path_gen[7].oe_reg                                                                    ; on            ; Compiler or HDL Assignment ;
; I/O Standard                                              ; top                                         ;              ; FPGA_CLK2_50                                                                                 ; 3.3-V LVTTL   ; QSF Assignment             ;
; I/O Standard                                              ; top                                         ;              ; FPGA_CLK3_50                                                                                 ; 3.3-V LVTTL   ; QSF Assignment             ;
; I/O Standard                                              ; top                                         ;              ; HDMI_I2C_SCL                                                                                 ; 3.3-V LVTTL   ; QSF Assignment             ;
; I/O Standard                                              ; top                                         ;              ; HDMI_I2C_SDA                                                                                 ; 3.3-V LVTTL   ; QSF Assignment             ;
; I/O Standard                                              ; top                                         ;              ; HDMI_I2S                                                                                     ; 3.3-V LVTTL   ; QSF Assignment             ;
; I/O Standard                                              ; top                                         ;              ; HDMI_LRCLK                                                                                   ; 3.3-V LVTTL   ; QSF Assignment             ;
; I/O Standard                                              ; top                                         ;              ; HDMI_MCLK                                                                                    ; 3.3-V LVTTL   ; QSF Assignment             ;
; I/O Standard                                              ; top                                         ;              ; HDMI_SCLK                                                                                    ; 3.3-V LVTTL   ; QSF Assignment             ;
; I/O Standard                                              ; top                                         ;              ; HDMI_TX_CLK                                                                                  ; 3.3-V LVTTL   ; QSF Assignment             ;
; I/O Standard                                              ; top                                         ;              ; HDMI_TX_DE                                                                                   ; 3.3-V LVTTL   ; QSF Assignment             ;
; I/O Standard                                              ; top                                         ;              ; HDMI_TX_D[0]                                                                                 ; 3.3-V LVTTL   ; QSF Assignment             ;
; I/O Standard                                              ; top                                         ;              ; HDMI_TX_D[10]                                                                                ; 3.3-V LVTTL   ; QSF Assignment             ;
; I/O Standard                                              ; top                                         ;              ; HDMI_TX_D[11]                                                                                ; 3.3-V LVTTL   ; QSF Assignment             ;
; I/O Standard                                              ; top                                         ;              ; HDMI_TX_D[12]                                                                                ; 3.3-V LVTTL   ; QSF Assignment             ;
; I/O Standard                                              ; top                                         ;              ; HDMI_TX_D[13]                                                                                ; 3.3-V LVTTL   ; QSF Assignment             ;
; I/O Standard                                              ; top                                         ;              ; HDMI_TX_D[14]                                                                                ; 3.3-V LVTTL   ; QSF Assignment             ;
; I/O Standard                                              ; top                                         ;              ; HDMI_TX_D[15]                                                                                ; 3.3-V LVTTL   ; QSF Assignment             ;
; I/O Standard                                              ; top                                         ;              ; HDMI_TX_D[16]                                                                                ; 3.3-V LVTTL   ; QSF Assignment             ;
; I/O Standard                                              ; top                                         ;              ; HDMI_TX_D[17]                                                                                ; 3.3-V LVTTL   ; QSF Assignment             ;
; I/O Standard                                              ; top                                         ;              ; HDMI_TX_D[18]                                                                                ; 3.3-V LVTTL   ; QSF Assignment             ;
; I/O Standard                                              ; top                                         ;              ; HDMI_TX_D[19]                                                                                ; 3.3-V LVTTL   ; QSF Assignment             ;
; I/O Standard                                              ; top                                         ;              ; HDMI_TX_D[1]                                                                                 ; 3.3-V LVTTL   ; QSF Assignment             ;
; I/O Standard                                              ; top                                         ;              ; HDMI_TX_D[20]                                                                                ; 3.3-V LVTTL   ; QSF Assignment             ;
; I/O Standard                                              ; top                                         ;              ; HDMI_TX_D[21]                                                                                ; 3.3-V LVTTL   ; QSF Assignment             ;
; I/O Standard                                              ; top                                         ;              ; HDMI_TX_D[22]                                                                                ; 3.3-V LVTTL   ; QSF Assignment             ;
; I/O Standard                                              ; top                                         ;              ; HDMI_TX_D[23]                                                                                ; 3.3-V LVTTL   ; QSF Assignment             ;
; I/O Standard                                              ; top                                         ;              ; HDMI_TX_D[2]                                                                                 ; 3.3-V LVTTL   ; QSF Assignment             ;
; I/O Standard                                              ; top                                         ;              ; HDMI_TX_D[3]                                                                                 ; 3.3-V LVTTL   ; QSF Assignment             ;
; I/O Standard                                              ; top                                         ;              ; HDMI_TX_D[4]                                                                                 ; 3.3-V LVTTL   ; QSF Assignment             ;
; I/O Standard                                              ; top                                         ;              ; HDMI_TX_D[5]                                                                                 ; 3.3-V LVTTL   ; QSF Assignment             ;
; I/O Standard                                              ; top                                         ;              ; HDMI_TX_D[6]                                                                                 ; 3.3-V LVTTL   ; QSF Assignment             ;
; I/O Standard                                              ; top                                         ;              ; HDMI_TX_D[7]                                                                                 ; 3.3-V LVTTL   ; QSF Assignment             ;
; I/O Standard                                              ; top                                         ;              ; HDMI_TX_D[8]                                                                                 ; 3.3-V LVTTL   ; QSF Assignment             ;
; I/O Standard                                              ; top                                         ;              ; HDMI_TX_D[9]                                                                                 ; 3.3-V LVTTL   ; QSF Assignment             ;
; I/O Standard                                              ; top                                         ;              ; HDMI_TX_HS                                                                                   ; 3.3-V LVTTL   ; QSF Assignment             ;
; I/O Standard                                              ; top                                         ;              ; HDMI_TX_INT                                                                                  ; 3.3-V LVTTL   ; QSF Assignment             ;
; I/O Standard                                              ; top                                         ;              ; HDMI_TX_VS                                                                                   ; 3.3-V LVTTL   ; QSF Assignment             ;
; I/O Standard                                              ; top                                         ;              ; HPS_CONV_USB_N                                                                               ; 3.3-V LVTTL   ; QSF Assignment             ;
; I/O Standard                                              ; top                                         ;              ; HPS_ENET_GTX_CLK                                                                             ; 3.3-V LVTTL   ; QSF Assignment             ;
; I/O Standard                                              ; top                                         ;              ; HPS_ENET_INT_N                                                                               ; 3.3-V LVTTL   ; QSF Assignment             ;
; I/O Standard                                              ; top                                         ;              ; HPS_ENET_MDC                                                                                 ; 3.3-V LVTTL   ; QSF Assignment             ;
; I/O Standard                                              ; top                                         ;              ; HPS_ENET_MDIO                                                                                ; 3.3-V LVTTL   ; QSF Assignment             ;
; I/O Standard                                              ; top                                         ;              ; HPS_ENET_RX_CLK                                                                              ; 3.3-V LVTTL   ; QSF Assignment             ;
; I/O Standard                                              ; top                                         ;              ; HPS_ENET_RX_DATA[0]                                                                          ; 3.3-V LVTTL   ; QSF Assignment             ;
; I/O Standard                                              ; top                                         ;              ; HPS_ENET_RX_DATA[1]                                                                          ; 3.3-V LVTTL   ; QSF Assignment             ;
; I/O Standard                                              ; top                                         ;              ; HPS_ENET_RX_DATA[2]                                                                          ; 3.3-V LVTTL   ; QSF Assignment             ;
; I/O Standard                                              ; top                                         ;              ; HPS_ENET_RX_DATA[3]                                                                          ; 3.3-V LVTTL   ; QSF Assignment             ;
; I/O Standard                                              ; top                                         ;              ; HPS_ENET_RX_DV                                                                               ; 3.3-V LVTTL   ; QSF Assignment             ;
; I/O Standard                                              ; top                                         ;              ; HPS_ENET_TX_DATA[0]                                                                          ; 3.3-V LVTTL   ; QSF Assignment             ;
; I/O Standard                                              ; top                                         ;              ; HPS_ENET_TX_DATA[1]                                                                          ; 3.3-V LVTTL   ; QSF Assignment             ;
; I/O Standard                                              ; top                                         ;              ; HPS_ENET_TX_DATA[2]                                                                          ; 3.3-V LVTTL   ; QSF Assignment             ;
; I/O Standard                                              ; top                                         ;              ; HPS_ENET_TX_DATA[3]                                                                          ; 3.3-V LVTTL   ; QSF Assignment             ;
; I/O Standard                                              ; top                                         ;              ; HPS_ENET_TX_EN                                                                               ; 3.3-V LVTTL   ; QSF Assignment             ;
; I/O Standard                                              ; top                                         ;              ; HPS_GSENSOR_INT                                                                              ; 3.3-V LVTTL   ; QSF Assignment             ;
; I/O Standard                                              ; top                                         ;              ; HPS_I2C0_SCLK                                                                                ; 3.3-V LVTTL   ; QSF Assignment             ;
; I/O Standard                                              ; top                                         ;              ; HPS_I2C0_SDAT                                                                                ; 3.3-V LVTTL   ; QSF Assignment             ;
; I/O Standard                                              ; top                                         ;              ; HPS_I2C1_SCLK                                                                                ; 3.3-V LVTTL   ; QSF Assignment             ;
; I/O Standard                                              ; top                                         ;              ; HPS_I2C1_SDAT                                                                                ; 3.3-V LVTTL   ; QSF Assignment             ;
; I/O Standard                                              ; top                                         ;              ; HPS_KEY                                                                                      ; 3.3-V LVTTL   ; QSF Assignment             ;
; I/O Standard                                              ; top                                         ;              ; HPS_LED                                                                                      ; 3.3-V LVTTL   ; QSF Assignment             ;
; I/O Standard                                              ; top                                         ;              ; HPS_LTC_GPIO                                                                                 ; 3.3-V LVTTL   ; QSF Assignment             ;
; I/O Standard                                              ; top                                         ;              ; HPS_SD_CLK                                                                                   ; 3.3-V LVTTL   ; QSF Assignment             ;
; I/O Standard                                              ; top                                         ;              ; HPS_SD_CMD                                                                                   ; 3.3-V LVTTL   ; QSF Assignment             ;
; I/O Standard                                              ; top                                         ;              ; HPS_SD_DATA[0]                                                                               ; 3.3-V LVTTL   ; QSF Assignment             ;
; I/O Standard                                              ; top                                         ;              ; HPS_SD_DATA[1]                                                                               ; 3.3-V LVTTL   ; QSF Assignment             ;
; I/O Standard                                              ; top                                         ;              ; HPS_SD_DATA[2]                                                                               ; 3.3-V LVTTL   ; QSF Assignment             ;
; I/O Standard                                              ; top                                         ;              ; HPS_SD_DATA[3]                                                                               ; 3.3-V LVTTL   ; QSF Assignment             ;
; I/O Standard                                              ; top                                         ;              ; HPS_SPIM_CLK                                                                                 ; 3.3-V LVTTL   ; QSF Assignment             ;
; I/O Standard                                              ; top                                         ;              ; HPS_SPIM_MISO                                                                                ; 3.3-V LVTTL   ; QSF Assignment             ;
; I/O Standard                                              ; top                                         ;              ; HPS_SPIM_MOSI                                                                                ; 3.3-V LVTTL   ; QSF Assignment             ;
; I/O Standard                                              ; top                                         ;              ; HPS_SPIM_SS                                                                                  ; 3.3-V LVTTL   ; QSF Assignment             ;
; I/O Standard                                              ; top                                         ;              ; HPS_UART_RX                                                                                  ; 3.3-V LVTTL   ; QSF Assignment             ;
; I/O Standard                                              ; top                                         ;              ; HPS_UART_TX                                                                                  ; 3.3-V LVTTL   ; QSF Assignment             ;
; I/O Standard                                              ; top                                         ;              ; HPS_USB_CLKOUT                                                                               ; 3.3-V LVTTL   ; QSF Assignment             ;
; I/O Standard                                              ; top                                         ;              ; HPS_USB_DATA[0]                                                                              ; 3.3-V LVTTL   ; QSF Assignment             ;
; I/O Standard                                              ; top                                         ;              ; HPS_USB_DATA[1]                                                                              ; 3.3-V LVTTL   ; QSF Assignment             ;
; I/O Standard                                              ; top                                         ;              ; HPS_USB_DATA[2]                                                                              ; 3.3-V LVTTL   ; QSF Assignment             ;
; I/O Standard                                              ; top                                         ;              ; HPS_USB_DATA[3]                                                                              ; 3.3-V LVTTL   ; QSF Assignment             ;
; I/O Standard                                              ; top                                         ;              ; HPS_USB_DATA[4]                                                                              ; 3.3-V LVTTL   ; QSF Assignment             ;
; I/O Standard                                              ; top                                         ;              ; HPS_USB_DATA[5]                                                                              ; 3.3-V LVTTL   ; QSF Assignment             ;
; I/O Standard                                              ; top                                         ;              ; HPS_USB_DATA[6]                                                                              ; 3.3-V LVTTL   ; QSF Assignment             ;
; I/O Standard                                              ; top                                         ;              ; HPS_USB_DATA[7]                                                                              ; 3.3-V LVTTL   ; QSF Assignment             ;
; I/O Standard                                              ; top                                         ;              ; HPS_USB_DIR                                                                                  ; 3.3-V LVTTL   ; QSF Assignment             ;
; I/O Standard                                              ; top                                         ;              ; HPS_USB_NXT                                                                                  ; 3.3-V LVTTL   ; QSF Assignment             ;
; I/O Standard                                              ; top                                         ;              ; HPS_USB_STP                                                                                  ; 3.3-V LVTTL   ; QSF Assignment             ;
; I/O Standard                                              ; top                                         ;              ; KEY[0]                                                                                       ; 3.3-V LVTTL   ; QSF Assignment             ;
; I/O Standard                                              ; top                                         ;              ; KEY[1]                                                                                       ; 3.3-V LVTTL   ; QSF Assignment             ;
; I/O Standard                                              ; top                                         ;              ; LED[0]                                                                                       ; 3.3-V LVTTL   ; QSF Assignment             ;
; I/O Standard                                              ; top                                         ;              ; LED[1]                                                                                       ; 3.3-V LVTTL   ; QSF Assignment             ;
; I/O Standard                                              ; top                                         ;              ; LED[2]                                                                                       ; 3.3-V LVTTL   ; QSF Assignment             ;
; I/O Standard                                              ; top                                         ;              ; LED[3]                                                                                       ; 3.3-V LVTTL   ; QSF Assignment             ;
; I/O Standard                                              ; top                                         ;              ; LED[4]                                                                                       ; 3.3-V LVTTL   ; QSF Assignment             ;
; I/O Standard                                              ; top                                         ;              ; LED[5]                                                                                       ; 3.3-V LVTTL   ; QSF Assignment             ;
; I/O Standard                                              ; top                                         ;              ; LED[6]                                                                                       ; 3.3-V LVTTL   ; QSF Assignment             ;
; I/O Standard                                              ; top                                         ;              ; LED[7]                                                                                       ; 3.3-V LVTTL   ; QSF Assignment             ;
; I/O Standard                                              ; top                                         ;              ; SW[0]                                                                                        ; 3.3-V LVTTL   ; QSF Assignment             ;
; I/O Standard                                              ; top                                         ;              ; SW[1]                                                                                        ; 3.3-V LVTTL   ; QSF Assignment             ;
; I/O Standard                                              ; top                                         ;              ; SW[2]                                                                                        ; 3.3-V LVTTL   ; QSF Assignment             ;
; I/O Standard                                              ; top                                         ;              ; SW[3]                                                                                        ; 3.3-V LVTTL   ; QSF Assignment             ;
; PLL Compensation Mode                                     ; top                                         ;              ; u0|hps_0|hps_io|border|hps_sdram_inst|pll0|fbout                                             ; DIRECT        ; QSF Assignment             ;
; Global Signal                                             ; top                                         ;              ; u0|hps_0|hps_io|border|hps_sdram_inst|p0|umemphy|uio_pads|dq_ddio[0].read_capture_clk_buffer ; OFF           ; QSF Assignment             ;
; Global Signal                                             ; top                                         ;              ; u0|hps_0|hps_io|border|hps_sdram_inst|p0|umemphy|uio_pads|dq_ddio[1].read_capture_clk_buffer ; OFF           ; QSF Assignment             ;
; Global Signal                                             ; top                                         ;              ; u0|hps_0|hps_io|border|hps_sdram_inst|p0|umemphy|uio_pads|dq_ddio[2].read_capture_clk_buffer ; OFF           ; QSF Assignment             ;
; Global Signal                                             ; top                                         ;              ; u0|hps_0|hps_io|border|hps_sdram_inst|p0|umemphy|uio_pads|dq_ddio[3].read_capture_clk_buffer ; OFF           ; QSF Assignment             ;
; Global Signal                                             ; top                                         ;              ; u0|hps_0|hps_io|border|hps_sdram_inst|p0|umemphy|uread_datapath|reset_n_fifo_wraddress[0]    ; OFF           ; QSF Assignment             ;
; Global Signal                                             ; top                                         ;              ; u0|hps_0|hps_io|border|hps_sdram_inst|p0|umemphy|uread_datapath|reset_n_fifo_wraddress[1]    ; OFF           ; QSF Assignment             ;
; Global Signal                                             ; top                                         ;              ; u0|hps_0|hps_io|border|hps_sdram_inst|p0|umemphy|uread_datapath|reset_n_fifo_wraddress[2]    ; OFF           ; QSF Assignment             ;
; Global Signal                                             ; top                                         ;              ; u0|hps_0|hps_io|border|hps_sdram_inst|p0|umemphy|uread_datapath|reset_n_fifo_wraddress[3]    ; OFF           ; QSF Assignment             ;
; Global Signal                                             ; top                                         ;              ; u0|hps_0|hps_io|border|hps_sdram_inst|p0|umemphy|uread_datapath|reset_n_fifo_write_side[0]   ; OFF           ; QSF Assignment             ;
; Global Signal                                             ; top                                         ;              ; u0|hps_0|hps_io|border|hps_sdram_inst|p0|umemphy|uread_datapath|reset_n_fifo_write_side[1]   ; OFF           ; QSF Assignment             ;
; Global Signal                                             ; top                                         ;              ; u0|hps_0|hps_io|border|hps_sdram_inst|p0|umemphy|uread_datapath|reset_n_fifo_write_side[2]   ; OFF           ; QSF Assignment             ;
; Global Signal                                             ; top                                         ;              ; u0|hps_0|hps_io|border|hps_sdram_inst|p0|umemphy|uread_datapath|reset_n_fifo_write_side[3]   ; OFF           ; QSF Assignment             ;
; Global Signal                                             ; top                                         ;              ; u0|hps_0|hps_io|border|hps_sdram_inst|p0|umemphy|ureset|phy_reset_mem_stable_n               ; OFF           ; QSF Assignment             ;
; Global Signal                                             ; top                                         ;              ; u0|hps_0|hps_io|border|hps_sdram_inst|p0|umemphy|ureset|phy_reset_n                          ; OFF           ; QSF Assignment             ;
; Enable Beneficial Skew Optimization for non global clocks ; top                                         ;              ; u0|hps_0|hps_io|border|hps_sdram_inst                                                        ; ON            ; QSF Assignment             ;
+-----------------------------------------------------------+---------------------------------------------+--------------+----------------------------------------------------------------------------------------------+---------------+----------------------------+


+---------------------------------------------------------------------------------------------------+
; Incremental Compilation Preservation Summary                                                      ;
+---------------------+---------------------+----------------------------+--------------------------+
; Type                ; Total [A + B]       ; From Design Partitions [A] ; From Rapid Recompile [B] ;
+---------------------+---------------------+----------------------------+--------------------------+
; Placement (by node) ;                     ;                            ;                          ;
;     -- Requested    ; 0.00 % ( 0 / 1778 ) ; 0.00 % ( 0 / 1778 )        ; 0.00 % ( 0 / 1778 )      ;
;     -- Achieved     ; 0.00 % ( 0 / 1778 ) ; 0.00 % ( 0 / 1778 )        ; 0.00 % ( 0 / 1778 )      ;
;                     ;                     ;                            ;                          ;
; Routing (by net)    ;                     ;                            ;                          ;
;     -- Requested    ; 0.00 % ( 0 / 0 )    ; 0.00 % ( 0 / 0 )           ; 0.00 % ( 0 / 0 )         ;
;     -- Achieved     ; 0.00 % ( 0 / 0 )    ; 0.00 % ( 0 / 0 )           ; 0.00 % ( 0 / 0 )         ;
+---------------------+---------------------+----------------------------+--------------------------+


+-------------------------------------------------------------------------------------------------------------------------------------------------------------------------------------------------------------------------------------------------------------------------------------+
; Incremental Compilation Partition Settings                                                                                                                                                                                                                                          ;
+----------------------------------------+----------------+-------------------+-------------------------+------------------------+------------------------------+---------------------------------------------------------------------------------------------------------------------+
; Partition Name                         ; Partition Type ; Netlist Type Used ; Preservation Level Used ; Netlist Type Requested ; Preservation Level Requested ; Contents                                                                                                            ;
+----------------------------------------+----------------+-------------------+-------------------------+------------------------+------------------------------+---------------------------------------------------------------------------------------------------------------------+
; Top                                    ; User-created   ; Source File       ; N/A                     ; Source File            ; N/A                          ;                                                                                                                     ;
; scilab_adc2_hps_0_hps_io_border:border ; Auto-generated ; Post-Synthesis    ; N/A                     ; Post-Synthesis         ; N/A                          ; scilab_adc2:u_system|scilab_adc2_hps_0:hps_0|scilab_adc2_hps_0_hps_io:hps_io|scilab_adc2_hps_0_hps_io_border:border ;
; hard_block:auto_generated_inst         ; Auto-generated ; Source File       ; N/A                     ; Source File            ; N/A                          ; hard_block:auto_generated_inst                                                                                      ;
+----------------------------------------+----------------+-------------------+-------------------------+------------------------+------------------------------+---------------------------------------------------------------------------------------------------------------------+


+--------------------------------------------------------------------------------------------------------------------------------------------+
; Incremental Compilation Placement Preservation                                                                                             ;
+----------------------------------------+-----------------------+-------------------------+-------------------+---------------------+-------+
; Partition Name                         ; Preservation Achieved ; Preservation Level Used ; Netlist Type Used ; Preservation Method ; Notes ;
+----------------------------------------+-----------------------+-------------------------+-------------------+---------------------+-------+
; Top                                    ; 0.00 % ( 0 / 1018 )   ; N/A                     ; Source File       ; N/A                 ;       ;
; scilab_adc2_hps_0_hps_io_border:border ; 0.00 % ( 0 / 744 )    ; N/A                     ; Post-Synthesis    ; N/A                 ;       ;
; hard_block:auto_generated_inst         ; 0.00 % ( 0 / 16 )     ; N/A                     ; Source File       ; N/A                 ;       ;
+----------------------------------------+-----------------------+-------------------------+-------------------+---------------------+-------+


+--------------+
; Pin-Out File ;
+--------------+
The pin-out file can be found in /data/DesignFiles/scilabdemo_adc2/output_files/scilabdemo_adc2.pin.


+------------------------------------------------------------------------------------------+
; Fitter Resource Usage Summary                                                            ;
+-------------------------------------------------------------+--------------------+-------+
; Resource                                                    ; Usage              ; %     ;
+-------------------------------------------------------------+--------------------+-------+
; Logic utilization (ALMs needed / total ALMs on device)      ; 303 / 41,910       ; < 1 % ;
; ALMs needed [=A-B+C]                                        ; 303                ;       ;
;     [A] ALMs used in final placement [=a+b+c+d]             ; 360 / 41,910       ; < 1 % ;
;         [a] ALMs used for LUT logic and registers           ; 139                ;       ;
;         [b] ALMs used for LUT logic                         ; 151                ;       ;
;         [c] ALMs used for registers                         ; 70                 ;       ;
;         [d] ALMs used for memory (up to half of total ALMs) ; 0                  ;       ;
;     [B] Estimate of ALMs recoverable by dense packing       ; 57 / 41,910        ; < 1 % ;
;     [C] Estimate of ALMs unavailable [=a+b+c+d]             ; 0 / 41,910         ; 0 %   ;
;         [a] Due to location constrained logic               ; 0                  ;       ;
;         [b] Due to LAB-wide signal conflicts                ; 0                  ;       ;
;         [c] Due to LAB input limits                         ; 0                  ;       ;
;         [d] Due to virtual I/Os                             ; 0                  ;       ;
;                                                             ;                    ;       ;
; Difficulty packing design                                   ; Low                ;       ;
;                                                             ;                    ;       ;
; Total LABs:  partially or completely used                   ; 51 / 4,191         ; 1 %   ;
;     -- Logic LABs                                           ; 51                 ;       ;
;     -- Memory LABs (up to half of total LABs)               ; 0                  ;       ;
;                                                             ;                    ;       ;
; Combinational ALUT usage for logic                          ; 528                ;       ;
;     -- 7 input functions                                    ; 6                  ;       ;
;     -- 6 input functions                                    ; 86                 ;       ;
;     -- 5 input functions                                    ; 101                ;       ;
;     -- 4 input functions                                    ; 127                ;       ;
;     -- <=3 input functions                                  ; 208                ;       ;
; Combinational ALUT usage for route-throughs                 ; 44                 ;       ;
;                                                             ;                    ;       ;
; Dedicated logic registers                                   ; 468                ;       ;
;     -- By type:                                             ;                    ;       ;
;         -- Primary logic registers                          ; 417 / 83,820       ; < 1 % ;
;         -- Secondary logic registers                        ; 51 / 83,820        ; < 1 % ;
;     -- By function:                                         ;                    ;       ;
;         -- Design implementation registers                  ; 423                ;       ;
;         -- Routing optimization registers                   ; 45                 ;       ;
;                                                             ;                    ;       ;
; Virtual pins                                                ; 0                  ;       ;
; I/O pins                                                    ; 77 / 314           ; 25 %  ;
;     -- Clock pins                                           ; 1 / 8              ; 13 %  ;
;     -- Dedicated input pins                                 ; 0 / 21             ; 0 %   ;
; I/O registers                                               ; 226                ;       ;
;                                                             ;                    ;       ;
; Hard processor system peripheral utilization                ;                    ;       ;
;     -- Boot from FPGA                                       ; 1 / 1 ( 100 % )    ;       ;
;     -- Clock resets                                         ; 1 / 1 ( 100 % )    ;       ;
;     -- Cross trigger                                        ; 0 / 1 ( 0 % )      ;       ;
;     -- S2F AXI                                              ; 1 / 1 ( 100 % )    ;       ;
;     -- F2S AXI                                              ; 1 / 1 ( 100 % )    ;       ;
;     -- AXI Lightweight                                      ; 1 / 1 ( 100 % )    ;       ;
;     -- SDRAM                                                ; 1 / 1 ( 100 % )    ;       ;
;     -- Interrupts                                           ; 0 / 1 ( 0 % )      ;       ;
;     -- JTAG                                                 ; 0 / 1 ( 0 % )      ;       ;
;     -- Loan I/O                                             ; 0 / 1 ( 0 % )      ;       ;
;     -- MPU event standby                                    ; 0 / 1 ( 0 % )      ;       ;
;     -- MPU general purpose                                  ; 0 / 1 ( 0 % )      ;       ;
;     -- STM event                                            ; 0 / 1 ( 0 % )      ;       ;
;     -- TPIU trace                                           ; 1 / 1 ( 100 % )    ;       ;
;     -- DMA                                                  ; 0 / 1 ( 0 % )      ;       ;
;     -- CAN                                                  ; 0 / 2 ( 0 % )      ;       ;
;     -- EMAC                                                 ; 0 / 2 ( 0 % )      ;       ;
;     -- I2C                                                  ; 0 / 4 ( 0 % )      ;       ;
;     -- NAND Flash                                           ; 0 / 1 ( 0 % )      ;       ;
;     -- QSPI                                                 ; 0 / 1 ( 0 % )      ;       ;
;     -- SDMMC                                                ; 0 / 1 ( 0 % )      ;       ;
;     -- SPI Master                                           ; 0 / 2 ( 0 % )      ;       ;
;     -- SPI Slave                                            ; 0 / 2 ( 0 % )      ;       ;
;     -- UART                                                 ; 0 / 2 ( 0 % )      ;       ;
;     -- USB                                                  ; 0 / 2 ( 0 % )      ;       ;
;                                                             ;                    ;       ;
; M10K blocks                                                 ; 3 / 553            ; < 1 % ;
; Total MLAB memory bits                                      ; 0                  ;       ;
; Total block memory bits                                     ; 24,576 / 5,662,720 ; < 1 % ;
; Total block memory implementation bits                      ; 30,720 / 5,662,720 ; < 1 % ;
;                                                             ;                    ;       ;
; Total DSP Blocks                                            ; 0 / 112            ; 0 %   ;
;                                                             ;                    ;       ;
; Fractional PLLs                                             ; 1 / 6              ; 17 %  ;
; Global signals                                              ; 3                  ;       ;
;     -- Global clocks                                        ; 2 / 16             ; 13 %  ;
;     -- Quadrant clocks                                      ; 0 / 66             ; 0 %   ;
;     -- Horizontal periphery clocks                          ; 0 / 18             ; 0 %   ;
; SERDES Transmitters                                         ; 0 / 100            ; 0 %   ;
; SERDES Receivers                                            ; 0 / 100            ; 0 %   ;
; JTAGs                                                       ; 0 / 1              ; 0 %   ;
; ASMI blocks                                                 ; 0 / 1              ; 0 %   ;
; CRC blocks                                                  ; 0 / 1              ; 0 %   ;
; Remote update blocks                                        ; 0 / 1              ; 0 %   ;
; Oscillator blocks                                           ; 0 / 1              ; 0 %   ;
; Impedance control blocks                                    ; 1 / 4              ; 25 %  ;
; Hard Memory Controllers                                     ; 1 / 1              ; 100 % ;
; Average interconnect usage (total/H/V)                      ; 0.2% / 0.2% / 0.2% ;       ;
; Peak interconnect usage (total/H/V)                         ; 6.6% / 6.7% / 6.1% ;       ;
; Maximum fan-out                                             ; 704                ;       ;
; Highest non-global fan-out                                  ; 229                ;       ;
; Total fan-out                                               ; 5731               ;       ;
; Average fan-out                                             ; 3.08               ;       ;
+-------------------------------------------------------------+--------------------+-------+


+---------------------------------------------------------------------------------------------------------------------------------------------------------------+
; Fitter Partition Statistics                                                                                                                                   ;
+-------------------------------------------------------------+-----------------------+----------------------------------------+--------------------------------+
; Statistic                                                   ; Top                   ; scilab_adc2_hps_0_hps_io_border:border ; hard_block:auto_generated_inst ;
+-------------------------------------------------------------+-----------------------+----------------------------------------+--------------------------------+
; Logic utilization (ALMs needed / total ALMs on device)      ; 303 / 41910 ( < 1 % ) ; 0 / 41910 ( 0 % )                      ; 0 / 41910 ( 0 % )              ;
; ALMs needed [=A-B+C]                                        ; 303                   ; 0                                      ; 0                              ;
;     [A] ALMs used in final placement [=a+b+c+d]             ; 360 / 41910 ( < 1 % ) ; 0 / 41910 ( 0 % )                      ; 0 / 41910 ( 0 % )              ;
;         [a] ALMs used for LUT logic and registers           ; 139                   ; 0                                      ; 0                              ;
;         [b] ALMs used for LUT logic                         ; 151                   ; 0                                      ; 0                              ;
;         [c] ALMs used for registers                         ; 70                    ; 0                                      ; 0                              ;
;         [d] ALMs used for memory (up to half of total ALMs) ; 0                     ; 0                                      ; 0                              ;
;     [B] Estimate of ALMs recoverable by dense packing       ; 57 / 41910 ( < 1 % )  ; 0 / 41910 ( 0 % )                      ; 0 / 41910 ( 0 % )              ;
;     [C] Estimate of ALMs unavailable [=a+b+c+d]             ; 0 / 41910 ( 0 % )     ; 0 / 41910 ( 0 % )                      ; 0 / 41910 ( 0 % )              ;
;         [a] Due to location constrained logic               ; 0                     ; 0                                      ; 0                              ;
;         [b] Due to LAB-wide signal conflicts                ; 0                     ; 0                                      ; 0                              ;
;         [c] Due to LAB input limits                         ; 0                     ; 0                                      ; 0                              ;
;         [d] Due to virtual I/Os                             ; 0                     ; 0                                      ; 0                              ;
;                                                             ;                       ;                                        ;                                ;
; Difficulty packing design                                   ; Low                   ; Low                                    ; Low                            ;
;                                                             ;                       ;                                        ;                                ;
; Total LABs:  partially or completely used                   ; 51 / 4191 ( 1 % )     ; 0 / 4191 ( 0 % )                       ; 0 / 4191 ( 0 % )               ;
;     -- Logic LABs                                           ; 51                    ; 0                                      ; 0                              ;
;     -- Memory LABs (up to half of total LABs)               ; 0                     ; 0                                      ; 0                              ;
;                                                             ;                       ;                                        ;                                ;
; Combinational ALUT usage for logic                          ; 528                   ; 0                                      ; 0                              ;
;     -- 7 input functions                                    ; 6                     ; 0                                      ; 0                              ;
;     -- 6 input functions                                    ; 86                    ; 0                                      ; 0                              ;
;     -- 5 input functions                                    ; 101                   ; 0                                      ; 0                              ;
;     -- 4 input functions                                    ; 127                   ; 0                                      ; 0                              ;
;     -- <=3 input functions                                  ; 208                   ; 0                                      ; 0                              ;
; Combinational ALUT usage for route-throughs                 ; 44                    ; 0                                      ; 0                              ;
; Memory ALUT usage                                           ; 0                     ; 0                                      ; 0                              ;
;     -- 64-address deep                                      ; 0                     ; 0                                      ; 0                              ;
;     -- 32-address deep                                      ; 0                     ; 0                                      ; 0                              ;
;                                                             ;                       ;                                        ;                                ;
; Dedicated logic registers                                   ; 0                     ; 0                                      ; 0                              ;
;     -- By type:                                             ;                       ;                                        ;                                ;
;         -- Primary logic registers                          ; 417 / 83820 ( < 1 % ) ; 0 / 83820 ( 0 % )                      ; 0 / 83820 ( 0 % )              ;
;         -- Secondary logic registers                        ; 51 / 83820 ( < 1 % )  ; 0 / 83820 ( 0 % )                      ; 0 / 83820 ( 0 % )              ;
;     -- By function:                                         ;                       ;                                        ;                                ;
;         -- Design implementation registers                  ; 423                   ; 0                                      ; 0                              ;
;         -- Routing optimization registers                   ; 45                    ; 0                                      ; 0                              ;
;                                                             ;                       ;                                        ;                                ;
;                                                             ;                       ;                                        ;                                ;
; Virtual pins                                                ; 0                     ; 0                                      ; 0                              ;
; I/O pins                                                    ; 30                    ; 46                                     ; 1                              ;
; I/O registers                                               ; 50                    ; 176                                    ; 0                              ;
; Total block memory bits                                     ; 24576                 ; 0                                      ; 0                              ;
; Total block memory implementation bits                      ; 30720                 ; 0                                      ; 0                              ;
; M10K block                                                  ; 3 / 553 ( < 1 % )     ; 0 / 553 ( 0 % )                        ; 0 / 553 ( 0 % )                ;
; DLL                                                         ; 0 / 4 ( 0 % )         ; 1 / 4 ( 25 % )                         ; 0 / 4 ( 0 % )                  ;
; Clock enable block                                          ; 0 / 116 ( 0 % )       ; 0 / 116 ( 0 % )                        ; 2 / 116 ( 1 % )                ;
; Impedance control block                                     ; 0 / 4 ( 0 % )         ; 1 / 4 ( 25 % )                         ; 0 / 4 ( 0 % )                  ;
; Double data rate I/O output circuitry                       ; 0 / 1325 ( 0 % )      ; 186 / 1325 ( 14 % )                    ; 0 / 1325 ( 0 % )               ;
; Double data rate I/O input circuitry                        ; 0 / 400 ( 0 % )       ; 32 / 400 ( 8 % )                       ; 0 / 400 ( 0 % )                ;
; Double data rate I/O output circuitry                       ; 0 / 400 ( 0 % )       ; 66 / 400 ( 16 % )                      ; 0 / 400 ( 0 % )                ;
; Double data rate I/O output enable circuitry                ; 0 / 425 ( 0 % )       ; 40 / 425 ( 9 % )                       ; 0 / 425 ( 0 % )                ;
; Impedance logic block                                       ; 0 / 8 ( 0 % )         ; 2 / 8 ( 25 % )                         ; 0 / 8 ( 0 % )                  ;
; DQS pin delay chain                                         ; 0 / 25 ( 0 % )        ; 4 / 25 ( 16 % )                        ; 0 / 25 ( 0 % )                 ;
; DQS pin enable control                                      ; 0 / 25 ( 0 % )        ; 4 / 25 ( 16 % )                        ; 0 / 25 ( 0 % )                 ;
; Delay chain                                                 ; 0 / 1300 ( 0 % )      ; 124 / 1300 ( 9 % )                     ; 0 / 1300 ( 0 % )               ;
; Pin configuration                                           ; 0 / 400 ( 0 % )       ; 40 / 400 ( 10 % )                      ; 0 / 400 ( 0 % )                ;
; DQS pin configuration                                       ; 0 / 25 ( 0 % )        ; 4 / 25 ( 16 % )                        ; 0 / 25 ( 0 % )                 ;
; Signal Splitter                                             ; 0 / 400 ( 0 % )       ; 5 / 400 ( 1 % )                        ; 0 / 400 ( 0 % )                ;
; Leveling delay chain                                        ; 0 / 36 ( 0 % )        ; 6 / 36 ( 16 % )                        ; 0 / 36 ( 0 % )                 ;
; Clock Phase Select                                          ; 0 / 175 ( 0 % )       ; 26 / 175 ( 14 % )                      ; 0 / 175 ( 0 % )                ;
; Read FIFO Read Clock Select Block                           ; 0 / 400 ( 0 % )       ; 32 / 400 ( 8 % )                       ; 0 / 400 ( 0 % )                ;
; LFIFO                                                       ; 0 / 25 ( 0 % )        ; 4 / 25 ( 16 % )                        ; 0 / 25 ( 0 % )                 ;
; HPS SDRAM PLL                                               ; 0 / 1 ( 0 % )         ; 1 / 1 ( 100 % )                        ; 0 / 1 ( 0 % )                  ;
; HPS DBG APB interface                                       ; 0 / 1 ( 0 % )         ; 0 / 1 ( 0 % )                          ; 1 / 1 ( 100 % )                ;
; Fractional PLL                                              ; 0 / 6 ( 0 % )         ; 0 / 6 ( 0 % )                          ; 1 / 6 ( 16 % )                 ;
; Hard Memory Controller                                      ; 0 / 1 ( 0 % )         ; 1 / 1 ( 100 % )                        ; 0 / 1 ( 0 % )                  ;
; HPS boot from FPGA interface                                ; 0 / 1 ( 0 % )         ; 0 / 1 ( 0 % )                          ; 1 / 1 ( 100 % )                ;
; HPS clock resets interface                                  ; 0 / 1 ( 0 % )         ; 0 / 1 ( 0 % )                          ; 1 / 1 ( 100 % )                ;
; FPGA-to-HPS interface                                       ; 0 / 1 ( 0 % )         ; 0 / 1 ( 0 % )                          ; 1 / 1 ( 100 % )                ;
; HPS FPGA-to-SDRAM interface                                 ; 0 / 1 ( 0 % )         ; 0 / 1 ( 0 % )                          ; 1 / 1 ( 100 % )                ;
; HPS-to-FPGA interface                                       ; 0 / 1 ( 0 % )         ; 0 / 1 ( 0 % )                          ; 1 / 1 ( 100 % )                ;
; HPS-to-FPGA lightweight interface                           ; 0 / 1 ( 0 % )         ; 0 / 1 ( 0 % )                          ; 1 / 1 ( 100 % )                ;
; HPS TPIU trace interface                                    ; 0 / 1 ( 0 % )         ; 0 / 1 ( 0 % )                          ; 1 / 1 ( 100 % )                ;
; IR FIFO USERDES Block                                       ; 0 / 400 ( 0 % )       ; 32 / 400 ( 8 % )                       ; 0 / 400 ( 0 % )                ;
; Hard Memory PHY                                             ; 0 / 1 ( 0 % )         ; 1 / 1 ( 100 % )                        ; 0 / 1 ( 0 % )                  ;
; PLL Output Counter                                          ; 0 / 54 ( 0 % )        ; 0 / 54 ( 0 % )                         ; 1 / 54 ( 1 % )                 ;
; PLL Reconfiguration Block                                   ; 0 / 6 ( 0 % )         ; 0 / 6 ( 0 % )                          ; 1 / 6 ( 16 % )                 ;
; PLL Reference Clock Select Block                            ; 0 / 6 ( 0 % )         ; 0 / 6 ( 0 % )                          ; 1 / 6 ( 16 % )                 ;
; VFIFO                                                       ; 0 / 25 ( 0 % )        ; 4 / 25 ( 16 % )                        ; 0 / 25 ( 0 % )                 ;
;                                                             ;                       ;                                        ;                                ;
; Connections                                                 ;                       ;                                        ;                                ;
;     -- Input Connections                                    ; 703                   ; 41                                     ; 54                             ;
;     -- Registered Input Connections                         ; 471                   ; 0                                      ; 0                              ;
;     -- Output Connections                                   ; 55                    ; 65                                     ; 678                            ;
;     -- Registered Output Connections                        ; 24                    ; 0                                      ; 0                              ;
;                                                             ;                       ;                                        ;                                ;
; Internal Connections                                        ;                       ;                                        ;                                ;
;     -- Total Connections                                    ; 4073                  ; 5061                                   ; 766                            ;
;     -- Registered Connections                               ; 2059                  ; 100                                    ; 0                              ;
;                                                             ;                       ;                                        ;                                ;
; External Connections                                        ;                       ;                                        ;                                ;
;     -- Top                                                  ; 0                     ; 26                                     ; 732                            ;
;     -- scilab_adc2_hps_0_hps_io_border:border               ; 26                    ; 80                                     ; 0                              ;
;     -- hard_block:auto_generated_inst                       ; 732                   ; 0                                      ; 0                              ;
;                                                             ;                       ;                                        ;                                ;
; Partition Interface                                         ;                       ;                                        ;                                ;
;     -- Input Ports                                          ; 3                     ; 1                                      ; 55                             ;
;     -- Output Ports                                         ; 34                    ; 31                                     ; 82                             ;
;     -- Bidir Ports                                          ; 40                    ; 40                                     ; 0                              ;
;                                                             ;                       ;                                        ;                                ;
; Registered Ports                                            ;                       ;                                        ;                                ;
;     -- Registered Input Ports                               ; 0                     ; 0                                      ; 0                              ;
;     -- Registered Output Ports                              ; 0                     ; 0                                      ; 0                              ;
;                                                             ;                       ;                                        ;                                ;
; Port Connectivity                                           ;                       ;                                        ;                                ;
;     -- Input Ports driven by GND                            ; 0                     ; 0                                      ; 0                              ;
;     -- Output Ports driven by GND                           ; 0                     ; 0                                      ; 0                              ;
;     -- Input Ports driven by VCC                            ; 0                     ; 0                                      ; 0                              ;
;     -- Output Ports driven by VCC                           ; 0                     ; 0                                      ; 0                              ;
;     -- Input Ports with no Source                           ; 0                     ; 0                                      ; 0                              ;
;     -- Output Ports with no Source                          ; 0                     ; 0                                      ; 0                              ;
;     -- Input Ports with no Fanout                           ; 0                     ; 0                                      ; 12                             ;
;     -- Output Ports with no Fanout                          ; 0                     ; 0                                      ; 0                              ;
+-------------------------------------------------------------+-----------------------+----------------------------------------+--------------------------------+


+------------------------------------------------------------------------------------------------------------------------------------------------------------------------------------------------------------------------------------------------------------------------------------------------+
; Input Pins                                                                                                                                                                                                                                                                                     ;
+--------------+-------+----------+--------------+--------------+--------------+-----------------------+--------------------+--------+----------------+-----------------+----------+--------------+-----------------+-------------+---------------------------+----------------------+-----------+
; Name         ; Pin # ; I/O Bank ; X coordinate ; Y coordinate ; Z coordinate ; Combinational Fan-Out ; Registered Fan-Out ; Global ; Input Register ; PCI I/O Enabled ; Bus Hold ; Weak Pull Up ; I/O Standard    ; Termination ; Termination Control Block ; Location assigned by ; Slew Rate ;
+--------------+-------+----------+--------------+--------------+--------------+-----------------------+--------------------+--------+----------------+-----------------+----------+--------------+-----------------+-------------+---------------------------+----------------------+-----------+
; ADC_SDO      ; AD4   ; 3A       ; 6            ; 0            ; 51           ; 12                    ; 0                  ; no     ; no             ; no              ; no       ; Off          ; 3.3-V LVTTL     ; Off         ; --                        ; User                 ; no        ;
; FPGA_CLK1_50 ; V11   ; 3B       ; 32           ; 0            ; 0            ; 1                     ; 0                  ; no     ; no             ; no              ; no       ; Off          ; 3.3-V LVTTL     ; Off         ; --                        ; User                 ; no        ;
; HPS_DDR3_RZQ ; D25   ; 6A       ; 89           ; 80           ; 54           ; 1                     ; 0                  ; no     ; no             ; no              ; no       ; Off          ; SSTL-15 Class I ; Off         ; --                        ; User                 ; no        ;
+--------------+-------+----------+--------------+--------------+--------------+-----------------------+--------------------+--------+----------------+-----------------+----------+--------------+-----------------+-------------+---------------------------+----------------------+-----------+


+------------------------------------------------------------------------------------------------------------------------------------------------------------------------------------------------------------------------------------------------------------------------------------------------------------------------------------------------------------------------------------------------------------------------------------------------------------------------------------------------------------------------------------------------------------------------------------------------------------------------------------------------------------------------------------+
; Output Pins                                                                                                                                                                                                                                                                                                                                                                                                                                                                                                                                                                                                                                                                        ;
+-------------------+-------+----------+--------------+--------------+--------------+-----------------+------------------------+-----------+-----------------+------------+---------------+----------+--------------+---------------------------------+------------------+-----------------------------------+------------------------------------------------------------------------------------------------------------------------------------------------------------------------------------+----------------------------+-----------------------------+---------------------+-----------------------------+----------------------+----------------------+---------------------+
; Name              ; Pin # ; I/O Bank ; X coordinate ; Y coordinate ; Z coordinate ; Output Register ; Output Enable Register ; Slew Rate ; PCI I/O Enabled ; Open Drain ; TRI Primitive ; Bus Hold ; Weak Pull Up ; I/O Standard                    ; Current Strength ; Termination                       ; Termination Control Block                                                                                                                                                          ; Output Buffer Pre-emphasis ; Voltage Output Differential ; Output Buffer Delay ; Output Buffer Delay Control ; Location assigned by ; Output Enable Source ; Output Enable Group ;
+-------------------+-------+----------+--------------+--------------+--------------+-----------------+------------------------+-----------+-----------------+------------+---------------+----------+--------------+---------------------------------+------------------+-----------------------------------+------------------------------------------------------------------------------------------------------------------------------------------------------------------------------------+----------------------------+-----------------------------+---------------------+-----------------------------+----------------------+----------------------+---------------------+
; ADC_CONVST        ; U9    ; 3A       ; 4            ; 0            ; 0            ; no              ; no                     ; 1         ; no              ; no         ; no            ; no       ; Off          ; 3.3-V LVTTL                     ; 16mA             ; Off                               ; --                                                                                                                                                                                 ; no                         ; no                          ; 0                   ; Off                         ; User                 ; -                    ; -                   ;
; ADC_SCK           ; V10   ; 3A       ; 6            ; 0            ; 17           ; no              ; no                     ; 1         ; no              ; no         ; no            ; no       ; Off          ; 3.3-V LVTTL                     ; 16mA             ; Off                               ; --                                                                                                                                                                                 ; no                         ; no                          ; 0                   ; Off                         ; User                 ; -                    ; -                   ;
; ADC_SDI           ; AC4   ; 3A       ; 6            ; 0            ; 34           ; no              ; no                     ; 1         ; no              ; no         ; no            ; no       ; Off          ; 3.3-V LVTTL                     ; 16mA             ; Off                               ; --                                                                                                                                                                                 ; no                         ; no                          ; 0                   ; Off                         ; User                 ; -                    ; -                   ;
; HPS_DDR3_ADDR[0]  ; C28   ; 6A       ; 89           ; 71           ; 77           ; yes             ; no                     ; 1         ; no              ; no         ; no            ; no       ; Off          ; SSTL-15 Class I                 ; 12mA             ; Off                               ; --                                                                                                                                                                                 ; no                         ; no                          ; 0                   ; Off                         ; User                 ; -                    ; -                   ;
; HPS_DDR3_ADDR[10] ; A24   ; 6A       ; 89           ; 78           ; 37           ; yes             ; no                     ; 1         ; no              ; no         ; no            ; no       ; Off          ; SSTL-15 Class I                 ; 12mA             ; Off                               ; --                                                                                                                                                                                 ; no                         ; no                          ; 0                   ; Off                         ; User                 ; -                    ; -                   ;
; HPS_DDR3_ADDR[11] ; B24   ; 6A       ; 89           ; 78           ; 54           ; yes             ; no                     ; 1         ; no              ; no         ; no            ; no       ; Off          ; SSTL-15 Class I                 ; 12mA             ; Off                               ; --                                                                                                                                                                                 ; no                         ; no                          ; 0                   ; Off                         ; User                 ; -                    ; -                   ;
; HPS_DDR3_ADDR[12] ; D24   ; 6A       ; 89           ; 79           ; 37           ; yes             ; no                     ; 1         ; no              ; no         ; no            ; no       ; Off          ; SSTL-15 Class I                 ; 12mA             ; Off                               ; --                                                                                                                                                                                 ; no                         ; no                          ; 0                   ; Off                         ; User                 ; -                    ; -                   ;
; HPS_DDR3_ADDR[13] ; C24   ; 6A       ; 89           ; 79           ; 54           ; yes             ; no                     ; 1         ; no              ; no         ; no            ; no       ; Off          ; SSTL-15 Class I                 ; 12mA             ; Off                               ; --                                                                                                                                                                                 ; no                         ; no                          ; 0                   ; Off                         ; User                 ; -                    ; -                   ;
; HPS_DDR3_ADDR[14] ; G23   ; 6A       ; 89           ; 80           ; 3            ; yes             ; no                     ; 1         ; no              ; no         ; no            ; no       ; Off          ; SSTL-15 Class I                 ; 12mA             ; Off                               ; --                                                                                                                                                                                 ; no                         ; no                          ; 0                   ; Off                         ; User                 ; -                    ; -                   ;
; HPS_DDR3_ADDR[1]  ; B28   ; 6A       ; 89           ; 71           ; 94           ; yes             ; no                     ; 1         ; no              ; no         ; no            ; no       ; Off          ; SSTL-15 Class I                 ; 12mA             ; Off                               ; --                                                                                                                                                                                 ; no                         ; no                          ; 0                   ; Off                         ; User                 ; -                    ; -                   ;
; HPS_DDR3_ADDR[2]  ; E26   ; 6A       ; 89           ; 72           ; 37           ; yes             ; no                     ; 1         ; no              ; no         ; no            ; no       ; Off          ; SSTL-15 Class I                 ; 12mA             ; Off                               ; --                                                                                                                                                                                 ; no                         ; no                          ; 0                   ; Off                         ; User                 ; -                    ; -                   ;
; HPS_DDR3_ADDR[3]  ; D26   ; 6A       ; 89           ; 72           ; 54           ; yes             ; no                     ; 1         ; no              ; no         ; no            ; no       ; Off          ; SSTL-15 Class I                 ; 12mA             ; Off                               ; --                                                                                                                                                                                 ; no                         ; no                          ; 0                   ; Off                         ; User                 ; -                    ; -                   ;
; HPS_DDR3_ADDR[4]  ; J21   ; 6A       ; 89           ; 72           ; 3            ; yes             ; no                     ; 1         ; no              ; no         ; no            ; no       ; Off          ; SSTL-15 Class I                 ; 12mA             ; Off                               ; --                                                                                                                                                                                 ; no                         ; no                          ; 0                   ; Off                         ; User                 ; -                    ; -                   ;
; HPS_DDR3_ADDR[5]  ; J20   ; 6A       ; 89           ; 72           ; 20           ; yes             ; no                     ; 1         ; no              ; no         ; no            ; no       ; Off          ; SSTL-15 Class I                 ; 12mA             ; Off                               ; --                                                                                                                                                                                 ; no                         ; no                          ; 0                   ; Off                         ; User                 ; -                    ; -                   ;
; HPS_DDR3_ADDR[6]  ; C26   ; 6A       ; 89           ; 73           ; 37           ; yes             ; no                     ; 1         ; no              ; no         ; no            ; no       ; Off          ; SSTL-15 Class I                 ; 12mA             ; Off                               ; --                                                                                                                                                                                 ; no                         ; no                          ; 0                   ; Off                         ; User                 ; -                    ; -                   ;
; HPS_DDR3_ADDR[7]  ; B26   ; 6A       ; 89           ; 73           ; 54           ; yes             ; no                     ; 1         ; no              ; no         ; no            ; no       ; Off          ; SSTL-15 Class I                 ; 12mA             ; Off                               ; --                                                                                                                                                                                 ; no                         ; no                          ; 0                   ; Off                         ; User                 ; -                    ; -                   ;
; HPS_DDR3_ADDR[8]  ; F26   ; 6A       ; 89           ; 78           ; 3            ; yes             ; no                     ; 1         ; no              ; no         ; no            ; no       ; Off          ; SSTL-15 Class I                 ; 12mA             ; Off                               ; --                                                                                                                                                                                 ; no                         ; no                          ; 0                   ; Off                         ; User                 ; -                    ; -                   ;
; HPS_DDR3_ADDR[9]  ; F25   ; 6A       ; 89           ; 78           ; 20           ; yes             ; no                     ; 1         ; no              ; no         ; no            ; no       ; Off          ; SSTL-15 Class I                 ; 12mA             ; Off                               ; --                                                                                                                                                                                 ; no                         ; no                          ; 0                   ; Off                         ; User                 ; -                    ; -                   ;
; HPS_DDR3_BA[0]    ; A27   ; 6A       ; 89           ; 74           ; 37           ; yes             ; no                     ; 1         ; no              ; no         ; no            ; no       ; Off          ; SSTL-15 Class I                 ; 12mA             ; Off                               ; --                                                                                                                                                                                 ; no                         ; no                          ; 0                   ; Off                         ; User                 ; -                    ; -                   ;
; HPS_DDR3_BA[1]    ; H25   ; 6A       ; 89           ; 74           ; 3            ; yes             ; no                     ; 1         ; no              ; no         ; no            ; no       ; Off          ; SSTL-15 Class I                 ; 12mA             ; Off                               ; --                                                                                                                                                                                 ; no                         ; no                          ; 0                   ; Off                         ; User                 ; -                    ; -                   ;
; HPS_DDR3_BA[2]    ; G25   ; 6A       ; 89           ; 74           ; 20           ; yes             ; no                     ; 1         ; no              ; no         ; no            ; no       ; Off          ; SSTL-15 Class I                 ; 12mA             ; Off                               ; --                                                                                                                                                                                 ; no                         ; no                          ; 0                   ; Off                         ; User                 ; -                    ; -                   ;
; HPS_DDR3_CAS_N    ; A26   ; 6A       ; 89           ; 77           ; 77           ; yes             ; no                     ; 1         ; no              ; no         ; no            ; no       ; Off          ; SSTL-15 Class I                 ; 12mA             ; Off                               ; --                                                                                                                                                                                 ; no                         ; no                          ; 0                   ; Off                         ; User                 ; -                    ; -                   ;
; HPS_DDR3_CKE      ; L28   ; 6A       ; 89           ; 57           ; 54           ; yes             ; no                     ; 1         ; no              ; no         ; no            ; no       ; Off          ; SSTL-15 Class I                 ; 12mA             ; Off                               ; --                                                                                                                                                                                 ; no                         ; no                          ; 0                   ; Off                         ; User                 ; -                    ; -                   ;
; HPS_DDR3_CK_N     ; N20   ; 6A       ; 89           ; 73           ; 20           ; yes             ; no                     ; 1         ; no              ; no         ; yes           ; no       ; Off          ; Differential 1.5-V SSTL Class I ; Default          ; Series 50 Ohm without Calibration ; --                                                                                                                                                                                 ; no                         ; no                          ; 0                   ; Off                         ; User                 ; -                    ; -                   ;
; HPS_DDR3_CK_P     ; N21   ; 6A       ; 89           ; 73           ; 3            ; yes             ; no                     ; 1         ; no              ; no         ; yes           ; no       ; Off          ; Differential 1.5-V SSTL Class I ; Default          ; Series 50 Ohm without Calibration ; --                                                                                                                                                                                 ; no                         ; no                          ; 0                   ; Off                         ; User                 ; -                    ; -                   ;
; HPS_DDR3_CS_N     ; L21   ; 6A       ; 89           ; 79           ; 3            ; yes             ; no                     ; 1         ; no              ; no         ; no            ; no       ; Off          ; SSTL-15 Class I                 ; 12mA             ; Off                               ; --                                                                                                                                                                                 ; no                         ; no                          ; 0                   ; Off                         ; User                 ; -                    ; -                   ;
; HPS_DDR3_DM[0]    ; G28   ; 6A       ; 89           ; 63           ; 77           ; yes             ; no                     ; 1         ; no              ; no         ; yes           ; no       ; Off          ; SSTL-15 Class I                 ; Default          ; Series 50 Ohm with Calibration    ; scilab_adc2:u_system|scilab_adc2_hps_0:hps_0|scilab_adc2_hps_0_hps_io:hps_io|scilab_adc2_hps_0_hps_io_border:border|hps_sdram:hps_sdram_inst|altera_mem_if_oct_cyclonev:oct|sd1a_0 ; no                         ; no                          ; 0                   ; Off                         ; User                 ; -                    ; -                   ;
; HPS_DDR3_DM[1]    ; P28   ; 6A       ; 89           ; 56           ; 77           ; yes             ; no                     ; 1         ; no              ; no         ; yes           ; no       ; Off          ; SSTL-15 Class I                 ; Default          ; Series 50 Ohm with Calibration    ; scilab_adc2:u_system|scilab_adc2_hps_0:hps_0|scilab_adc2_hps_0_hps_io:hps_io|scilab_adc2_hps_0_hps_io_border:border|hps_sdram:hps_sdram_inst|altera_mem_if_oct_cyclonev:oct|sd1a_0 ; no                         ; no                          ; 0                   ; Off                         ; User                 ; -                    ; -                   ;
; HPS_DDR3_DM[2]    ; W28   ; 6B       ; 89           ; 49           ; 77           ; yes             ; no                     ; 1         ; no              ; no         ; yes           ; no       ; Off          ; SSTL-15 Class I                 ; Default          ; Series 50 Ohm with Calibration    ; scilab_adc2:u_system|scilab_adc2_hps_0:hps_0|scilab_adc2_hps_0_hps_io:hps_io|scilab_adc2_hps_0_hps_io_border:border|hps_sdram:hps_sdram_inst|altera_mem_if_oct_cyclonev:oct|sd1a_0 ; no                         ; no                          ; 0                   ; Off                         ; User                 ; -                    ; -                   ;
; HPS_DDR3_DM[3]    ; AB28  ; 6B       ; 89           ; 42           ; 77           ; yes             ; no                     ; 1         ; no              ; no         ; yes           ; no       ; Off          ; SSTL-15 Class I                 ; Default          ; Series 50 Ohm with Calibration    ; scilab_adc2:u_system|scilab_adc2_hps_0:hps_0|scilab_adc2_hps_0_hps_io:hps_io|scilab_adc2_hps_0_hps_io_border:border|hps_sdram:hps_sdram_inst|altera_mem_if_oct_cyclonev:oct|sd1a_0 ; no                         ; no                          ; 0                   ; Off                         ; User                 ; -                    ; -                   ;
; HPS_DDR3_ODT      ; D28   ; 6A       ; 89           ; 65           ; 37           ; yes             ; no                     ; 1         ; no              ; no         ; no            ; no       ; Off          ; SSTL-15 Class I                 ; 12mA             ; Off                               ; --                                                                                                                                                                                 ; no                         ; no                          ; 0                   ; Off                         ; User                 ; -                    ; -                   ;
; HPS_DDR3_RAS_N    ; A25   ; 6A       ; 89           ; 77           ; 94           ; yes             ; no                     ; 1         ; no              ; no         ; no            ; no       ; Off          ; SSTL-15 Class I                 ; 12mA             ; Off                               ; --                                                                                                                                                                                 ; no                         ; no                          ; 0                   ; Off                         ; User                 ; -                    ; -                   ;
; HPS_DDR3_RESET_N  ; V28   ; 6B       ; 89           ; 51           ; 37           ; yes             ; no                     ; 1         ; no              ; no         ; no            ; no       ; Off          ; SSTL-15 Class I                 ; 12mA             ; Off                               ; --                                                                                                                                                                                 ; no                         ; no                          ; 0                   ; Off                         ; User                 ; -                    ; -                   ;
; HPS_DDR3_WE_N     ; E25   ; 6A       ; 89           ; 80           ; 37           ; yes             ; no                     ; 1         ; no              ; no         ; no            ; no       ; Off          ; SSTL-15 Class I                 ; 12mA             ; Off                               ; --                                                                                                                                                                                 ; no                         ; no                          ; 0                   ; Off                         ; User                 ; -                    ; -                   ;
+-------------------+-------+----------+--------------+--------------+--------------+-----------------+------------------------+-----------+-----------------+------------+---------------+----------+--------------+---------------------------------+------------------+-----------------------------------+------------------------------------------------------------------------------------------------------------------------------------------------------------------------------------+----------------------------+-----------------------------+---------------------+-----------------------------+----------------------+----------------------+---------------------+


+-----------------------------------------------------------------------------------------------------------------------------------------------------------------------------------------------------------------------------------------------------------------------------------------------------------------------------------------------------------------------------------------------------------------------------------------------------------------------------------------------------------------------------------------------------------------------------------------------------------------------------------------------------------------------------------------------------------------------------------------------------------------------------------------------------------------------------------------------------------------------------------------------------------------------------------------------------------------------------------------------------------------------------------------------------------------------------------------------------+
; Bidir Pins                                                                                                                                                                                                                                                                                                                                                                                                                                                                                                                                                                                                                                                                                                                                                                                                                                                                                                                                                                                                                                                                                          ;
+-------------------+-------+----------+--------------+--------------+--------------+-----------------------+--------------------+--------+----------------+-----------------+------------------------+-----------+-----------------+------------+----------+--------------+---------------------------------+------------------+----------------------------------+--------------------------------+------------------------------------------------------------------------------------------------------------------------------------------------------------------------------------+----------------------------+---------------------+-----------------------------+----------------------+----------------------+-----------------------------------------------------------------------------------------------------------------------------------------------------------------------------------------------------------------------------------------------------------------------------------------------------------------------------------------------------------------------------+
; Name              ; Pin # ; I/O Bank ; X coordinate ; Y coordinate ; Z coordinate ; Combinational Fan-Out ; Registered Fan-Out ; Global ; Input Register ; Output Register ; Output Enable Register ; Slew Rate ; PCI I/O Enabled ; Open Drain ; Bus Hold ; Weak Pull Up ; I/O Standard                    ; Current Strength ; Input Termination                ; Output Termination             ; Termination Control Block                                                                                                                                                          ; Output Buffer Pre-emphasis ; Output Buffer Delay ; Output Buffer Delay Control ; Location assigned by ; Output Enable Source ; Output Enable Group                                                                                                                                                                                                                                                                                                                                                         ;
+-------------------+-------+----------+--------------+--------------+--------------+-----------------------+--------------------+--------+----------------+-----------------+------------------------+-----------+-----------------+------------+----------+--------------+---------------------------------+------------------+----------------------------------+--------------------------------+------------------------------------------------------------------------------------------------------------------------------------------------------------------------------------+----------------------------+---------------------+-----------------------------+----------------------+----------------------+-----------------------------------------------------------------------------------------------------------------------------------------------------------------------------------------------------------------------------------------------------------------------------------------------------------------------------------------------------------------------------+
; HPS_DDR3_DQS_N[0] ; R16   ; 6A       ; 89           ; 65           ; 20           ; 0                     ; 0                  ; no     ; no             ; yes             ; yes                    ; 1         ; no              ; no         ; no       ; Off          ; Differential 1.5-V SSTL Class I ; Default          ; Parallel 50 Ohm with Calibration ; Series 50 Ohm with Calibration ; scilab_adc2:u_system|scilab_adc2_hps_0:hps_0|scilab_adc2_hps_0_hps_io:hps_io|scilab_adc2_hps_0_hps_io_border:border|hps_sdram:hps_sdram_inst|altera_mem_if_oct_cyclonev:oct|sd1a_0 ; no                         ; 0                   ; Off                         ; User                 ; 0 pF                 ; scilab_adc2:u_system|scilab_adc2_hps_0:hps_0|scilab_adc2_hps_0_hps_io:hps_io|scilab_adc2_hps_0_hps_io_border:border|hps_sdram:hps_sdram_inst|hps_sdram_p0:p0|hps_sdram_p0_acv_hard_memphy:umemphy|hps_sdram_p0_acv_hard_io_pads:uio_pads|hps_sdram_p0_altdqdqs:dq_ddio[0].ubidir_dq_dqs|altdq_dqs2_acv_connect_to_hard_phy_cyclonev:altdq_dqs2_inst|diff_oe_bar             ;
; HPS_DDR3_DQS_N[1] ; R18   ; 6A       ; 89           ; 58           ; 20           ; 0                     ; 0                  ; no     ; no             ; yes             ; yes                    ; 1         ; no              ; no         ; no       ; Off          ; Differential 1.5-V SSTL Class I ; Default          ; Parallel 50 Ohm with Calibration ; Series 50 Ohm with Calibration ; scilab_adc2:u_system|scilab_adc2_hps_0:hps_0|scilab_adc2_hps_0_hps_io:hps_io|scilab_adc2_hps_0_hps_io_border:border|hps_sdram:hps_sdram_inst|altera_mem_if_oct_cyclonev:oct|sd1a_0 ; no                         ; 0                   ; Off                         ; User                 ; 0 pF                 ; scilab_adc2:u_system|scilab_adc2_hps_0:hps_0|scilab_adc2_hps_0_hps_io:hps_io|scilab_adc2_hps_0_hps_io_border:border|hps_sdram:hps_sdram_inst|hps_sdram_p0:p0|hps_sdram_p0_acv_hard_memphy:umemphy|hps_sdram_p0_acv_hard_io_pads:uio_pads|hps_sdram_p0_altdqdqs:dq_ddio[1].ubidir_dq_dqs|altdq_dqs2_acv_connect_to_hard_phy_cyclonev:altdq_dqs2_inst|diff_oe_bar             ;
; HPS_DDR3_DQS_N[2] ; T18   ; 6B       ; 89           ; 51           ; 20           ; 0                     ; 0                  ; no     ; no             ; yes             ; yes                    ; 1         ; no              ; no         ; no       ; Off          ; Differential 1.5-V SSTL Class I ; Default          ; Parallel 50 Ohm with Calibration ; Series 50 Ohm with Calibration ; scilab_adc2:u_system|scilab_adc2_hps_0:hps_0|scilab_adc2_hps_0_hps_io:hps_io|scilab_adc2_hps_0_hps_io_border:border|hps_sdram:hps_sdram_inst|altera_mem_if_oct_cyclonev:oct|sd1a_0 ; no                         ; 0                   ; Off                         ; User                 ; 0 pF                 ; scilab_adc2:u_system|scilab_adc2_hps_0:hps_0|scilab_adc2_hps_0_hps_io:hps_io|scilab_adc2_hps_0_hps_io_border:border|hps_sdram:hps_sdram_inst|hps_sdram_p0:p0|hps_sdram_p0_acv_hard_memphy:umemphy|hps_sdram_p0_acv_hard_io_pads:uio_pads|hps_sdram_p0_altdqdqs:dq_ddio[2].ubidir_dq_dqs|altdq_dqs2_acv_connect_to_hard_phy_cyclonev:altdq_dqs2_inst|diff_oe_bar             ;
; HPS_DDR3_DQS_N[3] ; T20   ; 6B       ; 89           ; 44           ; 20           ; 0                     ; 0                  ; no     ; no             ; yes             ; yes                    ; 1         ; no              ; no         ; no       ; Off          ; Differential 1.5-V SSTL Class I ; Default          ; Parallel 50 Ohm with Calibration ; Series 50 Ohm with Calibration ; scilab_adc2:u_system|scilab_adc2_hps_0:hps_0|scilab_adc2_hps_0_hps_io:hps_io|scilab_adc2_hps_0_hps_io_border:border|hps_sdram:hps_sdram_inst|altera_mem_if_oct_cyclonev:oct|sd1a_0 ; no                         ; 0                   ; Off                         ; User                 ; 0 pF                 ; scilab_adc2:u_system|scilab_adc2_hps_0:hps_0|scilab_adc2_hps_0_hps_io:hps_io|scilab_adc2_hps_0_hps_io_border:border|hps_sdram:hps_sdram_inst|hps_sdram_p0:p0|hps_sdram_p0_acv_hard_memphy:umemphy|hps_sdram_p0_acv_hard_io_pads:uio_pads|hps_sdram_p0_altdqdqs:dq_ddio[3].ubidir_dq_dqs|altdq_dqs2_acv_connect_to_hard_phy_cyclonev:altdq_dqs2_inst|diff_oe_bar             ;
; HPS_DDR3_DQS_P[0] ; R17   ; 6A       ; 89           ; 65           ; 3            ; 17                    ; 0                  ; no     ; no             ; yes             ; yes                    ; 1         ; no              ; no         ; no       ; Off          ; Differential 1.5-V SSTL Class I ; Default          ; Parallel 50 Ohm with Calibration ; Series 50 Ohm with Calibration ; scilab_adc2:u_system|scilab_adc2_hps_0:hps_0|scilab_adc2_hps_0_hps_io:hps_io|scilab_adc2_hps_0_hps_io_border:border|hps_sdram:hps_sdram_inst|altera_mem_if_oct_cyclonev:oct|sd1a_0 ; no                         ; 0                   ; Off                         ; User                 ; 0 pF                 ; scilab_adc2:u_system|scilab_adc2_hps_0:hps_0|scilab_adc2_hps_0_hps_io:hps_io|scilab_adc2_hps_0_hps_io_border:border|hps_sdram:hps_sdram_inst|hps_sdram_p0:p0|hps_sdram_p0_acv_hard_memphy:umemphy|hps_sdram_p0_acv_hard_io_pads:uio_pads|hps_sdram_p0_altdqdqs:dq_ddio[0].ubidir_dq_dqs|altdq_dqs2_acv_connect_to_hard_phy_cyclonev:altdq_dqs2_inst|diff_oe                 ;
; HPS_DDR3_DQS_P[1] ; R19   ; 6A       ; 89           ; 58           ; 3            ; 17                    ; 0                  ; no     ; no             ; yes             ; yes                    ; 1         ; no              ; no         ; no       ; Off          ; Differential 1.5-V SSTL Class I ; Default          ; Parallel 50 Ohm with Calibration ; Series 50 Ohm with Calibration ; scilab_adc2:u_system|scilab_adc2_hps_0:hps_0|scilab_adc2_hps_0_hps_io:hps_io|scilab_adc2_hps_0_hps_io_border:border|hps_sdram:hps_sdram_inst|altera_mem_if_oct_cyclonev:oct|sd1a_0 ; no                         ; 0                   ; Off                         ; User                 ; 0 pF                 ; scilab_adc2:u_system|scilab_adc2_hps_0:hps_0|scilab_adc2_hps_0_hps_io:hps_io|scilab_adc2_hps_0_hps_io_border:border|hps_sdram:hps_sdram_inst|hps_sdram_p0:p0|hps_sdram_p0_acv_hard_memphy:umemphy|hps_sdram_p0_acv_hard_io_pads:uio_pads|hps_sdram_p0_altdqdqs:dq_ddio[1].ubidir_dq_dqs|altdq_dqs2_acv_connect_to_hard_phy_cyclonev:altdq_dqs2_inst|diff_oe                 ;
; HPS_DDR3_DQS_P[2] ; T19   ; 6B       ; 89           ; 51           ; 3            ; 17                    ; 0                  ; no     ; no             ; yes             ; yes                    ; 1         ; no              ; no         ; no       ; Off          ; Differential 1.5-V SSTL Class I ; Default          ; Parallel 50 Ohm with Calibration ; Series 50 Ohm with Calibration ; scilab_adc2:u_system|scilab_adc2_hps_0:hps_0|scilab_adc2_hps_0_hps_io:hps_io|scilab_adc2_hps_0_hps_io_border:border|hps_sdram:hps_sdram_inst|altera_mem_if_oct_cyclonev:oct|sd1a_0 ; no                         ; 0                   ; Off                         ; User                 ; 0 pF                 ; scilab_adc2:u_system|scilab_adc2_hps_0:hps_0|scilab_adc2_hps_0_hps_io:hps_io|scilab_adc2_hps_0_hps_io_border:border|hps_sdram:hps_sdram_inst|hps_sdram_p0:p0|hps_sdram_p0_acv_hard_memphy:umemphy|hps_sdram_p0_acv_hard_io_pads:uio_pads|hps_sdram_p0_altdqdqs:dq_ddio[2].ubidir_dq_dqs|altdq_dqs2_acv_connect_to_hard_phy_cyclonev:altdq_dqs2_inst|diff_oe                 ;
; HPS_DDR3_DQS_P[3] ; U19   ; 6B       ; 89           ; 44           ; 3            ; 17                    ; 0                  ; no     ; no             ; yes             ; yes                    ; 1         ; no              ; no         ; no       ; Off          ; Differential 1.5-V SSTL Class I ; Default          ; Parallel 50 Ohm with Calibration ; Series 50 Ohm with Calibration ; scilab_adc2:u_system|scilab_adc2_hps_0:hps_0|scilab_adc2_hps_0_hps_io:hps_io|scilab_adc2_hps_0_hps_io_border:border|hps_sdram:hps_sdram_inst|altera_mem_if_oct_cyclonev:oct|sd1a_0 ; no                         ; 0                   ; Off                         ; User                 ; 0 pF                 ; scilab_adc2:u_system|scilab_adc2_hps_0:hps_0|scilab_adc2_hps_0_hps_io:hps_io|scilab_adc2_hps_0_hps_io_border:border|hps_sdram:hps_sdram_inst|hps_sdram_p0:p0|hps_sdram_p0_acv_hard_memphy:umemphy|hps_sdram_p0_acv_hard_io_pads:uio_pads|hps_sdram_p0_altdqdqs:dq_ddio[3].ubidir_dq_dqs|altdq_dqs2_acv_connect_to_hard_phy_cyclonev:altdq_dqs2_inst|diff_oe                 ;
; HPS_DDR3_DQ[0]    ; J25   ; 6A       ; 89           ; 66           ; 20           ; 0                     ; 2                  ; no     ; yes            ; yes             ; yes                    ; 1         ; no              ; no         ; no       ; Off          ; SSTL-15 Class I                 ; Default          ; Parallel 50 Ohm with Calibration ; Series 50 Ohm with Calibration ; scilab_adc2:u_system|scilab_adc2_hps_0:hps_0|scilab_adc2_hps_0_hps_io:hps_io|scilab_adc2_hps_0_hps_io_border:border|hps_sdram:hps_sdram_inst|altera_mem_if_oct_cyclonev:oct|sd1a_0 ; no                         ; 0                   ; Off                         ; User                 ; 0 pF                 ; scilab_adc2:u_system|scilab_adc2_hps_0:hps_0|scilab_adc2_hps_0_hps_io:hps_io|scilab_adc2_hps_0_hps_io_border:border|hps_sdram:hps_sdram_inst|hps_sdram_p0:p0|hps_sdram_p0_acv_hard_memphy:umemphy|hps_sdram_p0_acv_hard_io_pads:uio_pads|hps_sdram_p0_altdqdqs:dq_ddio[0].ubidir_dq_dqs|altdq_dqs2_acv_connect_to_hard_phy_cyclonev:altdq_dqs2_inst|pad_gen[0].delayed_oe_1 ;
; HPS_DDR3_DQ[10]   ; J27   ; 6A       ; 89           ; 59           ; 37           ; 0                     ; 2                  ; no     ; yes            ; yes             ; yes                    ; 1         ; no              ; no         ; no       ; Off          ; SSTL-15 Class I                 ; Default          ; Parallel 50 Ohm with Calibration ; Series 50 Ohm with Calibration ; scilab_adc2:u_system|scilab_adc2_hps_0:hps_0|scilab_adc2_hps_0_hps_io:hps_io|scilab_adc2_hps_0_hps_io_border:border|hps_sdram:hps_sdram_inst|altera_mem_if_oct_cyclonev:oct|sd1a_0 ; no                         ; 0                   ; Off                         ; User                 ; 0 pF                 ; scilab_adc2:u_system|scilab_adc2_hps_0:hps_0|scilab_adc2_hps_0_hps_io:hps_io|scilab_adc2_hps_0_hps_io_border:border|hps_sdram:hps_sdram_inst|hps_sdram_p0:p0|hps_sdram_p0_acv_hard_memphy:umemphy|hps_sdram_p0_acv_hard_io_pads:uio_pads|hps_sdram_p0_altdqdqs:dq_ddio[1].ubidir_dq_dqs|altdq_dqs2_acv_connect_to_hard_phy_cyclonev:altdq_dqs2_inst|pad_gen[2].delayed_oe_1 ;
; HPS_DDR3_DQ[11]   ; J28   ; 6A       ; 89           ; 58           ; 54           ; 0                     ; 2                  ; no     ; yes            ; yes             ; yes                    ; 1         ; no              ; no         ; no       ; Off          ; SSTL-15 Class I                 ; Default          ; Parallel 50 Ohm with Calibration ; Series 50 Ohm with Calibration ; scilab_adc2:u_system|scilab_adc2_hps_0:hps_0|scilab_adc2_hps_0_hps_io:hps_io|scilab_adc2_hps_0_hps_io_border:border|hps_sdram:hps_sdram_inst|altera_mem_if_oct_cyclonev:oct|sd1a_0 ; no                         ; 0                   ; Off                         ; User                 ; 0 pF                 ; scilab_adc2:u_system|scilab_adc2_hps_0:hps_0|scilab_adc2_hps_0_hps_io:hps_io|scilab_adc2_hps_0_hps_io_border:border|hps_sdram:hps_sdram_inst|hps_sdram_p0:p0|hps_sdram_p0_acv_hard_memphy:umemphy|hps_sdram_p0_acv_hard_io_pads:uio_pads|hps_sdram_p0_altdqdqs:dq_ddio[1].ubidir_dq_dqs|altdq_dqs2_acv_connect_to_hard_phy_cyclonev:altdq_dqs2_inst|pad_gen[3].delayed_oe_1 ;
; HPS_DDR3_DQ[12]   ; M27   ; 6A       ; 89           ; 57           ; 20           ; 0                     ; 2                  ; no     ; yes            ; yes             ; yes                    ; 1         ; no              ; no         ; no       ; Off          ; SSTL-15 Class I                 ; Default          ; Parallel 50 Ohm with Calibration ; Series 50 Ohm with Calibration ; scilab_adc2:u_system|scilab_adc2_hps_0:hps_0|scilab_adc2_hps_0_hps_io:hps_io|scilab_adc2_hps_0_hps_io_border:border|hps_sdram:hps_sdram_inst|altera_mem_if_oct_cyclonev:oct|sd1a_0 ; no                         ; 0                   ; Off                         ; User                 ; 0 pF                 ; scilab_adc2:u_system|scilab_adc2_hps_0:hps_0|scilab_adc2_hps_0_hps_io:hps_io|scilab_adc2_hps_0_hps_io_border:border|hps_sdram:hps_sdram_inst|hps_sdram_p0:p0|hps_sdram_p0_acv_hard_memphy:umemphy|hps_sdram_p0_acv_hard_io_pads:uio_pads|hps_sdram_p0_altdqdqs:dq_ddio[1].ubidir_dq_dqs|altdq_dqs2_acv_connect_to_hard_phy_cyclonev:altdq_dqs2_inst|pad_gen[4].delayed_oe_1 ;
; HPS_DDR3_DQ[13]   ; M26   ; 6A       ; 89           ; 57           ; 3            ; 0                     ; 2                  ; no     ; yes            ; yes             ; yes                    ; 1         ; no              ; no         ; no       ; Off          ; SSTL-15 Class I                 ; Default          ; Parallel 50 Ohm with Calibration ; Series 50 Ohm with Calibration ; scilab_adc2:u_system|scilab_adc2_hps_0:hps_0|scilab_adc2_hps_0_hps_io:hps_io|scilab_adc2_hps_0_hps_io_border:border|hps_sdram:hps_sdram_inst|altera_mem_if_oct_cyclonev:oct|sd1a_0 ; no                         ; 0                   ; Off                         ; User                 ; 0 pF                 ; scilab_adc2:u_system|scilab_adc2_hps_0:hps_0|scilab_adc2_hps_0_hps_io:hps_io|scilab_adc2_hps_0_hps_io_border:border|hps_sdram:hps_sdram_inst|hps_sdram_p0:p0|hps_sdram_p0_acv_hard_memphy:umemphy|hps_sdram_p0_acv_hard_io_pads:uio_pads|hps_sdram_p0_altdqdqs:dq_ddio[1].ubidir_dq_dqs|altdq_dqs2_acv_connect_to_hard_phy_cyclonev:altdq_dqs2_inst|pad_gen[5].delayed_oe_1 ;
; HPS_DDR3_DQ[14]   ; M28   ; 6A       ; 89           ; 57           ; 37           ; 0                     ; 2                  ; no     ; yes            ; yes             ; yes                    ; 1         ; no              ; no         ; no       ; Off          ; SSTL-15 Class I                 ; Default          ; Parallel 50 Ohm with Calibration ; Series 50 Ohm with Calibration ; scilab_adc2:u_system|scilab_adc2_hps_0:hps_0|scilab_adc2_hps_0_hps_io:hps_io|scilab_adc2_hps_0_hps_io_border:border|hps_sdram:hps_sdram_inst|altera_mem_if_oct_cyclonev:oct|sd1a_0 ; no                         ; 0                   ; Off                         ; User                 ; 0 pF                 ; scilab_adc2:u_system|scilab_adc2_hps_0:hps_0|scilab_adc2_hps_0_hps_io:hps_io|scilab_adc2_hps_0_hps_io_border:border|hps_sdram:hps_sdram_inst|hps_sdram_p0:p0|hps_sdram_p0_acv_hard_memphy:umemphy|hps_sdram_p0_acv_hard_io_pads:uio_pads|hps_sdram_p0_altdqdqs:dq_ddio[1].ubidir_dq_dqs|altdq_dqs2_acv_connect_to_hard_phy_cyclonev:altdq_dqs2_inst|pad_gen[6].delayed_oe_1 ;
; HPS_DDR3_DQ[15]   ; N28   ; 6A       ; 89           ; 56           ; 94           ; 0                     ; 2                  ; no     ; yes            ; yes             ; yes                    ; 1         ; no              ; no         ; no       ; Off          ; SSTL-15 Class I                 ; Default          ; Parallel 50 Ohm with Calibration ; Series 50 Ohm with Calibration ; scilab_adc2:u_system|scilab_adc2_hps_0:hps_0|scilab_adc2_hps_0_hps_io:hps_io|scilab_adc2_hps_0_hps_io_border:border|hps_sdram:hps_sdram_inst|altera_mem_if_oct_cyclonev:oct|sd1a_0 ; no                         ; 0                   ; Off                         ; User                 ; 0 pF                 ; scilab_adc2:u_system|scilab_adc2_hps_0:hps_0|scilab_adc2_hps_0_hps_io:hps_io|scilab_adc2_hps_0_hps_io_border:border|hps_sdram:hps_sdram_inst|hps_sdram_p0:p0|hps_sdram_p0_acv_hard_memphy:umemphy|hps_sdram_p0_acv_hard_io_pads:uio_pads|hps_sdram_p0_altdqdqs:dq_ddio[1].ubidir_dq_dqs|altdq_dqs2_acv_connect_to_hard_phy_cyclonev:altdq_dqs2_inst|pad_gen[7].delayed_oe_1 ;
; HPS_DDR3_DQ[16]   ; N24   ; 6B       ; 89           ; 52           ; 20           ; 0                     ; 2                  ; no     ; yes            ; yes             ; yes                    ; 1         ; no              ; no         ; no       ; Off          ; SSTL-15 Class I                 ; Default          ; Parallel 50 Ohm with Calibration ; Series 50 Ohm with Calibration ; scilab_adc2:u_system|scilab_adc2_hps_0:hps_0|scilab_adc2_hps_0_hps_io:hps_io|scilab_adc2_hps_0_hps_io_border:border|hps_sdram:hps_sdram_inst|altera_mem_if_oct_cyclonev:oct|sd1a_0 ; no                         ; 0                   ; Off                         ; User                 ; 0 pF                 ; scilab_adc2:u_system|scilab_adc2_hps_0:hps_0|scilab_adc2_hps_0_hps_io:hps_io|scilab_adc2_hps_0_hps_io_border:border|hps_sdram:hps_sdram_inst|hps_sdram_p0:p0|hps_sdram_p0_acv_hard_memphy:umemphy|hps_sdram_p0_acv_hard_io_pads:uio_pads|hps_sdram_p0_altdqdqs:dq_ddio[2].ubidir_dq_dqs|altdq_dqs2_acv_connect_to_hard_phy_cyclonev:altdq_dqs2_inst|pad_gen[0].delayed_oe_1 ;
; HPS_DDR3_DQ[17]   ; N25   ; 6B       ; 89           ; 52           ; 3            ; 0                     ; 2                  ; no     ; yes            ; yes             ; yes                    ; 1         ; no              ; no         ; no       ; Off          ; SSTL-15 Class I                 ; Default          ; Parallel 50 Ohm with Calibration ; Series 50 Ohm with Calibration ; scilab_adc2:u_system|scilab_adc2_hps_0:hps_0|scilab_adc2_hps_0_hps_io:hps_io|scilab_adc2_hps_0_hps_io_border:border|hps_sdram:hps_sdram_inst|altera_mem_if_oct_cyclonev:oct|sd1a_0 ; no                         ; 0                   ; Off                         ; User                 ; 0 pF                 ; scilab_adc2:u_system|scilab_adc2_hps_0:hps_0|scilab_adc2_hps_0_hps_io:hps_io|scilab_adc2_hps_0_hps_io_border:border|hps_sdram:hps_sdram_inst|hps_sdram_p0:p0|hps_sdram_p0_acv_hard_memphy:umemphy|hps_sdram_p0_acv_hard_io_pads:uio_pads|hps_sdram_p0_altdqdqs:dq_ddio[2].ubidir_dq_dqs|altdq_dqs2_acv_connect_to_hard_phy_cyclonev:altdq_dqs2_inst|pad_gen[1].delayed_oe_1 ;
; HPS_DDR3_DQ[18]   ; T28   ; 6B       ; 89           ; 52           ; 37           ; 0                     ; 2                  ; no     ; yes            ; yes             ; yes                    ; 1         ; no              ; no         ; no       ; Off          ; SSTL-15 Class I                 ; Default          ; Parallel 50 Ohm with Calibration ; Series 50 Ohm with Calibration ; scilab_adc2:u_system|scilab_adc2_hps_0:hps_0|scilab_adc2_hps_0_hps_io:hps_io|scilab_adc2_hps_0_hps_io_border:border|hps_sdram:hps_sdram_inst|altera_mem_if_oct_cyclonev:oct|sd1a_0 ; no                         ; 0                   ; Off                         ; User                 ; 0 pF                 ; scilab_adc2:u_system|scilab_adc2_hps_0:hps_0|scilab_adc2_hps_0_hps_io:hps_io|scilab_adc2_hps_0_hps_io_border:border|hps_sdram:hps_sdram_inst|hps_sdram_p0:p0|hps_sdram_p0_acv_hard_memphy:umemphy|hps_sdram_p0_acv_hard_io_pads:uio_pads|hps_sdram_p0_altdqdqs:dq_ddio[2].ubidir_dq_dqs|altdq_dqs2_acv_connect_to_hard_phy_cyclonev:altdq_dqs2_inst|pad_gen[2].delayed_oe_1 ;
; HPS_DDR3_DQ[19]   ; U28   ; 6B       ; 89           ; 51           ; 54           ; 0                     ; 2                  ; no     ; yes            ; yes             ; yes                    ; 1         ; no              ; no         ; no       ; Off          ; SSTL-15 Class I                 ; Default          ; Parallel 50 Ohm with Calibration ; Series 50 Ohm with Calibration ; scilab_adc2:u_system|scilab_adc2_hps_0:hps_0|scilab_adc2_hps_0_hps_io:hps_io|scilab_adc2_hps_0_hps_io_border:border|hps_sdram:hps_sdram_inst|altera_mem_if_oct_cyclonev:oct|sd1a_0 ; no                         ; 0                   ; Off                         ; User                 ; 0 pF                 ; scilab_adc2:u_system|scilab_adc2_hps_0:hps_0|scilab_adc2_hps_0_hps_io:hps_io|scilab_adc2_hps_0_hps_io_border:border|hps_sdram:hps_sdram_inst|hps_sdram_p0:p0|hps_sdram_p0_acv_hard_memphy:umemphy|hps_sdram_p0_acv_hard_io_pads:uio_pads|hps_sdram_p0_altdqdqs:dq_ddio[2].ubidir_dq_dqs|altdq_dqs2_acv_connect_to_hard_phy_cyclonev:altdq_dqs2_inst|pad_gen[3].delayed_oe_1 ;
; HPS_DDR3_DQ[1]    ; J24   ; 6A       ; 89           ; 66           ; 3            ; 0                     ; 2                  ; no     ; yes            ; yes             ; yes                    ; 1         ; no              ; no         ; no       ; Off          ; SSTL-15 Class I                 ; Default          ; Parallel 50 Ohm with Calibration ; Series 50 Ohm with Calibration ; scilab_adc2:u_system|scilab_adc2_hps_0:hps_0|scilab_adc2_hps_0_hps_io:hps_io|scilab_adc2_hps_0_hps_io_border:border|hps_sdram:hps_sdram_inst|altera_mem_if_oct_cyclonev:oct|sd1a_0 ; no                         ; 0                   ; Off                         ; User                 ; 0 pF                 ; scilab_adc2:u_system|scilab_adc2_hps_0:hps_0|scilab_adc2_hps_0_hps_io:hps_io|scilab_adc2_hps_0_hps_io_border:border|hps_sdram:hps_sdram_inst|hps_sdram_p0:p0|hps_sdram_p0_acv_hard_memphy:umemphy|hps_sdram_p0_acv_hard_io_pads:uio_pads|hps_sdram_p0_altdqdqs:dq_ddio[0].ubidir_dq_dqs|altdq_dqs2_acv_connect_to_hard_phy_cyclonev:altdq_dqs2_inst|pad_gen[1].delayed_oe_1 ;
; HPS_DDR3_DQ[20]   ; N26   ; 6B       ; 89           ; 50           ; 20           ; 0                     ; 2                  ; no     ; yes            ; yes             ; yes                    ; 1         ; no              ; no         ; no       ; Off          ; SSTL-15 Class I                 ; Default          ; Parallel 50 Ohm with Calibration ; Series 50 Ohm with Calibration ; scilab_adc2:u_system|scilab_adc2_hps_0:hps_0|scilab_adc2_hps_0_hps_io:hps_io|scilab_adc2_hps_0_hps_io_border:border|hps_sdram:hps_sdram_inst|altera_mem_if_oct_cyclonev:oct|sd1a_0 ; no                         ; 0                   ; Off                         ; User                 ; 0 pF                 ; scilab_adc2:u_system|scilab_adc2_hps_0:hps_0|scilab_adc2_hps_0_hps_io:hps_io|scilab_adc2_hps_0_hps_io_border:border|hps_sdram:hps_sdram_inst|hps_sdram_p0:p0|hps_sdram_p0_acv_hard_memphy:umemphy|hps_sdram_p0_acv_hard_io_pads:uio_pads|hps_sdram_p0_altdqdqs:dq_ddio[2].ubidir_dq_dqs|altdq_dqs2_acv_connect_to_hard_phy_cyclonev:altdq_dqs2_inst|pad_gen[4].delayed_oe_1 ;
; HPS_DDR3_DQ[21]   ; N27   ; 6B       ; 89           ; 50           ; 3            ; 0                     ; 2                  ; no     ; yes            ; yes             ; yes                    ; 1         ; no              ; no         ; no       ; Off          ; SSTL-15 Class I                 ; Default          ; Parallel 50 Ohm with Calibration ; Series 50 Ohm with Calibration ; scilab_adc2:u_system|scilab_adc2_hps_0:hps_0|scilab_adc2_hps_0_hps_io:hps_io|scilab_adc2_hps_0_hps_io_border:border|hps_sdram:hps_sdram_inst|altera_mem_if_oct_cyclonev:oct|sd1a_0 ; no                         ; 0                   ; Off                         ; User                 ; 0 pF                 ; scilab_adc2:u_system|scilab_adc2_hps_0:hps_0|scilab_adc2_hps_0_hps_io:hps_io|scilab_adc2_hps_0_hps_io_border:border|hps_sdram:hps_sdram_inst|hps_sdram_p0:p0|hps_sdram_p0_acv_hard_memphy:umemphy|hps_sdram_p0_acv_hard_io_pads:uio_pads|hps_sdram_p0_altdqdqs:dq_ddio[2].ubidir_dq_dqs|altdq_dqs2_acv_connect_to_hard_phy_cyclonev:altdq_dqs2_inst|pad_gen[5].delayed_oe_1 ;
; HPS_DDR3_DQ[22]   ; R27   ; 6B       ; 89           ; 50           ; 37           ; 0                     ; 2                  ; no     ; yes            ; yes             ; yes                    ; 1         ; no              ; no         ; no       ; Off          ; SSTL-15 Class I                 ; Default          ; Parallel 50 Ohm with Calibration ; Series 50 Ohm with Calibration ; scilab_adc2:u_system|scilab_adc2_hps_0:hps_0|scilab_adc2_hps_0_hps_io:hps_io|scilab_adc2_hps_0_hps_io_border:border|hps_sdram:hps_sdram_inst|altera_mem_if_oct_cyclonev:oct|sd1a_0 ; no                         ; 0                   ; Off                         ; User                 ; 0 pF                 ; scilab_adc2:u_system|scilab_adc2_hps_0:hps_0|scilab_adc2_hps_0_hps_io:hps_io|scilab_adc2_hps_0_hps_io_border:border|hps_sdram:hps_sdram_inst|hps_sdram_p0:p0|hps_sdram_p0_acv_hard_memphy:umemphy|hps_sdram_p0_acv_hard_io_pads:uio_pads|hps_sdram_p0_altdqdqs:dq_ddio[2].ubidir_dq_dqs|altdq_dqs2_acv_connect_to_hard_phy_cyclonev:altdq_dqs2_inst|pad_gen[6].delayed_oe_1 ;
; HPS_DDR3_DQ[23]   ; V27   ; 6B       ; 89           ; 49           ; 94           ; 0                     ; 2                  ; no     ; yes            ; yes             ; yes                    ; 1         ; no              ; no         ; no       ; Off          ; SSTL-15 Class I                 ; Default          ; Parallel 50 Ohm with Calibration ; Series 50 Ohm with Calibration ; scilab_adc2:u_system|scilab_adc2_hps_0:hps_0|scilab_adc2_hps_0_hps_io:hps_io|scilab_adc2_hps_0_hps_io_border:border|hps_sdram:hps_sdram_inst|altera_mem_if_oct_cyclonev:oct|sd1a_0 ; no                         ; 0                   ; Off                         ; User                 ; 0 pF                 ; scilab_adc2:u_system|scilab_adc2_hps_0:hps_0|scilab_adc2_hps_0_hps_io:hps_io|scilab_adc2_hps_0_hps_io_border:border|hps_sdram:hps_sdram_inst|hps_sdram_p0:p0|hps_sdram_p0_acv_hard_memphy:umemphy|hps_sdram_p0_acv_hard_io_pads:uio_pads|hps_sdram_p0_altdqdqs:dq_ddio[2].ubidir_dq_dqs|altdq_dqs2_acv_connect_to_hard_phy_cyclonev:altdq_dqs2_inst|pad_gen[7].delayed_oe_1 ;
; HPS_DDR3_DQ[24]   ; R26   ; 6B       ; 89           ; 45           ; 20           ; 0                     ; 2                  ; no     ; yes            ; yes             ; yes                    ; 1         ; no              ; no         ; no       ; Off          ; SSTL-15 Class I                 ; Default          ; Parallel 50 Ohm with Calibration ; Series 50 Ohm with Calibration ; scilab_adc2:u_system|scilab_adc2_hps_0:hps_0|scilab_adc2_hps_0_hps_io:hps_io|scilab_adc2_hps_0_hps_io_border:border|hps_sdram:hps_sdram_inst|altera_mem_if_oct_cyclonev:oct|sd1a_0 ; no                         ; 0                   ; Off                         ; User                 ; 0 pF                 ; scilab_adc2:u_system|scilab_adc2_hps_0:hps_0|scilab_adc2_hps_0_hps_io:hps_io|scilab_adc2_hps_0_hps_io_border:border|hps_sdram:hps_sdram_inst|hps_sdram_p0:p0|hps_sdram_p0_acv_hard_memphy:umemphy|hps_sdram_p0_acv_hard_io_pads:uio_pads|hps_sdram_p0_altdqdqs:dq_ddio[3].ubidir_dq_dqs|altdq_dqs2_acv_connect_to_hard_phy_cyclonev:altdq_dqs2_inst|pad_gen[0].delayed_oe_1 ;
; HPS_DDR3_DQ[25]   ; R25   ; 6B       ; 89           ; 45           ; 3            ; 0                     ; 2                  ; no     ; yes            ; yes             ; yes                    ; 1         ; no              ; no         ; no       ; Off          ; SSTL-15 Class I                 ; Default          ; Parallel 50 Ohm with Calibration ; Series 50 Ohm with Calibration ; scilab_adc2:u_system|scilab_adc2_hps_0:hps_0|scilab_adc2_hps_0_hps_io:hps_io|scilab_adc2_hps_0_hps_io_border:border|hps_sdram:hps_sdram_inst|altera_mem_if_oct_cyclonev:oct|sd1a_0 ; no                         ; 0                   ; Off                         ; User                 ; 0 pF                 ; scilab_adc2:u_system|scilab_adc2_hps_0:hps_0|scilab_adc2_hps_0_hps_io:hps_io|scilab_adc2_hps_0_hps_io_border:border|hps_sdram:hps_sdram_inst|hps_sdram_p0:p0|hps_sdram_p0_acv_hard_memphy:umemphy|hps_sdram_p0_acv_hard_io_pads:uio_pads|hps_sdram_p0_altdqdqs:dq_ddio[3].ubidir_dq_dqs|altdq_dqs2_acv_connect_to_hard_phy_cyclonev:altdq_dqs2_inst|pad_gen[1].delayed_oe_1 ;
; HPS_DDR3_DQ[26]   ; AA28  ; 6B       ; 89           ; 45           ; 37           ; 0                     ; 2                  ; no     ; yes            ; yes             ; yes                    ; 1         ; no              ; no         ; no       ; Off          ; SSTL-15 Class I                 ; Default          ; Parallel 50 Ohm with Calibration ; Series 50 Ohm with Calibration ; scilab_adc2:u_system|scilab_adc2_hps_0:hps_0|scilab_adc2_hps_0_hps_io:hps_io|scilab_adc2_hps_0_hps_io_border:border|hps_sdram:hps_sdram_inst|altera_mem_if_oct_cyclonev:oct|sd1a_0 ; no                         ; 0                   ; Off                         ; User                 ; 0 pF                 ; scilab_adc2:u_system|scilab_adc2_hps_0:hps_0|scilab_adc2_hps_0_hps_io:hps_io|scilab_adc2_hps_0_hps_io_border:border|hps_sdram:hps_sdram_inst|hps_sdram_p0:p0|hps_sdram_p0_acv_hard_memphy:umemphy|hps_sdram_p0_acv_hard_io_pads:uio_pads|hps_sdram_p0_altdqdqs:dq_ddio[3].ubidir_dq_dqs|altdq_dqs2_acv_connect_to_hard_phy_cyclonev:altdq_dqs2_inst|pad_gen[2].delayed_oe_1 ;
; HPS_DDR3_DQ[27]   ; W26   ; 6B       ; 89           ; 44           ; 54           ; 0                     ; 2                  ; no     ; yes            ; yes             ; yes                    ; 1         ; no              ; no         ; no       ; Off          ; SSTL-15 Class I                 ; Default          ; Parallel 50 Ohm with Calibration ; Series 50 Ohm with Calibration ; scilab_adc2:u_system|scilab_adc2_hps_0:hps_0|scilab_adc2_hps_0_hps_io:hps_io|scilab_adc2_hps_0_hps_io_border:border|hps_sdram:hps_sdram_inst|altera_mem_if_oct_cyclonev:oct|sd1a_0 ; no                         ; 0                   ; Off                         ; User                 ; 0 pF                 ; scilab_adc2:u_system|scilab_adc2_hps_0:hps_0|scilab_adc2_hps_0_hps_io:hps_io|scilab_adc2_hps_0_hps_io_border:border|hps_sdram:hps_sdram_inst|hps_sdram_p0:p0|hps_sdram_p0_acv_hard_memphy:umemphy|hps_sdram_p0_acv_hard_io_pads:uio_pads|hps_sdram_p0_altdqdqs:dq_ddio[3].ubidir_dq_dqs|altdq_dqs2_acv_connect_to_hard_phy_cyclonev:altdq_dqs2_inst|pad_gen[3].delayed_oe_1 ;
; HPS_DDR3_DQ[28]   ; R24   ; 6B       ; 89           ; 43           ; 20           ; 0                     ; 2                  ; no     ; yes            ; yes             ; yes                    ; 1         ; no              ; no         ; no       ; Off          ; SSTL-15 Class I                 ; Default          ; Parallel 50 Ohm with Calibration ; Series 50 Ohm with Calibration ; scilab_adc2:u_system|scilab_adc2_hps_0:hps_0|scilab_adc2_hps_0_hps_io:hps_io|scilab_adc2_hps_0_hps_io_border:border|hps_sdram:hps_sdram_inst|altera_mem_if_oct_cyclonev:oct|sd1a_0 ; no                         ; 0                   ; Off                         ; User                 ; 0 pF                 ; scilab_adc2:u_system|scilab_adc2_hps_0:hps_0|scilab_adc2_hps_0_hps_io:hps_io|scilab_adc2_hps_0_hps_io_border:border|hps_sdram:hps_sdram_inst|hps_sdram_p0:p0|hps_sdram_p0_acv_hard_memphy:umemphy|hps_sdram_p0_acv_hard_io_pads:uio_pads|hps_sdram_p0_altdqdqs:dq_ddio[3].ubidir_dq_dqs|altdq_dqs2_acv_connect_to_hard_phy_cyclonev:altdq_dqs2_inst|pad_gen[4].delayed_oe_1 ;
; HPS_DDR3_DQ[29]   ; T24   ; 6B       ; 89           ; 43           ; 3            ; 0                     ; 2                  ; no     ; yes            ; yes             ; yes                    ; 1         ; no              ; no         ; no       ; Off          ; SSTL-15 Class I                 ; Default          ; Parallel 50 Ohm with Calibration ; Series 50 Ohm with Calibration ; scilab_adc2:u_system|scilab_adc2_hps_0:hps_0|scilab_adc2_hps_0_hps_io:hps_io|scilab_adc2_hps_0_hps_io_border:border|hps_sdram:hps_sdram_inst|altera_mem_if_oct_cyclonev:oct|sd1a_0 ; no                         ; 0                   ; Off                         ; User                 ; 0 pF                 ; scilab_adc2:u_system|scilab_adc2_hps_0:hps_0|scilab_adc2_hps_0_hps_io:hps_io|scilab_adc2_hps_0_hps_io_border:border|hps_sdram:hps_sdram_inst|hps_sdram_p0:p0|hps_sdram_p0_acv_hard_memphy:umemphy|hps_sdram_p0_acv_hard_io_pads:uio_pads|hps_sdram_p0_altdqdqs:dq_ddio[3].ubidir_dq_dqs|altdq_dqs2_acv_connect_to_hard_phy_cyclonev:altdq_dqs2_inst|pad_gen[5].delayed_oe_1 ;
; HPS_DDR3_DQ[2]    ; E28   ; 6A       ; 89           ; 66           ; 37           ; 0                     ; 2                  ; no     ; yes            ; yes             ; yes                    ; 1         ; no              ; no         ; no       ; Off          ; SSTL-15 Class I                 ; Default          ; Parallel 50 Ohm with Calibration ; Series 50 Ohm with Calibration ; scilab_adc2:u_system|scilab_adc2_hps_0:hps_0|scilab_adc2_hps_0_hps_io:hps_io|scilab_adc2_hps_0_hps_io_border:border|hps_sdram:hps_sdram_inst|altera_mem_if_oct_cyclonev:oct|sd1a_0 ; no                         ; 0                   ; Off                         ; User                 ; 0 pF                 ; scilab_adc2:u_system|scilab_adc2_hps_0:hps_0|scilab_adc2_hps_0_hps_io:hps_io|scilab_adc2_hps_0_hps_io_border:border|hps_sdram:hps_sdram_inst|hps_sdram_p0:p0|hps_sdram_p0_acv_hard_memphy:umemphy|hps_sdram_p0_acv_hard_io_pads:uio_pads|hps_sdram_p0_altdqdqs:dq_ddio[0].ubidir_dq_dqs|altdq_dqs2_acv_connect_to_hard_phy_cyclonev:altdq_dqs2_inst|pad_gen[2].delayed_oe_1 ;
; HPS_DDR3_DQ[30]   ; Y27   ; 6B       ; 89           ; 43           ; 37           ; 0                     ; 2                  ; no     ; yes            ; yes             ; yes                    ; 1         ; no              ; no         ; no       ; Off          ; SSTL-15 Class I                 ; Default          ; Parallel 50 Ohm with Calibration ; Series 50 Ohm with Calibration ; scilab_adc2:u_system|scilab_adc2_hps_0:hps_0|scilab_adc2_hps_0_hps_io:hps_io|scilab_adc2_hps_0_hps_io_border:border|hps_sdram:hps_sdram_inst|altera_mem_if_oct_cyclonev:oct|sd1a_0 ; no                         ; 0                   ; Off                         ; User                 ; 0 pF                 ; scilab_adc2:u_system|scilab_adc2_hps_0:hps_0|scilab_adc2_hps_0_hps_io:hps_io|scilab_adc2_hps_0_hps_io_border:border|hps_sdram:hps_sdram_inst|hps_sdram_p0:p0|hps_sdram_p0_acv_hard_memphy:umemphy|hps_sdram_p0_acv_hard_io_pads:uio_pads|hps_sdram_p0_altdqdqs:dq_ddio[3].ubidir_dq_dqs|altdq_dqs2_acv_connect_to_hard_phy_cyclonev:altdq_dqs2_inst|pad_gen[6].delayed_oe_1 ;
; HPS_DDR3_DQ[31]   ; AA27  ; 6B       ; 89           ; 42           ; 94           ; 0                     ; 2                  ; no     ; yes            ; yes             ; yes                    ; 1         ; no              ; no         ; no       ; Off          ; SSTL-15 Class I                 ; Default          ; Parallel 50 Ohm with Calibration ; Series 50 Ohm with Calibration ; scilab_adc2:u_system|scilab_adc2_hps_0:hps_0|scilab_adc2_hps_0_hps_io:hps_io|scilab_adc2_hps_0_hps_io_border:border|hps_sdram:hps_sdram_inst|altera_mem_if_oct_cyclonev:oct|sd1a_0 ; no                         ; 0                   ; Off                         ; User                 ; 0 pF                 ; scilab_adc2:u_system|scilab_adc2_hps_0:hps_0|scilab_adc2_hps_0_hps_io:hps_io|scilab_adc2_hps_0_hps_io_border:border|hps_sdram:hps_sdram_inst|hps_sdram_p0:p0|hps_sdram_p0_acv_hard_memphy:umemphy|hps_sdram_p0_acv_hard_io_pads:uio_pads|hps_sdram_p0_altdqdqs:dq_ddio[3].ubidir_dq_dqs|altdq_dqs2_acv_connect_to_hard_phy_cyclonev:altdq_dqs2_inst|pad_gen[7].delayed_oe_1 ;
; HPS_DDR3_DQ[3]    ; D27   ; 6A       ; 89           ; 65           ; 54           ; 0                     ; 2                  ; no     ; yes            ; yes             ; yes                    ; 1         ; no              ; no         ; no       ; Off          ; SSTL-15 Class I                 ; Default          ; Parallel 50 Ohm with Calibration ; Series 50 Ohm with Calibration ; scilab_adc2:u_system|scilab_adc2_hps_0:hps_0|scilab_adc2_hps_0_hps_io:hps_io|scilab_adc2_hps_0_hps_io_border:border|hps_sdram:hps_sdram_inst|altera_mem_if_oct_cyclonev:oct|sd1a_0 ; no                         ; 0                   ; Off                         ; User                 ; 0 pF                 ; scilab_adc2:u_system|scilab_adc2_hps_0:hps_0|scilab_adc2_hps_0_hps_io:hps_io|scilab_adc2_hps_0_hps_io_border:border|hps_sdram:hps_sdram_inst|hps_sdram_p0:p0|hps_sdram_p0_acv_hard_memphy:umemphy|hps_sdram_p0_acv_hard_io_pads:uio_pads|hps_sdram_p0_altdqdqs:dq_ddio[0].ubidir_dq_dqs|altdq_dqs2_acv_connect_to_hard_phy_cyclonev:altdq_dqs2_inst|pad_gen[3].delayed_oe_1 ;
; HPS_DDR3_DQ[4]    ; J26   ; 6A       ; 89           ; 64           ; 20           ; 0                     ; 2                  ; no     ; yes            ; yes             ; yes                    ; 1         ; no              ; no         ; no       ; Off          ; SSTL-15 Class I                 ; Default          ; Parallel 50 Ohm with Calibration ; Series 50 Ohm with Calibration ; scilab_adc2:u_system|scilab_adc2_hps_0:hps_0|scilab_adc2_hps_0_hps_io:hps_io|scilab_adc2_hps_0_hps_io_border:border|hps_sdram:hps_sdram_inst|altera_mem_if_oct_cyclonev:oct|sd1a_0 ; no                         ; 0                   ; Off                         ; User                 ; 0 pF                 ; scilab_adc2:u_system|scilab_adc2_hps_0:hps_0|scilab_adc2_hps_0_hps_io:hps_io|scilab_adc2_hps_0_hps_io_border:border|hps_sdram:hps_sdram_inst|hps_sdram_p0:p0|hps_sdram_p0_acv_hard_memphy:umemphy|hps_sdram_p0_acv_hard_io_pads:uio_pads|hps_sdram_p0_altdqdqs:dq_ddio[0].ubidir_dq_dqs|altdq_dqs2_acv_connect_to_hard_phy_cyclonev:altdq_dqs2_inst|pad_gen[4].delayed_oe_1 ;
; HPS_DDR3_DQ[5]    ; K26   ; 6A       ; 89           ; 64           ; 3            ; 0                     ; 2                  ; no     ; yes            ; yes             ; yes                    ; 1         ; no              ; no         ; no       ; Off          ; SSTL-15 Class I                 ; Default          ; Parallel 50 Ohm with Calibration ; Series 50 Ohm with Calibration ; scilab_adc2:u_system|scilab_adc2_hps_0:hps_0|scilab_adc2_hps_0_hps_io:hps_io|scilab_adc2_hps_0_hps_io_border:border|hps_sdram:hps_sdram_inst|altera_mem_if_oct_cyclonev:oct|sd1a_0 ; no                         ; 0                   ; Off                         ; User                 ; 0 pF                 ; scilab_adc2:u_system|scilab_adc2_hps_0:hps_0|scilab_adc2_hps_0_hps_io:hps_io|scilab_adc2_hps_0_hps_io_border:border|hps_sdram:hps_sdram_inst|hps_sdram_p0:p0|hps_sdram_p0_acv_hard_memphy:umemphy|hps_sdram_p0_acv_hard_io_pads:uio_pads|hps_sdram_p0_altdqdqs:dq_ddio[0].ubidir_dq_dqs|altdq_dqs2_acv_connect_to_hard_phy_cyclonev:altdq_dqs2_inst|pad_gen[5].delayed_oe_1 ;
; HPS_DDR3_DQ[6]    ; G27   ; 6A       ; 89           ; 64           ; 37           ; 0                     ; 2                  ; no     ; yes            ; yes             ; yes                    ; 1         ; no              ; no         ; no       ; Off          ; SSTL-15 Class I                 ; Default          ; Parallel 50 Ohm with Calibration ; Series 50 Ohm with Calibration ; scilab_adc2:u_system|scilab_adc2_hps_0:hps_0|scilab_adc2_hps_0_hps_io:hps_io|scilab_adc2_hps_0_hps_io_border:border|hps_sdram:hps_sdram_inst|altera_mem_if_oct_cyclonev:oct|sd1a_0 ; no                         ; 0                   ; Off                         ; User                 ; 0 pF                 ; scilab_adc2:u_system|scilab_adc2_hps_0:hps_0|scilab_adc2_hps_0_hps_io:hps_io|scilab_adc2_hps_0_hps_io_border:border|hps_sdram:hps_sdram_inst|hps_sdram_p0:p0|hps_sdram_p0_acv_hard_memphy:umemphy|hps_sdram_p0_acv_hard_io_pads:uio_pads|hps_sdram_p0_altdqdqs:dq_ddio[0].ubidir_dq_dqs|altdq_dqs2_acv_connect_to_hard_phy_cyclonev:altdq_dqs2_inst|pad_gen[6].delayed_oe_1 ;
; HPS_DDR3_DQ[7]    ; F28   ; 6A       ; 89           ; 63           ; 94           ; 0                     ; 2                  ; no     ; yes            ; yes             ; yes                    ; 1         ; no              ; no         ; no       ; Off          ; SSTL-15 Class I                 ; Default          ; Parallel 50 Ohm with Calibration ; Series 50 Ohm with Calibration ; scilab_adc2:u_system|scilab_adc2_hps_0:hps_0|scilab_adc2_hps_0_hps_io:hps_io|scilab_adc2_hps_0_hps_io_border:border|hps_sdram:hps_sdram_inst|altera_mem_if_oct_cyclonev:oct|sd1a_0 ; no                         ; 0                   ; Off                         ; User                 ; 0 pF                 ; scilab_adc2:u_system|scilab_adc2_hps_0:hps_0|scilab_adc2_hps_0_hps_io:hps_io|scilab_adc2_hps_0_hps_io_border:border|hps_sdram:hps_sdram_inst|hps_sdram_p0:p0|hps_sdram_p0_acv_hard_memphy:umemphy|hps_sdram_p0_acv_hard_io_pads:uio_pads|hps_sdram_p0_altdqdqs:dq_ddio[0].ubidir_dq_dqs|altdq_dqs2_acv_connect_to_hard_phy_cyclonev:altdq_dqs2_inst|pad_gen[7].delayed_oe_1 ;
; HPS_DDR3_DQ[8]    ; K25   ; 6A       ; 89           ; 59           ; 20           ; 0                     ; 2                  ; no     ; yes            ; yes             ; yes                    ; 1         ; no              ; no         ; no       ; Off          ; SSTL-15 Class I                 ; Default          ; Parallel 50 Ohm with Calibration ; Series 50 Ohm with Calibration ; scilab_adc2:u_system|scilab_adc2_hps_0:hps_0|scilab_adc2_hps_0_hps_io:hps_io|scilab_adc2_hps_0_hps_io_border:border|hps_sdram:hps_sdram_inst|altera_mem_if_oct_cyclonev:oct|sd1a_0 ; no                         ; 0                   ; Off                         ; User                 ; 0 pF                 ; scilab_adc2:u_system|scilab_adc2_hps_0:hps_0|scilab_adc2_hps_0_hps_io:hps_io|scilab_adc2_hps_0_hps_io_border:border|hps_sdram:hps_sdram_inst|hps_sdram_p0:p0|hps_sdram_p0_acv_hard_memphy:umemphy|hps_sdram_p0_acv_hard_io_pads:uio_pads|hps_sdram_p0_altdqdqs:dq_ddio[1].ubidir_dq_dqs|altdq_dqs2_acv_connect_to_hard_phy_cyclonev:altdq_dqs2_inst|pad_gen[0].delayed_oe_1 ;
; HPS_DDR3_DQ[9]    ; L25   ; 6A       ; 89           ; 59           ; 3            ; 0                     ; 2                  ; no     ; yes            ; yes             ; yes                    ; 1         ; no              ; no         ; no       ; Off          ; SSTL-15 Class I                 ; Default          ; Parallel 50 Ohm with Calibration ; Series 50 Ohm with Calibration ; scilab_adc2:u_system|scilab_adc2_hps_0:hps_0|scilab_adc2_hps_0_hps_io:hps_io|scilab_adc2_hps_0_hps_io_border:border|hps_sdram:hps_sdram_inst|altera_mem_if_oct_cyclonev:oct|sd1a_0 ; no                         ; 0                   ; Off                         ; User                 ; 0 pF                 ; scilab_adc2:u_system|scilab_adc2_hps_0:hps_0|scilab_adc2_hps_0_hps_io:hps_io|scilab_adc2_hps_0_hps_io_border:border|hps_sdram:hps_sdram_inst|hps_sdram_p0:p0|hps_sdram_p0_acv_hard_memphy:umemphy|hps_sdram_p0_acv_hard_io_pads:uio_pads|hps_sdram_p0_altdqdqs:dq_ddio[1].ubidir_dq_dqs|altdq_dqs2_acv_connect_to_hard_phy_cyclonev:altdq_dqs2_inst|pad_gen[1].delayed_oe_1 ;
+-------------------+-------+----------+--------------+--------------+--------------+-----------------------+--------------------+--------+----------------+-----------------+------------------------+-----------+-----------------+------------+----------+--------------+---------------------------------+------------------+----------------------------------+--------------------------------+------------------------------------------------------------------------------------------------------------------------------------------------------------------------------------+----------------------------+---------------------+-----------------------------+----------------------+----------------------+-----------------------------------------------------------------------------------------------------------------------------------------------------------------------------------------------------------------------------------------------------------------------------------------------------------------------------------------------------------------------------+


+----------------------------------------------------------------------------+
; I/O Bank Usage                                                             ;
+----------+------------------+---------------+--------------+---------------+
; I/O Bank ; Usage            ; VCCIO Voltage ; VREF Voltage ; VCCPD Voltage ;
+----------+------------------+---------------+--------------+---------------+
; B2L      ; 0 / 0 ( -- )     ; --            ; --           ; --            ;
; B1L      ; 0 / 0 ( -- )     ; --            ; --           ; --            ;
; 3A       ; 4 / 16 ( 25 % )  ; 3.3V          ; --           ; 3.3V          ;
; 3B       ; 1 / 32 ( 3 % )   ; 3.3V          ; --           ; 3.3V          ;
; 4A       ; 0 / 68 ( 0 % )   ; 3.3V          ; --           ; 3.3V          ;
; 5A       ; 0 / 16 ( 0 % )   ; 2.5V          ; --           ; 2.5V          ;
; 5B       ; 0 / 7 ( 0 % )    ; 2.5V          ; --           ; 2.5V          ;
; 6B       ; 23 / 44 ( 52 % ) ; 1.5V          ; 0.75V        ; 2.5V          ;
; 6A       ; 48 / 56 ( 86 % ) ; 1.5V          ; 0.75V        ; 2.5V          ;
; 7A       ; 0 / 19 ( 0 % )   ; 2.5V          ; --           ; 2.5V          ;
; 7B       ; 0 / 22 ( 0 % )   ; 2.5V          ; --           ; 2.5V          ;
; 7C       ; 0 / 12 ( 0 % )   ; 2.5V          ; --           ; 2.5V          ;
; 7D       ; 0 / 14 ( 0 % )   ; 2.5V          ; --           ; 2.5V          ;
; 8A       ; 0 / 6 ( 0 % )    ; 2.5V          ; --           ; 2.5V          ;
+----------+------------------+---------------+--------------+---------------+


+------------------------------------------------------------------------------------------------------------------------------------------------------------------------------------------------------+
; All Package Pins                                                                                                                                                                                     ;
+----------+------------+----------------+---------------------------------+--------+---------------------------------+---------------------+--------------+-----------------+----------+--------------+
; Location ; Pad Number ; I/O Bank       ; Pin Name/Usage                  ; Dir.   ; I/O Standard                    ; Voltage             ; I/O Type     ; User Assignment ; Bus Hold ; Weak Pull Up ;
+----------+------------+----------------+---------------------------------+--------+---------------------------------+---------------------+--------------+-----------------+----------+--------------+
; A2       ;            ;                ; DNU                             ;        ;                                 ;                     ; --           ;                 ; --       ; --           ;
; A3       ;            ;                ; GND                             ; gnd    ;                                 ;                     ; --           ;                 ; --       ; --           ;
; A4       ; 435        ; 7C             ; RESERVED_INPUT_WITH_WEAK_PULLUP ;        ;                                 ;                     ; Column I/O   ;                 ; no       ; On           ;
; A5       ; 431        ; 7C             ; RESERVED_INPUT_WITH_WEAK_PULLUP ;        ;                                 ;                     ; Column I/O   ;                 ; no       ; On           ;
; A6       ; 425        ; 7B             ; RESERVED_INPUT_WITH_WEAK_PULLUP ;        ;                                 ;                     ; Column I/O   ;                 ; no       ; On           ;
; A7       ; 423        ; 7B             ; RESERVED_INPUT_WITH_WEAK_PULLUP ;        ;                                 ;                     ; Column I/O   ;                 ; no       ; On           ;
; A8       ; 421        ; 7B             ; RESERVED_INPUT_WITH_WEAK_PULLUP ;        ;                                 ;                     ; Column I/O   ;                 ; no       ; On           ;
; A9       ; 419        ; 7B             ; RESERVED_INPUT_WITH_WEAK_PULLUP ;        ;                                 ;                     ; Column I/O   ;                 ; no       ; On           ;
; A10      ;            ;                ; GND                             ; gnd    ;                                 ;                     ; --           ;                 ; --       ; --           ;
; A11      ; 417        ; 7B             ; RESERVED_INPUT_WITH_WEAK_PULLUP ;        ;                                 ;                     ; Column I/O   ;                 ; no       ; On           ;
; A12      ; 415        ; 7B             ; RESERVED_INPUT_WITH_WEAK_PULLUP ;        ;                                 ;                     ; Column I/O   ;                 ; no       ; On           ;
; A13      ; 413        ; 7B             ; RESERVED_INPUT_WITH_WEAK_PULLUP ;        ;                                 ;                     ; Column I/O   ;                 ; no       ; On           ;
; A14      ; 411        ; 7B             ; RESERVED_INPUT_WITH_WEAK_PULLUP ;        ;                                 ;                     ; Column I/O   ;                 ; no       ; On           ;
; A15      ; 409        ; 7B             ; RESERVED_INPUT_WITH_WEAK_PULLUP ;        ;                                 ;                     ; Column I/O   ;                 ; no       ; On           ;
; A16      ; 407        ; 7B             ; RESERVED_INPUT_WITH_WEAK_PULLUP ;        ;                                 ;                     ; Column I/O   ;                 ; no       ; On           ;
; A17      ; 399        ; 7A             ; RESERVED_INPUT_WITH_WEAK_PULLUP ;        ;                                 ;                     ; Column I/O   ;                 ; no       ; On           ;
; A18      ; 395        ; 7A             ; RESERVED_INPUT_WITH_WEAK_PULLUP ;        ;                                 ;                     ; Column I/O   ;                 ; no       ; On           ;
; A19      ; 393        ; 7A             ; RESERVED_INPUT_WITH_WEAK_PULLUP ;        ;                                 ;                     ; Column I/O   ;                 ; no       ; On           ;
; A20      ; 391        ; 7A             ; RESERVED_INPUT_WITH_WEAK_PULLUP ;        ;                                 ;                     ; Column I/O   ;                 ; no       ; On           ;
; A21      ; 389        ; 7A             ; RESERVED_INPUT_WITH_WEAK_PULLUP ;        ;                                 ;                     ; Column I/O   ;                 ; no       ; On           ;
; A22      ; 387        ; 7A             ; RESERVED_INPUT_WITH_WEAK_PULLUP ;        ;                                 ;                     ; Column I/O   ;                 ; no       ; On           ;
; A23      ; 374        ; 7A             ; ^HPS_nRST                       ;        ;                                 ;                     ; --           ;                 ; --       ; --           ;
; A24      ; 361        ; 6A             ; HPS_DDR3_ADDR[10]               ; output ; SSTL-15 Class I                 ;                     ; Row I/O      ; Y               ; no       ; Off          ;
; A25      ; 359        ; 6A             ; HPS_DDR3_RAS_N                  ; output ; SSTL-15 Class I                 ;                     ; Row I/O      ; Y               ; no       ; Off          ;
; A26      ; 357        ; 6A             ; HPS_DDR3_CAS_N                  ; output ; SSTL-15 Class I                 ;                     ; Row I/O      ; Y               ; no       ; Off          ;
; A27      ; 353        ; 6A             ; HPS_DDR3_BA[0]                  ; output ; SSTL-15 Class I                 ;                     ; Row I/O      ; Y               ; no       ; Off          ;
; AA1      ;            ;                ; GND                             ; gnd    ;                                 ;                     ; --           ;                 ; --       ; --           ;
; AA2      ;            ;                ; GND                             ; gnd    ;                                 ;                     ; --           ;                 ; --       ; --           ;
; AA3      ;            ;                ; GND                             ; gnd    ;                                 ;                     ; --           ;                 ; --       ; --           ;
; AA4      ; 59         ; 3A             ; RESERVED_INPUT_WITH_WEAK_PULLUP ;        ;                                 ;                     ; Column I/O   ;                 ; no       ; On           ;
; AA5      ;            ; 3A             ; VCCIO3A                         ; power  ;                                 ; 3.3V                ; --           ;                 ; --       ; --           ;
; AA6      ; 43         ; 3A             ; ^nCSO, DATA4                    ;        ;                                 ;                     ; Weak Pull Up ;                 ; --       ; On           ;
; AA8      ; 50         ; 3A             ; ^DCLK                           ;        ;                                 ;                     ; Weak Pull Up ;                 ; --       ; On           ;
; AA9      ;            ;                ; GND                             ; gnd    ;                                 ;                     ; --           ;                 ; --       ; --           ;
; AA10     ;            ; 3A             ; VCCPD3A                         ; power  ;                                 ; 3.3V                ; --           ;                 ; --       ; --           ;
; AA11     ; 64         ; 3A             ; RESERVED_INPUT_WITH_WEAK_PULLUP ;        ;                                 ;                     ; Column I/O   ;                 ; no       ; On           ;
; AA12     ;            ; 3B             ; VCCIO3B                         ; power  ;                                 ; 3.3V                ; --           ;                 ; --       ; --           ;
; AA13     ; 144        ; 4A             ; RESERVED_INPUT_WITH_WEAK_PULLUP ;        ;                                 ;                     ; Column I/O   ;                 ; no       ; On           ;
; AA14     ;            ; 3B, 4A         ; VCCPD3B4A                       ; power  ;                                 ; 3.3V                ; --           ;                 ; --       ; --           ;
; AA15     ; 160        ; 4A             ; RESERVED_INPUT_WITH_WEAK_PULLUP ;        ;                                 ;                     ; Column I/O   ;                 ; no       ; On           ;
; AA16     ;            ; 4A             ; VCCIO4A                         ; power  ;                                 ; 3.3V                ; --           ;                 ; --       ; --           ;
; AA17     ;            ;                ; GND                             ; gnd    ;                                 ;                     ; --           ;                 ; --       ; --           ;
; AA18     ; 168        ; 4A             ; RESERVED_INPUT_WITH_WEAK_PULLUP ;        ;                                 ;                     ; Column I/O   ;                 ; no       ; On           ;
; AA19     ; 170        ; 4A             ; RESERVED_INPUT_WITH_WEAK_PULLUP ;        ;                                 ;                     ; Column I/O   ;                 ; no       ; On           ;
; AA20     ; 213        ; 5A             ; RESERVED_INPUT_WITH_WEAK_PULLUP ;        ;                                 ;                     ; Row I/O      ;                 ; no       ; On           ;
; AA21     ;            ; --             ; VCCA_FPLL                       ; power  ;                                 ; 2.5V                ; --           ;                 ; --       ; --           ;
; AA23     ; 226        ; 5A             ; RESERVED_INPUT_WITH_WEAK_PULLUP ;        ;                                 ;                     ; Row I/O      ;                 ; no       ; On           ;
; AA24     ; 224        ; 5A             ; RESERVED_INPUT_WITH_WEAK_PULLUP ;        ;                                 ;                     ; Row I/O      ;                 ; no       ; On           ;
; AA25     ;            ; 5B             ; VREFB5BN0                       ; power  ;                                 ;                     ; --           ;                 ; --       ; --           ;
; AA26     ; 255        ; 5B             ; RESERVED_INPUT_WITH_WEAK_PULLUP ;        ;                                 ;                     ; Row I/O      ;                 ; no       ; On           ;
; AA27     ; 279        ; 6B             ; HPS_DDR3_DQ[31]                 ; bidir  ; SSTL-15 Class I                 ;                     ; Row I/O      ; Y               ; no       ; Off          ;
; AA28     ; 289        ; 6B             ; HPS_DDR3_DQ[26]                 ; bidir  ; SSTL-15 Class I                 ;                     ; Row I/O      ; Y               ; no       ; Off          ;
; AB1      ;            ;                ; GND                             ; gnd    ;                                 ;                     ; --           ;                 ; --       ; --           ;
; AB2      ;            ;                ; GND                             ; gnd    ;                                 ;                     ; --           ;                 ; --       ; --           ;
; AB3      ;            ;                ; GND                             ; gnd    ;                                 ;                     ; --           ;                 ; --       ; --           ;
; AB4      ; 57         ; 3A             ; RESERVED_INPUT_WITH_WEAK_PULLUP ;        ;                                 ;                     ; Column I/O   ;                 ; no       ; On           ;
; AB5      ; 46         ; 3A             ; #TCK                            ; input  ;                                 ;                     ; --           ;                 ; --       ; --           ;
; AB6      ; 45         ; 3A             ; ^AS_DATA3, DATA3                ;        ;                                 ;                     ; Weak Pull Up ;                 ; --       ; On           ;
; AB23     ; 222        ; 5A             ; RESERVED_INPUT_WITH_WEAK_PULLUP ;        ;                                 ;                     ; Row I/O      ;                 ; no       ; On           ;
; AB24     ;            ;                ; GND                             ; gnd    ;                                 ;                     ; --           ;                 ; --       ; --           ;
; AB25     ; 259        ; 5B             ; RESERVED_INPUT_WITH_WEAK_PULLUP ;        ;                                 ;                     ; Row I/O      ;                 ; no       ; On           ;
; AB26     ; 253        ; 5B             ; RESERVED_INPUT_WITH_WEAK_PULLUP ;        ;                                 ;                     ; Row I/O      ;                 ; no       ; On           ;
; AB27     ;            ;                ; GND                             ; gnd    ;                                 ;                     ; --           ;                 ; --       ; --           ;
; AB28     ; 277        ; 6B             ; HPS_DDR3_DM[3]                  ; output ; SSTL-15 Class I                 ;                     ; Row I/O      ; Y               ; no       ; Off          ;
; AC1      ;            ;                ; GND                             ; gnd    ;                                 ;                     ; --           ;                 ; --       ; --           ;
; AC2      ;            ;                ; GND                             ; gnd    ;                                 ;                     ; --           ;                 ; --       ; --           ;
; AC3      ;            ;                ; GND                             ; gnd    ;                                 ;                     ; --           ;                 ; --       ; --           ;
; AC4      ; 63         ; 3A             ; ADC_SDI                         ; output ; 3.3-V LVTTL                     ;                     ; Column I/O   ; Y               ; no       ; Off          ;
; AC5      ; 47         ; 3A             ; ^AS_DATA2, DATA2                ;        ;                                 ;                     ; Weak Pull Up ;                 ; --       ; On           ;
; AC6      ; 49         ; 3A             ; ^AS_DATA1, DATA1                ;        ;                                 ;                     ; Weak Pull Up ;                 ; --       ; On           ;
; AC7      ; 44         ; 3A             ; #TMS                            ; input  ;                                 ;                     ; --           ;                 ; --       ; --           ;
; AC8      ;            ; --             ; VCC_AUX                         ; power  ;                                 ; 2.5V                ; --           ;                 ; --       ; --           ;
; AC21     ;            ; --             ; VCC_AUX                         ; power  ;                                 ; 2.5V                ; --           ;                 ; --       ; --           ;
; AC22     ; 202        ; 4A             ; RESERVED_INPUT_WITH_WEAK_PULLUP ;        ;                                 ;                     ; Column I/O   ;                 ; no       ; On           ;
; AC23     ; 200        ; 4A             ; RESERVED_INPUT_WITH_WEAK_PULLUP ;        ;                                 ;                     ; Column I/O   ;                 ; no       ; On           ;
; AC24     ; 220        ; 5A             ; RESERVED_INPUT_WITH_WEAK_PULLUP ;        ;                                 ;                     ; Row I/O      ;                 ; no       ; On           ;
; AC25     ;            ; 5A             ; VCCIO5A                         ; power  ;                                 ; 2.5V                ; --           ;                 ; --       ; --           ;
; AC26     ;            ; 5A             ; VREFB5AN0                       ; power  ;                                 ;                     ; --           ;                 ; --       ; --           ;
; AC27     ; 275        ; 6B             ; RESERVED_INPUT_WITH_WEAK_PULLUP ;        ;                                 ;                     ; Row I/O      ;                 ; no       ; On           ;
; AC28     ; 273        ; 6B             ; RESERVED_INPUT_WITH_WEAK_PULLUP ;        ;                                 ;                     ; Row I/O      ;                 ; no       ; On           ;
; AD1      ;            ;                ; DNU                             ;        ;                                 ;                     ; --           ;                 ; --       ; --           ;
; AD2      ;            ;                ; DNU                             ;        ;                                 ;                     ; --           ;                 ; --       ; --           ;
; AD3      ;            ;                ; GND                             ; gnd    ;                                 ;                     ; --           ;                 ; --       ; --           ;
; AD4      ; 61         ; 3A             ; ADC_SDO                         ; input  ; 3.3-V LVTTL                     ;                     ; Column I/O   ; Y               ; no       ; Off          ;
; AD5      ; 67         ; 3A             ; RESERVED_INPUT_WITH_WEAK_PULLUP ;        ;                                 ;                     ; Column I/O   ;                 ; no       ; On           ;
; AD6      ;            ;                ; GND                             ; gnd    ;                                 ;                     ; --           ;                 ; --       ; --           ;
; AD7      ; 51         ; 3A             ; ^AS_DATA0, ASDO, DATA0          ;        ;                                 ;                     ; Weak Pull Up ;                 ; --       ; On           ;
; AD8      ;            ;                ; GND                             ; gnd    ;                                 ;                     ; --           ;                 ; --       ; --           ;
; AD9      ;            ; 3B, 4A         ; VCCPD3B4A                       ; power  ;                                 ; 3.3V                ; --           ;                 ; --       ; --           ;
; AD10     ; 103        ; 3B             ; RESERVED_INPUT_WITH_WEAK_PULLUP ;        ;                                 ;                     ; Column I/O   ;                 ; no       ; On           ;
; AD11     ; 111        ; 3B             ; RESERVED_INPUT_WITH_WEAK_PULLUP ;        ;                                 ;                     ; Column I/O   ;                 ; no       ; On           ;
; AD12     ; 125        ; 3B             ; RESERVED_INPUT_WITH_WEAK_PULLUP ;        ;                                 ;                     ; Column I/O   ;                 ; no       ; On           ;
; AD13     ;            ; 3B, 4A         ; VCCPD3B4A                       ; power  ;                                 ; 3.3V                ; --           ;                 ; --       ; --           ;
; AD14     ;            ;                ; GND                             ; gnd    ;                                 ;                     ; --           ;                 ; --       ; --           ;
; AD15     ;            ; --             ; VCC_AUX                         ; power  ;                                 ; 2.5V                ; --           ;                 ; --       ; --           ;
; AD16     ;            ; 3B, 4A         ; VCCPD3B4A                       ; power  ;                                 ; 3.3V                ; --           ;                 ; --       ; --           ;
; AD17     ; 159        ; 4A             ; RESERVED_INPUT_WITH_WEAK_PULLUP ;        ;                                 ;                     ; Column I/O   ;                 ; no       ; On           ;
; AD18     ;            ; 3B, 4A         ; VCCPD3B4A                       ; power  ;                                 ; 3.3V                ; --           ;                 ; --       ; --           ;
; AD19     ; 165        ; 4A             ; RESERVED_INPUT_WITH_WEAK_PULLUP ;        ;                                 ;                     ; Column I/O   ;                 ; no       ; On           ;
; AD20     ; 173        ; 4A             ; RESERVED_INPUT_WITH_WEAK_PULLUP ;        ;                                 ;                     ; Column I/O   ;                 ; no       ; On           ;
; AD21     ;            ; 3B, 4A         ; VCCPD3B4A                       ; power  ;                                 ; 3.3V                ; --           ;                 ; --       ; --           ;
; AD22     ;            ;                ; GND                             ; gnd    ;                                 ;                     ; --           ;                 ; --       ; --           ;
; AD23     ; 186        ; 4A             ; RESERVED_INPUT_WITH_WEAK_PULLUP ;        ;                                 ;                     ; Column I/O   ;                 ; no       ; On           ;
; AD24     ;            ; --             ; VCCPGM                          ; power  ;                                 ; 1.8V/2.5V/3.0V/3.3V ; --           ;                 ; --       ; --           ;
; AD25     ;            ;                ; GND                             ; gnd    ;                                 ;                     ; --           ;                 ; --       ; --           ;
; AD26     ; 218        ; 5A             ; RESERVED_INPUT_WITH_WEAK_PULLUP ;        ;                                 ;                     ; Row I/O      ;                 ; no       ; On           ;
; AD27     ;            ; 6B             ; VCCIO6B_HPS                     ; power  ;                                 ; 1.5V                ; --           ;                 ; --       ; --           ;
; AD28     ; 263        ; 6B             ; RESERVED_INPUT_WITH_WEAK_PULLUP ;        ;                                 ;                     ; Row I/O      ;                 ; no       ; On           ;
; AE1      ;            ;                ; GND                             ; gnd    ;                                 ;                     ; --           ;                 ; --       ; --           ;
; AE2      ;            ;                ; GND                             ; gnd    ;                                 ;                     ; --           ;                 ; --       ; --           ;
; AE3      ;            ;                ; GND                             ; gnd    ;                                 ;                     ; --           ;                 ; --       ; --           ;
; AE4      ; 102        ; 3B             ; RESERVED_INPUT_WITH_WEAK_PULLUP ;        ;                                 ;                     ; Column I/O   ;                 ; no       ; On           ;
; AE5      ;            ; 3A             ; VREFB3AN0                       ; power  ;                                 ;                     ; --           ;                 ; --       ; --           ;
; AE6      ; 65         ; 3A             ; RESERVED_INPUT_WITH_WEAK_PULLUP ;        ;                                 ;                     ; Column I/O   ;                 ; no       ; On           ;
; AE7      ; 107        ; 3B             ; RESERVED_INPUT_WITH_WEAK_PULLUP ;        ;                                 ;                     ; Column I/O   ;                 ; no       ; On           ;
; AE8      ; 110        ; 3B             ; RESERVED_INPUT_WITH_WEAK_PULLUP ;        ;                                 ;                     ; Column I/O   ;                 ; no       ; On           ;
; AE9      ; 101        ; 3B             ; RESERVED_INPUT_WITH_WEAK_PULLUP ;        ;                                 ;                     ; Column I/O   ;                 ; no       ; On           ;
; AE10     ;            ; 3B             ; VCCIO3B                         ; power  ;                                 ; 3.3V                ; --           ;                 ; --       ; --           ;
; AE11     ; 109        ; 3B             ; RESERVED_INPUT_WITH_WEAK_PULLUP ;        ;                                 ;                     ; Column I/O   ;                 ; no       ; On           ;
; AE12     ; 127        ; 3B             ; RESERVED_INPUT_WITH_WEAK_PULLUP ;        ;                                 ;                     ; Column I/O   ;                 ; no       ; On           ;
; AE13     ;            ; 3B             ; VCCIO3B                         ; power  ;                                 ; 3.3V                ; --           ;                 ; --       ; --           ;
; AE14     ;            ;                ; DNU                             ;        ;                                 ;                     ; --           ;                 ; --       ; --           ;
; AE15     ; 141        ; 4A             ; RESERVED_INPUT_WITH_WEAK_PULLUP ;        ;                                 ;                     ; Column I/O   ;                 ; no       ; On           ;
; AE16     ;            ;                ; GND                             ; gnd    ;                                 ;                     ; --           ;                 ; --       ; --           ;
; AE17     ; 157        ; 4A             ; RESERVED_INPUT_WITH_WEAK_PULLUP ;        ;                                 ;                     ; Column I/O   ;                 ; no       ; On           ;
; AE18     ;            ;                ; GND                             ; gnd    ;                                 ;                     ; --           ;                 ; --       ; --           ;
; AE19     ; 167        ; 4A             ; RESERVED_INPUT_WITH_WEAK_PULLUP ;        ;                                 ;                     ; Column I/O   ;                 ; no       ; On           ;
; AE20     ; 175        ; 4A             ; RESERVED_INPUT_WITH_WEAK_PULLUP ;        ;                                 ;                     ; Column I/O   ;                 ; no       ; On           ;
; AE21     ;            ; 4A             ; VCCIO4A                         ; power  ;                                 ; 3.3V                ; --           ;                 ; --       ; --           ;
; AE22     ; 184        ; 4A             ; RESERVED_INPUT_WITH_WEAK_PULLUP ;        ;                                 ;                     ; Column I/O   ;                 ; no       ; On           ;
; AE23     ; 197        ; 4A             ; RESERVED_INPUT_WITH_WEAK_PULLUP ;        ;                                 ;                     ; Column I/O   ;                 ; no       ; On           ;
; AE24     ; 199        ; 4A             ; RESERVED_INPUT_WITH_WEAK_PULLUP ;        ;                                 ;                     ; Column I/O   ;                 ; no       ; On           ;
; AE25     ; 216        ; 5A             ; RESERVED_INPUT_WITH_WEAK_PULLUP ;        ;                                 ;                     ; Row I/O      ;                 ; no       ; On           ;
; AE26     ; 214        ; 5A             ; RESERVED_INPUT_WITH_WEAK_PULLUP ;        ;                                 ;                     ; Row I/O      ;                 ; no       ; On           ;
; AE27     ; 265        ; 6B             ; RESERVED_INPUT_WITH_WEAK_PULLUP ;        ;                                 ;                     ; Row I/O      ;                 ; no       ; On           ;
; AE28     ; 261        ; 6B             ; RESERVED_INPUT_WITH_WEAK_PULLUP ;        ;                                 ;                     ; Row I/O      ;                 ; no       ; On           ;
; AF1      ;            ;                ; GND                             ; gnd    ;                                 ;                     ; --           ;                 ; --       ; --           ;
; AF2      ;            ;                ; GND                             ; gnd    ;                                 ;                     ; --           ;                 ; --       ; --           ;
; AF3      ;            ;                ; GND                             ; gnd    ;                                 ;                     ; --           ;                 ; --       ; --           ;
; AF4      ; 100        ; 3B             ; RESERVED_INPUT_WITH_WEAK_PULLUP ;        ;                                 ;                     ; Column I/O   ;                 ; no       ; On           ;
; AF5      ; 115        ; 3B             ; RESERVED_INPUT_WITH_WEAK_PULLUP ;        ;                                 ;                     ; Column I/O   ;                 ; no       ; On           ;
; AF6      ; 113        ; 3B             ; RESERVED_INPUT_WITH_WEAK_PULLUP ;        ;                                 ;                     ; Column I/O   ;                 ; no       ; On           ;
; AF7      ; 118        ; 3B             ; RESERVED_INPUT_WITH_WEAK_PULLUP ;        ;                                 ;                     ; Column I/O   ;                 ; no       ; On           ;
; AF8      ; 105        ; 3B             ; RESERVED_INPUT_WITH_WEAK_PULLUP ;        ;                                 ;                     ; Column I/O   ;                 ; no       ; On           ;
; AF9      ; 108        ; 3B             ; RESERVED_INPUT_WITH_WEAK_PULLUP ;        ;                                 ;                     ; Column I/O   ;                 ; no       ; On           ;
; AF10     ; 117        ; 3B             ; RESERVED_INPUT_WITH_WEAK_PULLUP ;        ;                                 ;                     ; Column I/O   ;                 ; no       ; On           ;
; AF11     ; 119        ; 3B             ; RESERVED_INPUT_WITH_WEAK_PULLUP ;        ;                                 ;                     ; Column I/O   ;                 ; no       ; On           ;
; AF12     ;            ; 3B             ; VREFB3BN0                       ; power  ;                                 ;                     ; --           ;                 ; --       ; --           ;
; AF13     ; 133        ; 4A             ; RESERVED_INPUT_WITH_WEAK_PULLUP ;        ;                                 ;                     ; Column I/O   ;                 ; no       ; On           ;
; AF14     ;            ; 4A             ; VCCIO4A                         ; power  ;                                 ; 3.3V                ; --           ;                 ; --       ; --           ;
; AF15     ; 143        ; 4A             ; RESERVED_INPUT_WITH_WEAK_PULLUP ;        ;                                 ;                     ; Column I/O   ;                 ; no       ; On           ;
; AF16     ;            ; 4A             ; VREFB4AN0                       ; power  ;                                 ;                     ; --           ;                 ; --       ; --           ;
; AF17     ; 151        ; 4A             ; RESERVED_INPUT_WITH_WEAK_PULLUP ;        ;                                 ;                     ; Column I/O   ;                 ; no       ; On           ;
; AF18     ; 166        ; 4A             ; RESERVED_INPUT_WITH_WEAK_PULLUP ;        ;                                 ;                     ; Column I/O   ;                 ; no       ; On           ;
; AF19     ;            ; 4A             ; VCCIO4A                         ; power  ;                                 ; 3.3V                ; --           ;                 ; --       ; --           ;
; AF20     ; 179        ; 4A             ; RESERVED_INPUT_WITH_WEAK_PULLUP ;        ;                                 ;                     ; Column I/O   ;                 ; no       ; On           ;
; AF21     ; 181        ; 4A             ; RESERVED_INPUT_WITH_WEAK_PULLUP ;        ;                                 ;                     ; Column I/O   ;                 ; no       ; On           ;
; AF22     ; 183        ; 4A             ; RESERVED_INPUT_WITH_WEAK_PULLUP ;        ;                                 ;                     ; Column I/O   ;                 ; no       ; On           ;
; AF23     ; 189        ; 4A             ; RESERVED_INPUT_WITH_WEAK_PULLUP ;        ;                                 ;                     ; Column I/O   ;                 ; no       ; On           ;
; AF24     ;            ;                ; GND                             ; gnd    ;                                 ;                     ; --           ;                 ; --       ; --           ;
; AF25     ; 207        ; 4A             ; RESERVED_INPUT_WITH_WEAK_PULLUP ;        ;                                 ;                     ; Column I/O   ;                 ; no       ; On           ;
; AF26     ; 212        ; 5A             ; RESERVED_INPUT_WITH_WEAK_PULLUP ;        ;                                 ;                     ; Row I/O      ;                 ; no       ; On           ;
; AF27     ; 211        ; 4A             ; RESERVED_INPUT_WITH_WEAK_PULLUP ;        ;                                 ;                     ; Column I/O   ;                 ; no       ; On           ;
; AF28     ; 209        ; 4A             ; RESERVED_INPUT_WITH_WEAK_PULLUP ;        ;                                 ;                     ; Column I/O   ;                 ; no       ; On           ;
; AG1      ;            ;                ; GND                             ; gnd    ;                                 ;                     ; --           ;                 ; --       ; --           ;
; AG2      ;            ;                ; GND                             ; gnd    ;                                 ;                     ; --           ;                 ; --       ; --           ;
; AG3      ;            ;                ; GND                             ; gnd    ;                                 ;                     ; --           ;                 ; --       ; --           ;
; AG4      ;            ; 3B             ; VCCIO3B                         ; power  ;                                 ; 3.3V                ; --           ;                 ; --       ; --           ;
; AG5      ; 126        ; 3B             ; RESERVED_INPUT_WITH_WEAK_PULLUP ;        ;                                 ;                     ; Column I/O   ;                 ; no       ; On           ;
; AG6      ; 116        ; 3B             ; RESERVED_INPUT_WITH_WEAK_PULLUP ;        ;                                 ;                     ; Column I/O   ;                 ; no       ; On           ;
; AG7      ;            ;                ; GND                             ; gnd    ;                                 ;                     ; --           ;                 ; --       ; --           ;
; AG8      ; 134        ; 4A             ; RESERVED_INPUT_WITH_WEAK_PULLUP ;        ;                                 ;                     ; Column I/O   ;                 ; no       ; On           ;
; AG9      ; 139        ; 4A             ; RESERVED_INPUT_WITH_WEAK_PULLUP ;        ;                                 ;                     ; Column I/O   ;                 ; no       ; On           ;
; AG10     ; 142        ; 4A             ; RESERVED_INPUT_WITH_WEAK_PULLUP ;        ;                                 ;                     ; Column I/O   ;                 ; no       ; On           ;
; AG11     ; 147        ; 4A             ; RESERVED_INPUT_WITH_WEAK_PULLUP ;        ;                                 ;                     ; Column I/O   ;                 ; no       ; On           ;
; AG12     ;            ; 4A             ; VCCIO4A                         ; power  ;                                 ; 3.3V                ; --           ;                 ; --       ; --           ;
; AG13     ; 135        ; 4A             ; RESERVED_INPUT_WITH_WEAK_PULLUP ;        ;                                 ;                     ; Column I/O   ;                 ; no       ; On           ;
; AG14     ; 155        ; 4A             ; RESERVED_INPUT_WITH_WEAK_PULLUP ;        ;                                 ;                     ; Column I/O   ;                 ; no       ; On           ;
; AG15     ; 158        ; 4A             ; RESERVED_INPUT_WITH_WEAK_PULLUP ;        ;                                 ;                     ; Column I/O   ;                 ; no       ; On           ;
; AG16     ; 149        ; 4A             ; RESERVED_INPUT_WITH_WEAK_PULLUP ;        ;                                 ;                     ; Column I/O   ;                 ; no       ; On           ;
; AG17     ;            ;                ; GND                             ; gnd    ;                                 ;                     ; --           ;                 ; --       ; --           ;
; AG18     ; 171        ; 4A             ; RESERVED_INPUT_WITH_WEAK_PULLUP ;        ;                                 ;                     ; Column I/O   ;                 ; no       ; On           ;
; AG19     ; 174        ; 4A             ; RESERVED_INPUT_WITH_WEAK_PULLUP ;        ;                                 ;                     ; Column I/O   ;                 ; no       ; On           ;
; AG20     ; 177        ; 4A             ; RESERVED_INPUT_WITH_WEAK_PULLUP ;        ;                                 ;                     ; Column I/O   ;                 ; no       ; On           ;
; AG21     ; 182        ; 4A             ; RESERVED_INPUT_WITH_WEAK_PULLUP ;        ;                                 ;                     ; Column I/O   ;                 ; no       ; On           ;
; AG22     ;            ; 4A             ; VCCIO4A                         ; power  ;                                 ; 3.3V                ; --           ;                 ; --       ; --           ;
; AG23     ; 191        ; 4A             ; RESERVED_INPUT_WITH_WEAK_PULLUP ;        ;                                 ;                     ; Column I/O   ;                 ; no       ; On           ;
; AG24     ; 195        ; 4A             ; RESERVED_INPUT_WITH_WEAK_PULLUP ;        ;                                 ;                     ; Column I/O   ;                 ; no       ; On           ;
; AG25     ; 205        ; 4A             ; RESERVED_INPUT_WITH_WEAK_PULLUP ;        ;                                 ;                     ; Column I/O   ;                 ; no       ; On           ;
; AG26     ; 198        ; 4A             ; RESERVED_INPUT_WITH_WEAK_PULLUP ;        ;                                 ;                     ; Column I/O   ;                 ; no       ; On           ;
; AG27     ;            ;                ; GND                             ; gnd    ;                                 ;                     ; --           ;                 ; --       ; --           ;
; AG28     ; 206        ; 4A             ; RESERVED_INPUT_WITH_WEAK_PULLUP ;        ;                                 ;                     ; Column I/O   ;                 ; no       ; On           ;
; AH2      ; 121        ; 3B             ; RESERVED_INPUT_WITH_WEAK_PULLUP ;        ;                                 ;                     ; Column I/O   ;                 ; no       ; On           ;
; AH3      ; 123        ; 3B             ; RESERVED_INPUT_WITH_WEAK_PULLUP ;        ;                                 ;                     ; Column I/O   ;                 ; no       ; On           ;
; AH4      ; 124        ; 3B             ; RESERVED_INPUT_WITH_WEAK_PULLUP ;        ;                                 ;                     ; Column I/O   ;                 ; no       ; On           ;
; AH5      ; 129        ; 3B             ; RESERVED_INPUT_WITH_WEAK_PULLUP ;        ;                                 ;                     ; Column I/O   ;                 ; no       ; On           ;
; AH6      ; 131        ; 3B             ; RESERVED_INPUT_WITH_WEAK_PULLUP ;        ;                                 ;                     ; Column I/O   ;                 ; no       ; On           ;
; AH7      ; 132        ; 4A             ; RESERVED_INPUT_WITH_WEAK_PULLUP ;        ;                                 ;                     ; Column I/O   ;                 ; no       ; On           ;
; AH8      ; 137        ; 4A             ; RESERVED_INPUT_WITH_WEAK_PULLUP ;        ;                                 ;                     ; Column I/O   ;                 ; no       ; On           ;
; AH9      ; 140        ; 4A             ; RESERVED_INPUT_WITH_WEAK_PULLUP ;        ;                                 ;                     ; Column I/O   ;                 ; no       ; On           ;
; AH10     ;            ;                ; GND                             ; gnd    ;                                 ;                     ; --           ;                 ; --       ; --           ;
; AH11     ; 145        ; 4A             ; RESERVED_INPUT_WITH_WEAK_PULLUP ;        ;                                 ;                     ; Column I/O   ;                 ; no       ; On           ;
; AH12     ; 150        ; 4A             ; RESERVED_INPUT_WITH_WEAK_PULLUP ;        ;                                 ;                     ; Column I/O   ;                 ; no       ; On           ;
; AH13     ; 153        ; 4A             ; RESERVED_INPUT_WITH_WEAK_PULLUP ;        ;                                 ;                     ; Column I/O   ;                 ; no       ; On           ;
; AH14     ; 156        ; 4A             ; RESERVED_INPUT_WITH_WEAK_PULLUP ;        ;                                 ;                     ; Column I/O   ;                 ; no       ; On           ;
; AH15     ;            ; 4A             ; VCCIO4A                         ; power  ;                                 ; 3.3V                ; --           ;                 ; --       ; --           ;
; AH16     ; 161        ; 4A             ; RESERVED_INPUT_WITH_WEAK_PULLUP ;        ;                                 ;                     ; Column I/O   ;                 ; no       ; On           ;
; AH17     ; 163        ; 4A             ; RESERVED_INPUT_WITH_WEAK_PULLUP ;        ;                                 ;                     ; Column I/O   ;                 ; no       ; On           ;
; AH18     ; 169        ; 4A             ; RESERVED_INPUT_WITH_WEAK_PULLUP ;        ;                                 ;                     ; Column I/O   ;                 ; no       ; On           ;
; AH19     ; 172        ; 4A             ; RESERVED_INPUT_WITH_WEAK_PULLUP ;        ;                                 ;                     ; Column I/O   ;                 ; no       ; On           ;
; AH20     ;            ;                ; GND                             ; gnd    ;                                 ;                     ; --           ;                 ; --       ; --           ;
; AH21     ; 185        ; 4A             ; RESERVED_INPUT_WITH_WEAK_PULLUP ;        ;                                 ;                     ; Column I/O   ;                 ; no       ; On           ;
; AH22     ; 188        ; 4A             ; RESERVED_INPUT_WITH_WEAK_PULLUP ;        ;                                 ;                     ; Column I/O   ;                 ; no       ; On           ;
; AH23     ; 190        ; 4A             ; RESERVED_INPUT_WITH_WEAK_PULLUP ;        ;                                 ;                     ; Column I/O   ;                 ; no       ; On           ;
; AH24     ; 193        ; 4A             ; RESERVED_INPUT_WITH_WEAK_PULLUP ;        ;                                 ;                     ; Column I/O   ;                 ; no       ; On           ;
; AH25     ;            ; 4A             ; VCCIO4A                         ; power  ;                                 ; 3.3V                ; --           ;                 ; --       ; --           ;
; AH26     ; 201        ; 4A             ; RESERVED_INPUT_WITH_WEAK_PULLUP ;        ;                                 ;                     ; Column I/O   ;                 ; no       ; On           ;
; AH27     ; 204        ; 4A             ; RESERVED_INPUT_WITH_WEAK_PULLUP ;        ;                                 ;                     ; Column I/O   ;                 ; no       ; On           ;
; B1       ;            ;                ; RREF                            ;        ;                                 ;                     ; --           ;                 ; --       ; --           ;
; B2       ;            ;                ; DNU                             ;        ;                                 ;                     ; --           ;                 ; --       ; --           ;
; B3       ;            ;                ; GND                             ; gnd    ;                                 ;                     ; --           ;                 ; --       ; --           ;
; B4       ; 437        ; 7C             ; RESERVED_INPUT_WITH_WEAK_PULLUP ;        ;                                 ;                     ; Column I/O   ;                 ; no       ; On           ;
; B5       ;            ;                ; GND                             ; gnd    ;                                 ;                     ; --           ;                 ; --       ; --           ;
; B6       ; 433        ; 7C             ; RESERVED_INPUT_WITH_WEAK_PULLUP ;        ;                                 ;                     ; Column I/O   ;                 ; no       ; On           ;
; B7       ;            ;                ; GND                             ; gnd    ;                                 ;                     ; --           ;                 ; --       ; --           ;
; B8       ; 439        ; 7C             ; RESERVED_INPUT_WITH_WEAK_PULLUP ;        ;                                 ;                     ; Column I/O   ;                 ; no       ; On           ;
; B9       ; 441        ; 7C             ; RESERVED_INPUT_WITH_WEAK_PULLUP ;        ;                                 ;                     ; Column I/O   ;                 ; no       ; On           ;
; B10      ;            ; 7C             ; VCCIO7C_HPS                     ; power  ;                                 ; 2.5V                ; --           ;                 ; --       ; --           ;
; B11      ; 440        ; 7C             ; RESERVED_INPUT_WITH_WEAK_PULLUP ;        ;                                 ;                     ; Column I/O   ;                 ; no       ; On           ;
; B12      ; 438        ; 7C             ; RESERVED_INPUT_WITH_WEAK_PULLUP ;        ;                                 ;                     ; Column I/O   ;                 ; no       ; On           ;
; B13      ;            ; 7B             ; VCCIO7B_HPS                     ; power  ;                                 ; 2.5V                ; --           ;                 ; --       ; --           ;
; B14      ; 427        ; 7B             ; RESERVED_INPUT_WITH_WEAK_PULLUP ;        ;                                 ;                     ; Column I/O   ;                 ; no       ; On           ;
; B15      ;            ;                ; GND                             ; gnd    ;                                 ;                     ; --           ;                 ; --       ; --           ;
; B16      ; 402        ; 7A             ; RESERVED_INPUT_WITH_WEAK_PULLUP ;        ;                                 ;                     ; Column I/O   ;                 ; no       ; On           ;
; B17      ;            ;                ; GND                             ; gnd    ;                                 ;                     ; --           ;                 ; --       ; --           ;
; B18      ; 397        ; 7A             ; RESERVED_INPUT_WITH_WEAK_PULLUP ;        ;                                 ;                     ; Column I/O   ;                 ; no       ; On           ;
; B19      ; 403        ; 7A             ; RESERVED_INPUT_WITH_WEAK_PULLUP ;        ;                                 ;                     ; Column I/O   ;                 ; no       ; On           ;
; B20      ;            ;                ; GND                             ; gnd    ;                                 ;                     ; --           ;                 ; --       ; --           ;
; B21      ; 388        ; 7A             ; RESERVED_INPUT_WITH_WEAK_PULLUP ;        ;                                 ;                     ; Column I/O   ;                 ; no       ; On           ;
; B22      ;            ;                ; GND                             ; gnd    ;                                 ;                     ; --           ;                 ; --       ; --           ;
; B23      ; 376        ; 7A             ; ^HPS_TDO                        ;        ;                                 ;                     ; --           ;                 ; --       ; --           ;
; B24      ; 363        ; 6A             ; HPS_DDR3_ADDR[11]               ; output ; SSTL-15 Class I                 ;                     ; Row I/O      ; Y               ; no       ; Off          ;
; B25      ;            ;                ; GND                             ; gnd    ;                                 ;                     ; --           ;                 ; --       ; --           ;
; B26      ; 351        ; 6A             ; HPS_DDR3_ADDR[7]                ; output ; SSTL-15 Class I                 ;                     ; Row I/O      ; Y               ; no       ; Off          ;
; B27      ;            ;                ; GND                             ; gnd    ;                                 ;                     ; --           ;                 ; --       ; --           ;
; B28      ; 343        ; 6A             ; HPS_DDR3_ADDR[1]                ; output ; SSTL-15 Class I                 ;                     ; Row I/O      ; Y               ; no       ; Off          ;
; C1       ;            ;                ; GND                             ; gnd    ;                                 ;                     ; --           ;                 ; --       ; --           ;
; C2       ;            ;                ; GND                             ; gnd    ;                                 ;                     ; --           ;                 ; --       ; --           ;
; C3       ;            ;                ; GND                             ; gnd    ;                                 ;                     ; --           ;                 ; --       ; --           ;
; C4       ; 446        ; 7D             ; RESERVED_INPUT_WITH_WEAK_PULLUP ;        ;                                 ;                     ; Column I/O   ;                 ; no       ; On           ;
; C5       ; 453        ; 7D             ; RESERVED_INPUT_WITH_WEAK_PULLUP ;        ;                                 ;                     ; Column I/O   ;                 ; no       ; On           ;
; C6       ; 451        ; 7D             ; RESERVED_INPUT_WITH_WEAK_PULLUP ;        ;                                 ;                     ; Column I/O   ;                 ; no       ; On           ;
; C7       ; 449        ; 7D             ; RESERVED_INPUT_WITH_WEAK_PULLUP ;        ;                                 ;                     ; Column I/O   ;                 ; no       ; On           ;
; C8       ; 447        ; 7D             ; RESERVED_INPUT_WITH_WEAK_PULLUP ;        ;                                 ;                     ; Column I/O   ;                 ; no       ; On           ;
; C9       ; 445        ; 7D             ; RESERVED_INPUT_WITH_WEAK_PULLUP ;        ;                                 ;                     ; Column I/O   ;                 ; no       ; On           ;
; C10      ; 443        ; 7D             ; RESERVED_INPUT_WITH_WEAK_PULLUP ;        ;                                 ;                     ; Column I/O   ;                 ; no       ; On           ;
; C11      ;            ;                ; GND                             ; gnd    ;                                 ;                     ; --           ;                 ; --       ; --           ;
; C12      ; 460        ; 8A             ; RESERVED_INPUT_WITH_WEAK_PULLUP ;        ;                                 ;                     ; Column I/O   ;                 ; no       ; On           ;
; C13      ; 432        ; 7C             ; RESERVED_INPUT_WITH_WEAK_PULLUP ;        ;                                 ;                     ; Column I/O   ;                 ; no       ; On           ;
; C14      ; 426        ; 7B             ; RESERVED_INPUT_WITH_WEAK_PULLUP ;        ;                                 ;                     ; Column I/O   ;                 ; no       ; On           ;
; C15      ; 418        ; 7B             ; RESERVED_INPUT_WITH_WEAK_PULLUP ;        ;                                 ;                     ; Column I/O   ;                 ; no       ; On           ;
; C16      ; 404        ; 7A             ; RESERVED_INPUT_WITH_WEAK_PULLUP ;        ;                                 ;                     ; Column I/O   ;                 ; no       ; On           ;
; C17      ; 396        ; 7A             ; RESERVED_INPUT_WITH_WEAK_PULLUP ;        ;                                 ;                     ; Column I/O   ;                 ; no       ; On           ;
; C18      ; 394        ; 7A             ; RESERVED_INPUT_WITH_WEAK_PULLUP ;        ;                                 ;                     ; Column I/O   ;                 ; no       ; On           ;
; C19      ; 401        ; 7A             ; RESERVED_INPUT_WITH_WEAK_PULLUP ;        ;                                 ;                     ; Column I/O   ;                 ; no       ; On           ;
; C20      ;            ; 7A             ; VCCIO7A_HPS                     ; power  ;                                 ; 2.5V                ; --           ;                 ; --       ; --           ;
; C21      ; 386        ; 7A             ; RESERVED_INPUT_WITH_WEAK_PULLUP ;        ;                                 ;                     ; Column I/O   ;                 ; no       ; On           ;
; C22      ; 380        ; 7A             ; ^HPS_TRST                       ;        ;                                 ;                     ; --           ;                 ; --       ; --           ;
; C23      ; 378        ; 7A             ; ^HPS_TMS                        ;        ;                                 ;                     ; --           ;                 ; --       ; --           ;
; C24      ; 367        ; 6A             ; HPS_DDR3_ADDR[13]               ; output ; SSTL-15 Class I                 ;                     ; Row I/O      ; Y               ; no       ; Off          ;
; C25      ;            ; 6A             ; VCCIO6A_HPS                     ; power  ;                                 ; 1.5V                ; --           ;                 ; --       ; --           ;
; C26      ; 349        ; 6A             ; HPS_DDR3_ADDR[6]                ; output ; SSTL-15 Class I                 ;                     ; Row I/O      ; Y               ; no       ; Off          ;
; C27      ;            ; 6A             ; VCCIO6A_HPS                     ; power  ;                                 ; 1.5V                ; --           ;                 ; --       ; --           ;
; C28      ; 341        ; 6A             ; HPS_DDR3_ADDR[0]                ; output ; SSTL-15 Class I                 ;                     ; Row I/O      ; Y               ; no       ; Off          ;
; D1       ;            ;                ; DNU                             ;        ;                                 ;                     ; --           ;                 ; --       ; --           ;
; D2       ;            ;                ; DNU                             ;        ;                                 ;                     ; --           ;                 ; --       ; --           ;
; D3       ;            ;                ; GND                             ; gnd    ;                                 ;                     ; --           ;                 ; --       ; --           ;
; D4       ; 448        ; 7D             ; RESERVED_INPUT_WITH_WEAK_PULLUP ;        ;                                 ;                     ; Column I/O   ;                 ; no       ; On           ;
; D5       ; 455        ; 7D             ; RESERVED_INPUT_WITH_WEAK_PULLUP ;        ;                                 ;                     ; Column I/O   ;                 ; no       ; On           ;
; D6       ;            ; 7D             ; VCCIO7D_HPS                     ; power  ;                                 ; 2.5V                ; --           ;                 ; --       ; --           ;
; D7       ;            ; --             ; VCCBAT                          ; power  ;                                 ; 1.2V                ; --           ;                 ; --       ; --           ;
; D8       ; 465        ; 8A             ; RESERVED_INPUT_WITH_WEAK_PULLUP ;        ;                                 ;                     ; Column I/O   ;                 ; no       ; On           ;
; D9       ;            ; 8A             ; VREFB8AN0                       ; power  ;                                 ;                     ; --           ;                 ; --       ; --           ;
; D10      ;            ;                ; GND                             ; gnd    ;                                 ;                     ; --           ;                 ; --       ; --           ;
; D11      ; 476        ; 8A             ; RESERVED_INPUT_WITH_WEAK_PULLUP ;        ;                                 ;                     ; Column I/O   ;                 ; no       ; On           ;
; D12      ; 458        ; 8A             ; RESERVED_INPUT_WITH_WEAK_PULLUP ;        ;                                 ;                     ; Column I/O   ;                 ; no       ; On           ;
; D13      ;            ;                ; GND                             ; gnd    ;                                 ;                     ; --           ;                 ; --       ; --           ;
; D14      ; 430        ; 7C             ; RESERVED_INPUT_WITH_WEAK_PULLUP ;        ;                                 ;                     ; Column I/O   ;                 ; no       ; On           ;
; D15      ; 420        ; 7B             ; RESERVED_INPUT_WITH_WEAK_PULLUP ;        ;                                 ;                     ; Column I/O   ;                 ; no       ; On           ;
; D16      ;            ;                ; GND                             ; gnd    ;                                 ;                     ; --           ;                 ; --       ; --           ;
; D17      ; 410        ; 7B             ; RESERVED_INPUT_WITH_WEAK_PULLUP ;        ;                                 ;                     ; Column I/O   ;                 ; no       ; On           ;
; D18      ;            ; 7A             ; VCCIO7A_HPS                     ; power  ;                                 ; 2.5V                ; --           ;                 ; --       ; --           ;
; D19      ;            ; 7A, 7B, 7C, 7D ; VREFB7A7B7C7DN0_HPS             ; power  ;                                 ;                     ; --           ;                 ; --       ; --           ;
; D20      ; 385        ; 7A             ; ^HPS_CLK2                       ;        ;                                 ;                     ; --           ;                 ; --       ; --           ;
; D21      ; 382        ; 7A             ; ^GND                            ;        ;                                 ;                     ; --           ;                 ; --       ; --           ;
; D22      ; 381        ; 7A             ; ^HPS_TDI                        ;        ;                                 ;                     ; --           ;                 ; --       ; --           ;
; D23      ;            ;                ; DNU                             ;        ;                                 ;                     ; --           ;                 ; --       ; --           ;
; D24      ; 365        ; 6A             ; HPS_DDR3_ADDR[12]               ; output ; SSTL-15 Class I                 ;                     ; Row I/O      ; Y               ; no       ; Off          ;
; D25      ; 371        ; 6A             ; HPS_DDR3_RZQ                    ; input  ; SSTL-15 Class I                 ;                     ; --           ; Y               ; no       ; Off          ;
; D26      ; 347        ; 6A             ; HPS_DDR3_ADDR[3]                ; output ; SSTL-15 Class I                 ;                     ; Row I/O      ; Y               ; no       ; Off          ;
; D27      ; 335        ; 6A             ; HPS_DDR3_DQ[3]                  ; bidir  ; SSTL-15 Class I                 ;                     ; Row I/O      ; Y               ; no       ; Off          ;
; D28      ; 333        ; 6A             ; HPS_DDR3_ODT                    ; output ; SSTL-15 Class I                 ;                     ; Row I/O      ; Y               ; no       ; Off          ;
; E1       ;            ;                ; GND                             ; gnd    ;                                 ;                     ; --           ;                 ; --       ; --           ;
; E2       ;            ;                ; GND                             ; gnd    ;                                 ;                     ; --           ;                 ; --       ; --           ;
; E3       ;            ;                ; GND                             ; gnd    ;                                 ;                     ; --           ;                 ; --       ; --           ;
; E4       ; 442        ; 7D             ; RESERVED_INPUT_WITH_WEAK_PULLUP ;        ;                                 ;                     ; Column I/O   ;                 ; no       ; On           ;
; E5       ; 454        ; 7D             ; RESERVED_INPUT_WITH_WEAK_PULLUP ;        ;                                 ;                     ; Column I/O   ;                 ; no       ; On           ;
; E6       ; 542        ; 9A             ; ^nCE                            ;        ;                                 ;                     ; --           ;                 ; --       ; --           ;
; E7       ;            ; 8A             ; VCCIO8A                         ; power  ;                                 ; 2.5V                ; --           ;                 ; --       ; --           ;
; E8       ; 463        ; 8A             ; RESERVED_INPUT_WITH_WEAK_PULLUP ;        ;                                 ;                     ; Column I/O   ;                 ; no       ; On           ;
; E9       ;            ;                ; GND                             ; gnd    ;                                 ;                     ; --           ;                 ; --       ; --           ;
; E10      ;            ; 8A             ; VCCPD8A                         ; power  ;                                 ; 2.5V                ; --           ;                 ; --       ; --           ;
; E11      ; 474        ; 8A             ; RESERVED_INPUT_WITH_WEAK_PULLUP ;        ;                                 ;                     ; Column I/O   ;                 ; no       ; On           ;
; E12      ;            ;                ; DNU                             ;        ;                                 ;                     ; --           ;                 ; --       ; --           ;
; E13      ;            ; 7D             ; VCCPD7D_HPS                     ; power  ;                                 ; 2.5V                ; --           ;                 ; --       ; --           ;
; E14      ;            ; 7C             ; VCCPD7C_HPS                     ; power  ;                                 ; 2.5V                ; --           ;                 ; --       ; --           ;
; E15      ;            ; --             ; VCC_AUX                         ; power  ;                                 ; 2.5V                ; --           ;                 ; --       ; --           ;
; E16      ; 412        ; 7B             ; RESERVED_INPUT_WITH_WEAK_PULLUP ;        ;                                 ;                     ; Column I/O   ;                 ; no       ; On           ;
; E17      ;            ; 7B             ; VCCPD7B_HPS                     ; power  ;                                 ; 2.5V                ; --           ;                 ; --       ; --           ;
; E18      ; 383        ; 7A             ; ^HPS_PORSEL                     ;        ;                                 ;                     ; --           ;                 ; --       ; --           ;
; E19      ;            ;                ; GND                             ; gnd    ;                                 ;                     ; --           ;                 ; --       ; --           ;
; E20      ; 384        ; 7A             ; ^HPS_CLK1                       ;        ;                                 ;                     ; --           ;                 ; --       ; --           ;
; E21      ;            ; 7A             ; VCCPD7A_HPS                     ; power  ;                                 ; 2.5V                ; --           ;                 ; --       ; --           ;
; E22      ;            ;                ; GND                             ; gnd    ;                                 ;                     ; --           ;                 ; --       ; --           ;
; E23      ; 373        ; 7A             ; ^GND                            ;        ;                                 ;                     ; --           ;                 ; --       ; --           ;
; E24      ;            ;                ; GND                             ; gnd    ;                                 ;                     ; --           ;                 ; --       ; --           ;
; E25      ; 369        ; 6A             ; HPS_DDR3_WE_N                   ; output ; SSTL-15 Class I                 ;                     ; Row I/O      ; Y               ; no       ; Off          ;
; E26      ; 345        ; 6A             ; HPS_DDR3_ADDR[2]                ; output ; SSTL-15 Class I                 ;                     ; Row I/O      ; Y               ; no       ; Off          ;
; E27      ;            ;                ; GND                             ; gnd    ;                                 ;                     ; --           ;                 ; --       ; --           ;
; E28      ; 337        ; 6A             ; HPS_DDR3_DQ[2]                  ; bidir  ; SSTL-15 Class I                 ;                     ; Row I/O      ; Y               ; no       ; Off          ;
; F1       ;            ;                ; GND                             ; gnd    ;                                 ;                     ; --           ;                 ; --       ; --           ;
; F2       ;            ;                ; GND                             ; gnd    ;                                 ;                     ; --           ;                 ; --       ; --           ;
; F3       ;            ;                ; GND                             ; gnd    ;                                 ;                     ; --           ;                 ; --       ; --           ;
; F4       ; 450        ; 7D             ; RESERVED_INPUT_WITH_WEAK_PULLUP ;        ;                                 ;                     ; Column I/O   ;                 ; no       ; On           ;
; F5       ; 444        ; 7D             ; RESERVED_INPUT_WITH_WEAK_PULLUP ;        ;                                 ;                     ; Column I/O   ;                 ; no       ; On           ;
; F6       ; 547        ; 9A             ; ^GND                            ;        ;                                 ;                     ; --           ;                 ; --       ; --           ;
; F7       ; 545        ; 9A             ; ^nCONFIG                        ;        ;                                 ;                     ; --           ;                 ; --       ; --           ;
; F8       ;            ; --             ; VCC_AUX                         ; power  ;                                 ; 2.5V                ; --           ;                 ; --       ; --           ;
; F21      ;            ; --             ; VCC_AUX_SHARED                  ; power  ;                                 ; 2.5V                ; --           ;                 ; --       ; --           ;
; F22      ;            ; --             ; VCCRSTCLK_HPS                   ; power  ;                                 ; 1.8V/2.5V/3.0V/3.3V ; --           ;                 ; --       ; --           ;
; F23      ; 372        ; 7A             ; ^GND                            ;        ;                                 ;                     ; --           ;                 ; --       ; --           ;
; F24      ; 370        ; 6A             ; RESERVED_INPUT_WITH_WEAK_PULLUP ;        ;                                 ;                     ; Row I/O      ;                 ; no       ; On           ;
; F25      ; 362        ; 6A             ; HPS_DDR3_ADDR[9]                ; output ; SSTL-15 Class I                 ;                     ; Row I/O      ; Y               ; no       ; Off          ;
; F26      ; 360        ; 6A             ; HPS_DDR3_ADDR[8]                ; output ; SSTL-15 Class I                 ;                     ; Row I/O      ; Y               ; no       ; Off          ;
; F27      ;            ; 6A             ; VCCIO6A_HPS                     ; power  ;                                 ; 1.5V                ; --           ;                 ; --       ; --           ;
; F28      ; 327        ; 6A             ; HPS_DDR3_DQ[7]                  ; bidir  ; SSTL-15 Class I                 ;                     ; Row I/O      ; Y               ; no       ; Off          ;
; G1       ;            ;                ; GND                             ; gnd    ;                                 ;                     ; --           ;                 ; --       ; --           ;
; G2       ;            ;                ; GND                             ; gnd    ;                                 ;                     ; --           ;                 ; --       ; --           ;
; G3       ;            ;                ; GND                             ; gnd    ;                                 ;                     ; --           ;                 ; --       ; --           ;
; G4       ; 452        ; 7D             ; RESERVED_INPUT_WITH_WEAK_PULLUP ;        ;                                 ;                     ; Column I/O   ;                 ; no       ; On           ;
; G5       ;            ; 7D             ; VCCIO7D_HPS                     ; power  ;                                 ; 2.5V                ; --           ;                 ; --       ; --           ;
; G6       ; 543        ; 9A             ; ^MSEL2                          ;        ;                                 ;                     ; --           ;                 ; --       ; --           ;
; G23      ; 368        ; 6A             ; HPS_DDR3_ADDR[14]               ; output ; SSTL-15 Class I                 ;                     ; Row I/O      ; Y               ; no       ; Off          ;
; G24      ;            ; 6A             ; VCCIO6A_HPS                     ; power  ;                                 ; 1.5V                ; --           ;                 ; --       ; --           ;
; G25      ; 354        ; 6A             ; HPS_DDR3_BA[2]                  ; output ; SSTL-15 Class I                 ;                     ; Row I/O      ; Y               ; no       ; Off          ;
; G26      ; 331        ; 6A             ; RESERVED_INPUT_WITH_WEAK_PULLUP ;        ;                                 ;                     ; Row I/O      ;                 ; no       ; On           ;
; G27      ; 329        ; 6A             ; HPS_DDR3_DQ[6]                  ; bidir  ; SSTL-15 Class I                 ;                     ; Row I/O      ; Y               ; no       ; Off          ;
; G28      ; 325        ; 6A             ; HPS_DDR3_DM[0]                  ; output ; SSTL-15 Class I                 ;                     ; Row I/O      ; Y               ; no       ; Off          ;
; H1       ;            ;                ; DNU                             ;        ;                                 ;                     ; --           ;                 ; --       ; --           ;
; H2       ;            ;                ; DNU                             ;        ;                                 ;                     ; --           ;                 ; --       ; --           ;
; H3       ;            ;                ; GND                             ; gnd    ;                                 ;                     ; --           ;                 ; --       ; --           ;
; H4       ;            ;                ; GND                             ; gnd    ;                                 ;                     ; --           ;                 ; --       ; --           ;
; H5       ;            ;                ; GND                             ; gnd    ;                                 ;                     ; --           ;                 ; --       ; --           ;
; H6       ;            ;                ; GND                             ; gnd    ;                                 ;                     ; --           ;                 ; --       ; --           ;
; H8       ; 541        ; 9A             ; ^nSTATUS                        ;        ;                                 ;                     ; --           ;                 ; --       ; --           ;
; H9       ; 540        ; 9A             ; ^MSEL1                          ;        ;                                 ;                     ; --           ;                 ; --       ; --           ;
; H10      ;            ; --             ; VCCPGM                          ; power  ;                                 ; 1.8V/2.5V/3.0V/3.3V ; --           ;                 ; --       ; --           ;
; H11      ;            ;                ; GND                             ; gnd    ;                                 ;                     ; --           ;                 ; --       ; --           ;
; H12      ; 436        ; 7C             ; RESERVED_INPUT_WITH_WEAK_PULLUP ;        ;                                 ;                     ; Column I/O   ;                 ; no       ; On           ;
; H13      ; 434        ; 7C             ; RESERVED_INPUT_WITH_WEAK_PULLUP ;        ;                                 ;                     ; Column I/O   ;                 ; no       ; On           ;
; H14      ;            ; 7B             ; VCCIO7B_HPS                     ; power  ;                                 ; 2.5V                ; --           ;                 ; --       ; --           ;
; H15      ;            ;                ; GND                             ; gnd    ;                                 ;                     ; --           ;                 ; --       ; --           ;
; H16      ; 422        ; 7B             ; RESERVED_INPUT_WITH_WEAK_PULLUP ;        ;                                 ;                     ; Column I/O   ;                 ; no       ; On           ;
; H17      ; 400        ; 7A             ; RESERVED_INPUT_WITH_WEAK_PULLUP ;        ;                                 ;                     ; Column I/O   ;                 ; no       ; On           ;
; H18      ;            ;                ; GND                             ; gnd    ;                                 ;                     ; --           ;                 ; --       ; --           ;
; H19      ; 375        ; 7A             ; ^HPS_nPOR                       ;        ;                                 ;                     ; --           ;                 ; --       ; --           ;
; H20      ;            ;                ; GND                             ; gnd    ;                                 ;                     ; --           ;                 ; --       ; --           ;
; H21      ;            ; 6A             ; VCCIO6A_HPS                     ; power  ;                                 ; 1.5V                ; --           ;                 ; --       ; --           ;
; H23      ;            ; --             ; VCCPLL_HPS                      ; power  ;                                 ; 2.5V                ; --           ;                 ; --       ; --           ;
; H24      ;            ;                ; GND                             ; gnd    ;                                 ;                     ; --           ;                 ; --       ; --           ;
; H25      ; 352        ; 6A             ; HPS_DDR3_BA[1]                  ; output ; SSTL-15 Class I                 ;                     ; Row I/O      ; Y               ; no       ; Off          ;
; H26      ;            ; 6A             ; VCCIO6A_HPS                     ; power  ;                                 ; 1.5V                ; --           ;                 ; --       ; --           ;
; H27      ;            ;                ; GND                             ; gnd    ;                                 ;                     ; --           ;                 ; --       ; --           ;
; H28      ; 339        ; 6A             ; VREFB6AN0_HPS                   ;        ;                                 ; 0.75V               ; Row I/O      ;                 ; --       ; --           ;
; J1       ;            ;                ; GND                             ; gnd    ;                                 ;                     ; --           ;                 ; --       ; --           ;
; J2       ;            ;                ; GND                             ; gnd    ;                                 ;                     ; --           ;                 ; --       ; --           ;
; J3       ;            ;                ; GND                             ; gnd    ;                                 ;                     ; --           ;                 ; --       ; --           ;
; J4       ;            ; --             ; VCCA_FPLL                       ; power  ;                                 ; 2.5V                ; --           ;                 ; --       ; --           ;
; J5       ;            ;                ; GND                             ; gnd    ;                                 ;                     ; --           ;                 ; --       ; --           ;
; J8       ; 539        ; 9A             ; ^CONF_DONE                      ;        ;                                 ;                     ; --           ;                 ; --       ; --           ;
; J9       ;            ;                ; GND                             ; gnd    ;                                 ;                     ; --           ;                 ; --       ; --           ;
; J10      ; 538        ; 9A             ; ^MSEL0                          ;        ;                                 ;                     ; --           ;                 ; --       ; --           ;
; J11      ;            ; --             ; VCC                             ; power  ;                                 ; 1.1V                ; --           ;                 ; --       ; --           ;
; J12      ; 416        ; 7B             ; RESERVED_INPUT_WITH_WEAK_PULLUP ;        ;                                 ;                     ; Column I/O   ;                 ; no       ; On           ;
; J13      ; 414        ; 7B             ; RESERVED_INPUT_WITH_WEAK_PULLUP ;        ;                                 ;                     ; Column I/O   ;                 ; no       ; On           ;
; J14      ; 408        ; 7B             ; RESERVED_INPUT_WITH_WEAK_PULLUP ;        ;                                 ;                     ; Column I/O   ;                 ; no       ; On           ;
; J15      ; 406        ; 7B             ; RESERVED_INPUT_WITH_WEAK_PULLUP ;        ;                                 ;                     ; Column I/O   ;                 ; no       ; On           ;
; J16      ; 424        ; 7B             ; RESERVED_INPUT_WITH_WEAK_PULLUP ;        ;                                 ;                     ; Column I/O   ;                 ; no       ; On           ;
; J17      ; 398        ; 7A             ; RESERVED_INPUT_WITH_WEAK_PULLUP ;        ;                                 ;                     ; Column I/O   ;                 ; no       ; On           ;
; J18      ; 392        ; 7A             ; RESERVED_INPUT_WITH_WEAK_PULLUP ;        ;                                 ;                     ; Column I/O   ;                 ; no       ; On           ;
; J19      ; 377        ; 7A             ; ^VCCRSTCLK_HPS                  ;        ;                                 ;                     ; --           ;                 ; --       ; --           ;
; J20      ; 346        ; 6A             ; HPS_DDR3_ADDR[5]                ; output ; SSTL-15 Class I                 ;                     ; Row I/O      ; Y               ; no       ; Off          ;
; J21      ; 344        ; 6A             ; HPS_DDR3_ADDR[4]                ; output ; SSTL-15 Class I                 ;                     ; Row I/O      ; Y               ; no       ; Off          ;
; J24      ; 336        ; 6A             ; HPS_DDR3_DQ[1]                  ; bidir  ; SSTL-15 Class I                 ;                     ; Row I/O      ; Y               ; no       ; Off          ;
; J25      ; 338        ; 6A             ; HPS_DDR3_DQ[0]                  ; bidir  ; SSTL-15 Class I                 ;                     ; Row I/O      ; Y               ; no       ; Off          ;
; J26      ; 330        ; 6A             ; HPS_DDR3_DQ[4]                  ; bidir  ; SSTL-15 Class I                 ;                     ; Row I/O      ; Y               ; no       ; Off          ;
; J27      ; 321        ; 6A             ; HPS_DDR3_DQ[10]                 ; bidir  ; SSTL-15 Class I                 ;                     ; Row I/O      ; Y               ; no       ; Off          ;
; J28      ; 319        ; 6A             ; HPS_DDR3_DQ[11]                 ; bidir  ; SSTL-15 Class I                 ;                     ; Row I/O      ; Y               ; no       ; Off          ;
; K1       ;            ;                ; GND                             ; gnd    ;                                 ;                     ; --           ;                 ; --       ; --           ;
; K2       ;            ;                ; GND                             ; gnd    ;                                 ;                     ; --           ;                 ; --       ; --           ;
; K3       ;            ;                ; GND                             ; gnd    ;                                 ;                     ; --           ;                 ; --       ; --           ;
; K4       ;            ;                ; GND                             ; gnd    ;                                 ;                     ; --           ;                 ; --       ; --           ;
; K5       ;            ; --             ; VCCA_FPLL                       ; power  ;                                 ; 2.5V                ; --           ;                 ; --       ; --           ;
; K8       ;            ;                ; GND                             ; gnd    ;                                 ;                     ; --           ;                 ; --       ; --           ;
; K9       ; 546        ; 9A             ; ^MSEL4                          ;        ;                                 ;                     ; --           ;                 ; --       ; --           ;
; K10      ; 544        ; 9A             ; ^MSEL3                          ;        ;                                 ;                     ; --           ;                 ; --       ; --           ;
; K11      ;            ;                ; GND                             ; gnd    ;                                 ;                     ; --           ;                 ; --       ; --           ;
; K12      ;            ;                ; GND                             ; gnd    ;                                 ;                     ; --           ;                 ; --       ; --           ;
; K13      ;            ; --             ; VCC                             ; power  ;                                 ; 1.1V                ; --           ;                 ; --       ; --           ;
; K14      ;            ;                ; GND                             ; gnd    ;                                 ;                     ; --           ;                 ; --       ; --           ;
; K15      ;            ; --             ; VCC                             ; power  ;                                 ; 1.1V                ; --           ;                 ; --       ; --           ;
; K16      ;            ;                ; GND                             ; gnd    ;                                 ;                     ; --           ;                 ; --       ; --           ;
; K17      ;            ; --             ; VCC_HPS                         ; power  ;                                 ; 1.1V                ; --           ;                 ; --       ; --           ;
; K18      ; 390        ; 7A             ; RESERVED_INPUT_WITH_WEAK_PULLUP ;        ;                                 ;                     ; Column I/O   ;                 ; no       ; On           ;
; K19      ; 379        ; 7A             ; ^HPS_TCK                        ;        ;                                 ;                     ; --           ;                 ; --       ; --           ;
; K20      ;            ;                ; GND                             ; gnd    ;                                 ;                     ; --           ;                 ; --       ; --           ;
; K21      ;            ; 6A, 6B         ; VCCPD6A6B_HPS                   ; power  ;                                 ; 2.5V                ; --           ;                 ; --       ; --           ;
; K24      ;            ; 6A, 6B         ; VCCPD6A6B_HPS                   ; power  ;                                 ; 2.5V                ; --           ;                 ; --       ; --           ;
; K25      ; 322        ; 6A             ; HPS_DDR3_DQ[8]                  ; bidir  ; SSTL-15 Class I                 ;                     ; Row I/O      ; Y               ; no       ; Off          ;
; K26      ; 328        ; 6A             ; HPS_DDR3_DQ[5]                  ; bidir  ; SSTL-15 Class I                 ;                     ; Row I/O      ; Y               ; no       ; Off          ;
; K27      ; 323        ; 6A             ; RESERVED_INPUT_WITH_WEAK_PULLUP ;        ;                                 ;                     ; Row I/O      ;                 ; no       ; On           ;
; K28      ; 317        ; 6A             ; RESERVED_INPUT_WITH_WEAK_PULLUP ;        ;                                 ;                     ; Row I/O      ;                 ; no       ; On           ;
; L1       ;            ;                ; GND                             ; gnd    ;                                 ;                     ; --           ;                 ; --       ; --           ;
; L2       ;            ;                ; GND                             ; gnd    ;                                 ;                     ; --           ;                 ; --       ; --           ;
; L3       ;            ;                ; GND                             ; gnd    ;                                 ;                     ; --           ;                 ; --       ; --           ;
; L4       ;            ; --             ; VCC                             ; power  ;                                 ; 1.1V                ; --           ;                 ; --       ; --           ;
; L5       ;            ;                ; GND                             ; gnd    ;                                 ;                     ; --           ;                 ; --       ; --           ;
; L8       ;            ;                ; GND                             ; gnd    ;                                 ;                     ; --           ;                 ; --       ; --           ;
; L9       ;            ;                ; GND                             ; gnd    ;                                 ;                     ; --           ;                 ; --       ; --           ;
; L10      ;            ;                ; GND                             ; gnd    ;                                 ;                     ; --           ;                 ; --       ; --           ;
; L11      ;            ; --             ; VCC                             ; power  ;                                 ; 1.1V                ; --           ;                 ; --       ; --           ;
; L12      ;            ; --             ; VCC                             ; power  ;                                 ; 1.1V                ; --           ;                 ; --       ; --           ;
; L13      ;            ;                ; GND                             ; gnd    ;                                 ;                     ; --           ;                 ; --       ; --           ;
; L14      ;            ; --             ; VCC                             ; power  ;                                 ; 1.1V                ; --           ;                 ; --       ; --           ;
; L15      ;            ;                ; GND                             ; gnd    ;                                 ;                     ; --           ;                 ; --       ; --           ;
; L16      ;            ; --             ; VCC_HPS                         ; power  ;                                 ; 1.1V                ; --           ;                 ; --       ; --           ;
; L17      ;            ;                ; GND                             ; gnd    ;                                 ;                     ; --           ;                 ; --       ; --           ;
; L18      ;            ; --             ; VCC_HPS                         ; power  ;                                 ; 1.1V                ; --           ;                 ; --       ; --           ;
; L19      ;            ;                ; GND                             ; gnd    ;                                 ;                     ; --           ;                 ; --       ; --           ;
; L20      ; 366        ; 6A             ; RESERVED_INPUT_WITH_WEAK_PULLUP ;        ;                                 ;                     ; Row I/O      ;                 ; no       ; On           ;
; L21      ; 364        ; 6A             ; HPS_DDR3_CS_N                   ; output ; SSTL-15 Class I                 ;                     ; Row I/O      ; Y               ; no       ; Off          ;
; L24      ;            ;                ; GND                             ; gnd    ;                                 ;                     ; --           ;                 ; --       ; --           ;
; L25      ; 320        ; 6A             ; HPS_DDR3_DQ[9]                  ; bidir  ; SSTL-15 Class I                 ;                     ; Row I/O      ; Y               ; no       ; Off          ;
; L26      ;            ; 6A             ; VCCIO6A_HPS                     ; power  ;                                 ; 1.5V                ; --           ;                 ; --       ; --           ;
; L27      ;            ;                ; GND                             ; gnd    ;                                 ;                     ; --           ;                 ; --       ; --           ;
; L28      ; 315        ; 6A             ; HPS_DDR3_CKE                    ; output ; SSTL-15 Class I                 ;                     ; Row I/O      ; Y               ; no       ; Off          ;
; M1       ;            ;                ; DNU                             ;        ;                                 ;                     ; --           ;                 ; --       ; --           ;
; M2       ;            ;                ; DNU                             ;        ;                                 ;                     ; --           ;                 ; --       ; --           ;
; M3       ;            ;                ; GND                             ; gnd    ;                                 ;                     ; --           ;                 ; --       ; --           ;
; M4       ;            ; --             ; VCCA_FPLL                       ; power  ;                                 ; 2.5V                ; --           ;                 ; --       ; --           ;
; M5       ;            ; --             ; VCC                             ; power  ;                                 ; 1.1V                ; --           ;                 ; --       ; --           ;
; M8       ;            ;                ; GND                             ; gnd    ;                                 ;                     ; --           ;                 ; --       ; --           ;
; M9       ;            ; --             ; VCC                             ; power  ;                                 ; 1.1V                ; --           ;                 ; --       ; --           ;
; M10      ;            ;                ; GND                             ; gnd    ;                                 ;                     ; --           ;                 ; --       ; --           ;
; M11      ;            ;                ; GND                             ; gnd    ;                                 ;                     ; --           ;                 ; --       ; --           ;
; M12      ;            ; --             ; VCC                             ; power  ;                                 ; 1.1V                ; --           ;                 ; --       ; --           ;
; M13      ;            ; --             ; VCC                             ; power  ;                                 ; 1.1V                ; --           ;                 ; --       ; --           ;
; M14      ;            ;                ; GND                             ; gnd    ;                                 ;                     ; --           ;                 ; --       ; --           ;
; M15      ;            ; --             ; VCC                             ; power  ;                                 ; 1.1V                ; --           ;                 ; --       ; --           ;
; M16      ;            ;                ; GND                             ; gnd    ;                                 ;                     ; --           ;                 ; --       ; --           ;
; M17      ;            ; --             ; VCC_HPS                         ; power  ;                                 ; 1.1V                ; --           ;                 ; --       ; --           ;
; M18      ;            ; --             ; VCC_HPS                         ; power  ;                                 ; 1.1V                ; --           ;                 ; --       ; --           ;
; M19      ;            ; --             ; VCC_HPS                         ; power  ;                                 ; 1.1V                ; --           ;                 ; --       ; --           ;
; M20      ;            ;                ; GND                             ; gnd    ;                                 ;                     ; --           ;                 ; --       ; --           ;
; M21      ;            ; 6A             ; VCCIO6A_HPS                     ; power  ;                                 ; 1.5V                ; --           ;                 ; --       ; --           ;
; M24      ;            ; 6A, 6B         ; VCCPD6A6B_HPS                   ; power  ;                                 ; 2.5V                ; --           ;                 ; --       ; --           ;
; M25      ; 324        ; 6A             ; RESERVED_INPUT_WITH_WEAK_PULLUP ;        ;                                 ;                     ; Row I/O      ;                 ; no       ; On           ;
; M26      ; 312        ; 6A             ; HPS_DDR3_DQ[13]                 ; bidir  ; SSTL-15 Class I                 ;                     ; Row I/O      ; Y               ; no       ; Off          ;
; M27      ; 314        ; 6A             ; HPS_DDR3_DQ[12]                 ; bidir  ; SSTL-15 Class I                 ;                     ; Row I/O      ; Y               ; no       ; Off          ;
; M28      ; 313        ; 6A             ; HPS_DDR3_DQ[14]                 ; bidir  ; SSTL-15 Class I                 ;                     ; Row I/O      ; Y               ; no       ; Off          ;
; N1       ;            ;                ; GND                             ; gnd    ;                                 ;                     ; --           ;                 ; --       ; --           ;
; N2       ;            ;                ; GND                             ; gnd    ;                                 ;                     ; --           ;                 ; --       ; --           ;
; N3       ;            ;                ; GND                             ; gnd    ;                                 ;                     ; --           ;                 ; --       ; --           ;
; N4       ;            ;                ; GND                             ; gnd    ;                                 ;                     ; --           ;                 ; --       ; --           ;
; N5       ;            ; --             ; VCC                             ; power  ;                                 ; 1.1V                ; --           ;                 ; --       ; --           ;
; N8       ;            ;                ; GND                             ; gnd    ;                                 ;                     ; --           ;                 ; --       ; --           ;
; N9       ;            ; --             ; VCC                             ; power  ;                                 ; 1.1V                ; --           ;                 ; --       ; --           ;
; N10      ;            ; --             ; VCC                             ; power  ;                                 ; 1.1V                ; --           ;                 ; --       ; --           ;
; N11      ;            ; --             ; VCC                             ; power  ;                                 ; 1.1V                ; --           ;                 ; --       ; --           ;
; N12      ;            ; --             ; VCC                             ; power  ;                                 ; 1.1V                ; --           ;                 ; --       ; --           ;
; N13      ;            ;                ; GND                             ; gnd    ;                                 ;                     ; --           ;                 ; --       ; --           ;
; N14      ;            ; --             ; VCC                             ; power  ;                                 ; 1.1V                ; --           ;                 ; --       ; --           ;
; N15      ;            ;                ; GND                             ; gnd    ;                                 ;                     ; --           ;                 ; --       ; --           ;
; N16      ;            ; --             ; VCC_HPS                         ; power  ;                                 ; 1.1V                ; --           ;                 ; --       ; --           ;
; N17      ;            ;                ; GND                             ; gnd    ;                                 ;                     ; --           ;                 ; --       ; --           ;
; N18      ;            ; --             ; VCC_HPS                         ; power  ;                                 ; 1.1V                ; --           ;                 ; --       ; --           ;
; N19      ;            ;                ; GND                             ; gnd    ;                                 ;                     ; --           ;                 ; --       ; --           ;
; N20      ; 350        ; 6A             ; HPS_DDR3_CK_N                   ; output ; Differential 1.5-V SSTL Class I ;                     ; Row I/O      ; Y               ; no       ; Off          ;
; N21      ; 348        ; 6A             ; HPS_DDR3_CK_P                   ; output ; Differential 1.5-V SSTL Class I ;                     ; Row I/O      ; Y               ; no       ; Off          ;
; N24      ; 306        ; 6B             ; HPS_DDR3_DQ[16]                 ; bidir  ; SSTL-15 Class I                 ;                     ; Row I/O      ; Y               ; no       ; Off          ;
; N25      ; 304        ; 6B             ; HPS_DDR3_DQ[17]                 ; bidir  ; SSTL-15 Class I                 ;                     ; Row I/O      ; Y               ; no       ; Off          ;
; N26      ; 298        ; 6B             ; HPS_DDR3_DQ[20]                 ; bidir  ; SSTL-15 Class I                 ;                     ; Row I/O      ; Y               ; no       ; Off          ;
; N27      ; 296        ; 6B             ; HPS_DDR3_DQ[21]                 ; bidir  ; SSTL-15 Class I                 ;                     ; Row I/O      ; Y               ; no       ; Off          ;
; N28      ; 311        ; 6A             ; HPS_DDR3_DQ[15]                 ; bidir  ; SSTL-15 Class I                 ;                     ; Row I/O      ; Y               ; no       ; Off          ;
; P1       ;            ;                ; GND                             ; gnd    ;                                 ;                     ; --           ;                 ; --       ; --           ;
; P2       ;            ;                ; GND                             ; gnd    ;                                 ;                     ; --           ;                 ; --       ; --           ;
; P3       ;            ;                ; GND                             ; gnd    ;                                 ;                     ; --           ;                 ; --       ; --           ;
; P4       ;            ; --             ; VCCA_FPLL                       ; power  ;                                 ; 2.5V                ; --           ;                 ; --       ; --           ;
; P5       ;            ;                ; GND                             ; gnd    ;                                 ;                     ; --           ;                 ; --       ; --           ;
; P8       ;            ;                ; GND                             ; gnd    ;                                 ;                     ; --           ;                 ; --       ; --           ;
; P9       ;            ;                ; GND                             ; gnd    ;                                 ;                     ; --           ;                 ; --       ; --           ;
; P10      ;            ;                ; GND                             ; gnd    ;                                 ;                     ; --           ;                 ; --       ; --           ;
; P11      ;            ; --             ; VCC                             ; power  ;                                 ; 1.1V                ; --           ;                 ; --       ; --           ;
; P12      ;            ;                ; GND                             ; gnd    ;                                 ;                     ; --           ;                 ; --       ; --           ;
; P13      ;            ; --             ; VCC                             ; power  ;                                 ; 1.1V                ; --           ;                 ; --       ; --           ;
; P14      ;            ; --             ; VCC                             ; power  ;                                 ; 1.1V                ; --           ;                 ; --       ; --           ;
; P15      ;            ; --             ; VCC                             ; power  ;                                 ; 1.1V                ; --           ;                 ; --       ; --           ;
; P16      ;            ;                ; GND                             ; gnd    ;                                 ;                     ; --           ;                 ; --       ; --           ;
; P17      ;            ; --             ; VCC_HPS                         ; power  ;                                 ; 1.1V                ; --           ;                 ; --       ; --           ;
; P18      ;            ;                ; GND                             ; gnd    ;                                 ;                     ; --           ;                 ; --       ; --           ;
; P19      ;            ; --             ; VCC_HPS                         ; power  ;                                 ; 1.1V                ; --           ;                 ; --       ; --           ;
; P20      ;            ;                ; GND                             ; gnd    ;                                 ;                     ; --           ;                 ; --       ; --           ;
; P21      ;            ; 6A, 6B         ; VCCPD6A6B_HPS                   ; power  ;                                 ; 2.5V                ; --           ;                 ; --       ; --           ;
; P24      ;            ; 6A, 6B         ; VCCPD6A6B_HPS                   ; power  ;                                 ; 2.5V                ; --           ;                 ; --       ; --           ;
; P25      ;            ;                ; GND                             ; gnd    ;                                 ;                     ; --           ;                 ; --       ; --           ;
; P26      ; 299        ; 6B             ; RESERVED_INPUT_WITH_WEAK_PULLUP ;        ;                                 ;                     ; Row I/O      ;                 ; no       ; On           ;
; P27      ;            ; 6B             ; VCCIO6B_HPS                     ; power  ;                                 ; 1.5V                ; --           ;                 ; --       ; --           ;
; P28      ; 309        ; 6A             ; HPS_DDR3_DM[1]                  ; output ; SSTL-15 Class I                 ;                     ; Row I/O      ; Y               ; no       ; Off          ;
; R1       ;            ;                ; GND                             ; gnd    ;                                 ;                     ; --           ;                 ; --       ; --           ;
; R2       ;            ;                ; GND                             ; gnd    ;                                 ;                     ; --           ;                 ; --       ; --           ;
; R3       ;            ;                ; GND                             ; gnd    ;                                 ;                     ; --           ;                 ; --       ; --           ;
; R4       ;            ; --             ; VCCA_FPLL                       ; power  ;                                 ; 2.5V                ; --           ;                 ; --       ; --           ;
; R5       ;            ; --             ; VCC                             ; power  ;                                 ; 1.1V                ; --           ;                 ; --       ; --           ;
; R8       ;            ;                ; GND                             ; gnd    ;                                 ;                     ; --           ;                 ; --       ; --           ;
; R9       ;            ; --             ; VCC                             ; power  ;                                 ; 1.1V                ; --           ;                 ; --       ; --           ;
; R10      ;            ; --             ; VCC                             ; power  ;                                 ; 1.1V                ; --           ;                 ; --       ; --           ;
; R11      ;            ;                ; GND                             ; gnd    ;                                 ;                     ; --           ;                 ; --       ; --           ;
; R12      ;            ; --             ; VCC                             ; power  ;                                 ; 1.1V                ; --           ;                 ; --       ; --           ;
; R13      ;            ;                ; GND                             ; gnd    ;                                 ;                     ; --           ;                 ; --       ; --           ;
; R14      ;            ; --             ; VCC                             ; power  ;                                 ; 1.1V                ; --           ;                 ; --       ; --           ;
; R15      ;            ;                ; GND                             ; gnd    ;                                 ;                     ; --           ;                 ; --       ; --           ;
; R16      ; 334        ; 6A             ; HPS_DDR3_DQS_N[0]               ; bidir  ; Differential 1.5-V SSTL Class I ;                     ; Row I/O      ; Y               ; no       ; Off          ;
; R17      ; 332        ; 6A             ; HPS_DDR3_DQS_P[0]               ; bidir  ; Differential 1.5-V SSTL Class I ;                     ; Row I/O      ; Y               ; no       ; Off          ;
; R18      ; 318        ; 6A             ; HPS_DDR3_DQS_N[1]               ; bidir  ; Differential 1.5-V SSTL Class I ;                     ; Row I/O      ; Y               ; no       ; Off          ;
; R19      ; 316        ; 6A             ; HPS_DDR3_DQS_P[1]               ; bidir  ; Differential 1.5-V SSTL Class I ;                     ; Row I/O      ; Y               ; no       ; Off          ;
; R20      ; 310        ; 6A             ; RESERVED_INPUT_WITH_WEAK_PULLUP ;        ;                                 ;                     ; Row I/O      ;                 ; no       ; On           ;
; R21      ; 308        ; 6A             ; RESERVED_INPUT_WITH_WEAK_PULLUP ;        ;                                 ;                     ; Row I/O      ;                 ; no       ; On           ;
; R24      ; 282        ; 6B             ; HPS_DDR3_DQ[28]                 ; bidir  ; SSTL-15 Class I                 ;                     ; Row I/O      ; Y               ; no       ; Off          ;
; R25      ; 288        ; 6B             ; HPS_DDR3_DQ[25]                 ; bidir  ; SSTL-15 Class I                 ;                     ; Row I/O      ; Y               ; no       ; Off          ;
; R26      ; 290        ; 6B             ; HPS_DDR3_DQ[24]                 ; bidir  ; SSTL-15 Class I                 ;                     ; Row I/O      ; Y               ; no       ; Off          ;
; R27      ; 297        ; 6B             ; HPS_DDR3_DQ[22]                 ; bidir  ; SSTL-15 Class I                 ;                     ; Row I/O      ; Y               ; no       ; Off          ;
; R28      ; 307        ; 6B             ; RESERVED_INPUT_WITH_WEAK_PULLUP ;        ;                                 ;                     ; Row I/O      ;                 ; no       ; On           ;
; T1       ;            ;                ; DNU                             ;        ;                                 ;                     ; --           ;                 ; --       ; --           ;
; T2       ;            ;                ; DNU                             ;        ;                                 ;                     ; --           ;                 ; --       ; --           ;
; T3       ;            ;                ; GND                             ; gnd    ;                                 ;                     ; --           ;                 ; --       ; --           ;
; T4       ;            ; --             ; VCC                             ; power  ;                                 ; 1.1V                ; --           ;                 ; --       ; --           ;
; T5       ;            ; --             ; VCC                             ; power  ;                                 ; 1.1V                ; --           ;                 ; --       ; --           ;
; T8       ; 56         ; 3A             ; RESERVED_INPUT_WITH_WEAK_PULLUP ;        ;                                 ;                     ; Column I/O   ;                 ; no       ; On           ;
; T9       ;            ; --             ; VCC                             ; power  ;                                 ; 1.1V                ; --           ;                 ; --       ; --           ;
; T10      ;            ;                ; GND                             ; gnd    ;                                 ;                     ; --           ;                 ; --       ; --           ;
; T11      ; 106        ; 3B             ; RESERVED_INPUT_WITH_WEAK_PULLUP ;        ;                                 ;                     ; Column I/O   ;                 ; no       ; On           ;
; T12      ; 120        ; 3B             ; RESERVED_INPUT_WITH_WEAK_PULLUP ;        ;                                 ;                     ; Column I/O   ;                 ; no       ; On           ;
; T13      ; 122        ; 3B             ; RESERVED_INPUT_WITH_WEAK_PULLUP ;        ;                                 ;                     ; Column I/O   ;                 ; no       ; On           ;
; T14      ;            ;                ; GND                             ; gnd    ;                                 ;                     ; --           ;                 ; --       ; --           ;
; T15      ;            ; --             ; VCC                             ; power  ;                                 ; 1.1V                ; --           ;                 ; --       ; --           ;
; T16      ; 292        ; 6B             ; RESERVED_INPUT_WITH_WEAK_PULLUP ;        ;                                 ;                     ; Row I/O      ;                 ; no       ; On           ;
; T17      ; 294        ; 6B             ; RESERVED_INPUT_WITH_WEAK_PULLUP ;        ;                                 ;                     ; Row I/O      ;                 ; no       ; On           ;
; T18      ; 302        ; 6B             ; HPS_DDR3_DQS_N[2]               ; bidir  ; Differential 1.5-V SSTL Class I ;                     ; Row I/O      ; Y               ; no       ; Off          ;
; T19      ; 300        ; 6B             ; HPS_DDR3_DQS_P[2]               ; bidir  ; Differential 1.5-V SSTL Class I ;                     ; Row I/O      ; Y               ; no       ; Off          ;
; T20      ; 286        ; 6B             ; HPS_DDR3_DQS_N[3]               ; bidir  ; Differential 1.5-V SSTL Class I ;                     ; Row I/O      ; Y               ; no       ; Off          ;
; T21      ;            ; 6B             ; VCCIO6B_HPS                     ; power  ;                                 ; 1.5V                ; --           ;                 ; --       ; --           ;
; T24      ; 280        ; 6B             ; HPS_DDR3_DQ[29]                 ; bidir  ; SSTL-15 Class I                 ;                     ; Row I/O      ; Y               ; no       ; Off          ;
; T25      ;            ; 6B             ; VCCIO6B_HPS                     ; power  ;                                 ; 1.5V                ; --           ;                 ; --       ; --           ;
; T26      ; 274        ; 6B             ; RESERVED_INPUT_WITH_WEAK_PULLUP ;        ;                                 ;                     ; Row I/O      ;                 ; no       ; On           ;
; T27      ; 283        ; 6B             ; VREFB6BN0_HPS                   ;        ;                                 ; 0.75V               ; Row I/O      ;                 ; --       ; --           ;
; T28      ; 305        ; 6B             ; HPS_DDR3_DQ[18]                 ; bidir  ; SSTL-15 Class I                 ;                     ; Row I/O      ; Y               ; no       ; Off          ;
; U1       ;            ;                ; GND                             ; gnd    ;                                 ;                     ; --           ;                 ; --       ; --           ;
; U2       ;            ;                ; GND                             ; gnd    ;                                 ;                     ; --           ;                 ; --       ; --           ;
; U3       ;            ;                ; GND                             ; gnd    ;                                 ;                     ; --           ;                 ; --       ; --           ;
; U4       ;            ; --             ; VCCA_FPLL                       ; power  ;                                 ; 2.5V                ; --           ;                 ; --       ; --           ;
; U5       ;            ;                ; GND                             ; gnd    ;                                 ;                     ; --           ;                 ; --       ; --           ;
; U8       ;            ;                ; DNU                             ;        ;                                 ;                     ; --           ;                 ; --       ; --           ;
; U9       ; 58         ; 3A             ; ADC_CONVST                      ; output ; 3.3-V LVTTL                     ;                     ; Column I/O   ; Y               ; no       ; Off          ;
; U10      ; 62         ; 3A             ; RESERVED_INPUT_WITH_WEAK_PULLUP ;        ;                                 ;                     ; Column I/O   ;                 ; no       ; On           ;
; U11      ; 104        ; 3B             ; RESERVED_INPUT_WITH_WEAK_PULLUP ;        ;                                 ;                     ; Column I/O   ;                 ; no       ; On           ;
; U12      ;            ;                ; GND                             ; gnd    ;                                 ;                     ; --           ;                 ; --       ; --           ;
; U13      ; 136        ; 4A             ; RESERVED_INPUT_WITH_WEAK_PULLUP ;        ;                                 ;                     ; Column I/O   ;                 ; no       ; On           ;
; U14      ; 138        ; 4A             ; RESERVED_INPUT_WITH_WEAK_PULLUP ;        ;                                 ;                     ; Column I/O   ;                 ; no       ; On           ;
; U15      ; 278        ; 6B             ; RESERVED_INPUT_WITH_WEAK_PULLUP ;        ;                                 ;                     ; Row I/O      ;                 ; no       ; On           ;
; U16      ; 276        ; 6B             ; RESERVED_INPUT_WITH_WEAK_PULLUP ;        ;                                 ;                     ; Row I/O      ;                 ; no       ; On           ;
; U17      ;            ;                ; GND                             ; gnd    ;                                 ;                     ; --           ;                 ; --       ; --           ;
; U18      ;            ; 6B             ; VCCIO6B_HPS                     ; power  ;                                 ; 1.5V                ; --           ;                 ; --       ; --           ;
; U19      ; 284        ; 6B             ; HPS_DDR3_DQS_P[3]               ; bidir  ; Differential 1.5-V SSTL Class I ;                     ; Row I/O      ; Y               ; no       ; Off          ;
; U20      ;            ;                ; GND                             ; gnd    ;                                 ;                     ; --           ;                 ; --       ; --           ;
; U21      ;            ; --             ; VCC_HPS                         ; power  ;                                 ; 1.1V                ; --           ;                 ; --       ; --           ;
; U24      ;            ;                ; GND                             ; gnd    ;                                 ;                     ; --           ;                 ; --       ; --           ;
; U25      ; 272        ; 6B             ; RESERVED_INPUT_WITH_WEAK_PULLUP ;        ;                                 ;                     ; Row I/O      ;                 ; no       ; On           ;
; U26      ;            ; --             ; VCC                             ; power  ;                                 ; 1.1V                ; --           ;                 ; --       ; --           ;
; U27      ;            ;                ; GND                             ; gnd    ;                                 ;                     ; --           ;                 ; --       ; --           ;
; U28      ; 303        ; 6B             ; HPS_DDR3_DQ[19]                 ; bidir  ; SSTL-15 Class I                 ;                     ; Row I/O      ; Y               ; no       ; Off          ;
; V1       ;            ;                ; GND                             ; gnd    ;                                 ;                     ; --           ;                 ; --       ; --           ;
; V2       ;            ;                ; GND                             ; gnd    ;                                 ;                     ; --           ;                 ; --       ; --           ;
; V3       ;            ;                ; GND                             ; gnd    ;                                 ;                     ; --           ;                 ; --       ; --           ;
; V4       ;            ;                ; GND                             ; gnd    ;                                 ;                     ; --           ;                 ; --       ; --           ;
; V5       ;            ;                ; GND                             ; gnd    ;                                 ;                     ; --           ;                 ; --       ; --           ;
; V8       ;            ;                ; GND                             ; gnd    ;                                 ;                     ; --           ;                 ; --       ; --           ;
; V9       ;            ;                ; GND                             ; gnd    ;                                 ;                     ; --           ;                 ; --       ; --           ;
; V10      ; 60         ; 3A             ; ADC_SCK                         ; output ; 3.3-V LVTTL                     ;                     ; Column I/O   ; Y               ; no       ; Off          ;
; V11      ; 114        ; 3B             ; FPGA_CLK1_50                    ; input  ; 3.3-V LVTTL                     ;                     ; Column I/O   ; Y               ; no       ; Off          ;
; V12      ; 130        ; 3B             ; RESERVED_INPUT_WITH_WEAK_PULLUP ;        ;                                 ;                     ; Column I/O   ;                 ; no       ; On           ;
; V13      ; 152        ; 4A             ; RESERVED_INPUT_WITH_WEAK_PULLUP ;        ;                                 ;                     ; Column I/O   ;                 ; no       ; On           ;
; V14      ;            ;                ; GND                             ; gnd    ;                                 ;                     ; --           ;                 ; --       ; --           ;
; V15      ; 227        ; 5A             ; RESERVED_INPUT_WITH_WEAK_PULLUP ;        ;                                 ;                     ; Row I/O      ;                 ; no       ; On           ;
; V16      ; 225        ; 5A             ; RESERVED_INPUT_WITH_WEAK_PULLUP ;        ;                                 ;                     ; Row I/O      ;                 ; no       ; On           ;
; V17      ; 270        ; 6B             ; RESERVED_INPUT_WITH_WEAK_PULLUP ;        ;                                 ;                     ; Row I/O      ;                 ; no       ; On           ;
; V18      ; 268        ; 6B             ; RESERVED_INPUT_WITH_WEAK_PULLUP ;        ;                                 ;                     ; Row I/O      ;                 ; no       ; On           ;
; V19      ; 266        ; 6B             ; RESERVED_INPUT_WITH_WEAK_PULLUP ;        ;                                 ;                     ; Row I/O      ;                 ; no       ; On           ;
; V20      ; 264        ; 6B             ; RESERVED_INPUT_WITH_WEAK_PULLUP ;        ;                                 ;                     ; Row I/O      ;                 ; no       ; On           ;
; V21      ;            ;                ; GND                             ; gnd    ;                                 ;                     ; --           ;                 ; --       ; --           ;
; V24      ; 269        ; 6B             ; RESERVED_INPUT_WITH_WEAK_PULLUP ;        ;                                 ;                     ; Row I/O      ;                 ; no       ; On           ;
; V25      ; 271        ; 6B             ; RESERVED_INPUT_WITH_WEAK_PULLUP ;        ;                                 ;                     ; Row I/O      ;                 ; no       ; On           ;
; V26      ;            ;                ; GND                             ; gnd    ;                                 ;                     ; --           ;                 ; --       ; --           ;
; V27      ; 295        ; 6B             ; HPS_DDR3_DQ[23]                 ; bidir  ; SSTL-15 Class I                 ;                     ; Row I/O      ; Y               ; no       ; Off          ;
; V28      ; 301        ; 6B             ; HPS_DDR3_RESET_N                ; output ; SSTL-15 Class I                 ;                     ; Row I/O      ; Y               ; no       ; Off          ;
; W1       ;            ;                ; GND                             ; gnd    ;                                 ;                     ; --           ;                 ; --       ; --           ;
; W2       ;            ;                ; GND                             ; gnd    ;                                 ;                     ; --           ;                 ; --       ; --           ;
; W3       ;            ;                ; GND                             ; gnd    ;                                 ;                     ; --           ;                 ; --       ; --           ;
; W4       ;            ;                ; GND                             ; gnd    ;                                 ;                     ; --           ;                 ; --       ; --           ;
; W5       ;            ; --             ; VCCA_FPLL                       ; power  ;                                 ; 2.5V                ; --           ;                 ; --       ; --           ;
; W8       ; 54         ; 3A             ; RESERVED_INPUT_WITH_WEAK_PULLUP ;        ;                                 ;                     ; Column I/O   ;                 ; no       ; On           ;
; W9       ;            ; 3A             ; VCCIO3A                         ; power  ;                                 ; 3.3V                ; --           ;                 ; --       ; --           ;
; W10      ; 48         ; 3A             ; #TDI                            ; input  ;                                 ;                     ; --           ;                 ; --       ; --           ;
; W11      ; 112        ; 3B             ; RESERVED_INPUT_WITH_WEAK_PULLUP ;        ;                                 ;                     ; Column I/O   ;                 ; no       ; On           ;
; W12      ; 128        ; 3B             ; RESERVED_INPUT_WITH_WEAK_PULLUP ;        ;                                 ;                     ; Column I/O   ;                 ; no       ; On           ;
; W13      ;            ; 4A             ; VCCIO4A                         ; power  ;                                 ; 3.3V                ; --           ;                 ; --       ; --           ;
; W14      ; 154        ; 4A             ; RESERVED_INPUT_WITH_WEAK_PULLUP ;        ;                                 ;                     ; Column I/O   ;                 ; no       ; On           ;
; W15      ; 223        ; 5A             ; RESERVED_INPUT_WITH_WEAK_PULLUP ;        ;                                 ;                     ; Row I/O      ;                 ; no       ; On           ;
; W16      ;            ;                ; GND                             ; gnd    ;                                 ;                     ; --           ;                 ; --       ; --           ;
; W17      ;            ; 5A             ; VCCIO5A                         ; power  ;                                 ; 2.5V                ; --           ;                 ; --       ; --           ;
; W18      ;            ;                ; GND                             ; gnd    ;                                 ;                     ; --           ;                 ; --       ; --           ;
; W19      ;            ; 5B             ; VCCPD5B                         ; power  ;                                 ; 2.5V                ; --           ;                 ; --       ; --           ;
; W20      ; 254        ; 5B             ; RESERVED_INPUT_WITH_WEAK_PULLUP ;        ;                                 ;                     ; Row I/O      ;                 ; no       ; On           ;
; W21      ; 252        ; 5B             ; RESERVED_INPUT_WITH_WEAK_PULLUP ;        ;                                 ;                     ; Row I/O      ;                 ; no       ; On           ;
; W24      ; 258        ; 5B             ; RESERVED_INPUT_WITH_WEAK_PULLUP ;        ;                                 ;                     ; Row I/O      ;                 ; no       ; On           ;
; W25      ;            ; 5B             ; VCCIO5B                         ; power  ;                                 ; 2.5V                ; --           ;                 ; --       ; --           ;
; W26      ; 287        ; 6B             ; HPS_DDR3_DQ[27]                 ; bidir  ; SSTL-15 Class I                 ;                     ; Row I/O      ; Y               ; no       ; Off          ;
; W27      ;            ; 6B             ; VCCIO6B_HPS                     ; power  ;                                 ; 1.5V                ; --           ;                 ; --       ; --           ;
; W28      ; 293        ; 6B             ; HPS_DDR3_DM[2]                  ; output ; SSTL-15 Class I                 ;                     ; Row I/O      ; Y               ; no       ; Off          ;
; Y1       ;            ;                ; DNU                             ;        ;                                 ;                     ; --           ;                 ; --       ; --           ;
; Y2       ;            ;                ; DNU                             ;        ;                                 ;                     ; --           ;                 ; --       ; --           ;
; Y3       ;            ;                ; GND                             ; gnd    ;                                 ;                     ; --           ;                 ; --       ; --           ;
; Y4       ; 53         ; 3A             ; RESERVED_INPUT_WITH_WEAK_PULLUP ;        ;                                 ;                     ; Column I/O   ;                 ; no       ; On           ;
; Y5       ; 55         ; 3A             ; RESERVED_INPUT_WITH_WEAK_PULLUP ;        ;                                 ;                     ; Column I/O   ;                 ; no       ; On           ;
; Y8       ; 52         ; 3A             ; RESERVED_INPUT_WITH_WEAK_PULLUP ;        ;                                 ;                     ; Column I/O   ;                 ; no       ; On           ;
; Y9       ; 42         ; 3A             ; #TDO                            ; output ;                                 ;                     ; --           ;                 ; --       ; --           ;
; Y10      ;            ; --             ; VCCPGM                          ; power  ;                                 ; 1.8V/2.5V/3.0V/3.3V ; --           ;                 ; --       ; --           ;
; Y11      ; 66         ; 3A             ; RESERVED_INPUT_WITH_WEAK_PULLUP ;        ;                                 ;                     ; Column I/O   ;                 ; no       ; On           ;
; Y12      ;            ;                ; GND                             ; gnd    ;                                 ;                     ; --           ;                 ; --       ; --           ;
; Y13      ; 146        ; 4A             ; RESERVED_INPUT_WITH_WEAK_PULLUP ;        ;                                 ;                     ; Column I/O   ;                 ; no       ; On           ;
; Y14      ;            ;                ; GND                             ; gnd    ;                                 ;                     ; --           ;                 ; --       ; --           ;
; Y15      ; 162        ; 4A             ; RESERVED_INPUT_WITH_WEAK_PULLUP ;        ;                                 ;                     ; Column I/O   ;                 ; no       ; On           ;
; Y16      ; 221        ; 5A             ; RESERVED_INPUT_WITH_WEAK_PULLUP ;        ;                                 ;                     ; Row I/O      ;                 ; no       ; On           ;
; Y17      ; 217        ; 5A             ; RESERVED_INPUT_WITH_WEAK_PULLUP ;        ;                                 ;                     ; Row I/O      ;                 ; no       ; On           ;
; Y18      ; 219        ; 5A             ; RESERVED_INPUT_WITH_WEAK_PULLUP ;        ;                                 ;                     ; Row I/O      ;                 ; no       ; On           ;
; Y19      ; 215        ; 5A             ; RESERVED_INPUT_WITH_WEAK_PULLUP ;        ;                                 ;                     ; Row I/O      ;                 ; no       ; On           ;
; Y20      ;            ;                ; GND                             ; gnd    ;                                 ;                     ; --           ;                 ; --       ; --           ;
; Y21      ;            ; 5A             ; VCCPD5A                         ; power  ;                                 ; 2.5V                ; --           ;                 ; --       ; --           ;
; Y24      ; 256        ; 5B             ; RESERVED_INPUT_WITH_WEAK_PULLUP ;        ;                                 ;                     ; Row I/O      ;                 ; no       ; On           ;
; Y25      ;            ;                ; GND                             ; gnd    ;                                 ;                     ; --           ;                 ; --       ; --           ;
; Y26      ; 285        ; 6B             ; RESERVED_INPUT_WITH_WEAK_PULLUP ;        ;                                 ;                     ; Row I/O      ;                 ; no       ; On           ;
; Y27      ; 281        ; 6B             ; HPS_DDR3_DQ[30]                 ; bidir  ; SSTL-15 Class I                 ;                     ; Row I/O      ; Y               ; no       ; Off          ;
; Y28      ; 291        ; 6B             ; RESERVED_INPUT_WITH_WEAK_PULLUP ;        ;                                 ;                     ; Row I/O      ;                 ; no       ; On           ;
+----------+------------+----------------+---------------------------------+--------+---------------------------------+---------------------+--------------+-----------------+----------+--------------+
Note: Pin directions (input, output or bidir) are based on device operating in user mode.


+----------------------------------------------------------------------------------------------------------------------------------------------------------------------------------------------------------------------------------------------------------------------------------+
; DLL Summary                                                                                                                                                                                                                                                                      ;
+---------------------------------------------------------------------------------------------------------------------------------------------------------------------------------------+----------------+----------------------+-------------------------+------------------------+
; DLL                                                                                                                                                                                   ; Location       ; Low Jitter/Fast Lock ; Cycles Required to Lock ; Delay Control Out Mode ;
+---------------------------------------------------------------------------------------------------------------------------------------------------------------------------------------+----------------+----------------------+-------------------------+------------------------+
; scilab_adc2:u_system|scilab_adc2_hps_0:hps_0|scilab_adc2_hps_0_hps_io:hps_io|scilab_adc2_hps_0_hps_io_border:border|hps_sdram:hps_sdram_inst|altera_mem_if_dll_cyclonev:dll|dll_wys_m ; DLL_X89_Y81_N3 ; Low Jitter           ; 1280                    ; normal                 ;
+---------------------------------------------------------------------------------------------------------------------------------------------------------------------------------------+----------------+----------------------+-------------------------+------------------------+


+----------------------------------------------------------+
; I/O Assignment Warnings                                  ;
+-------------------+--------------------------------------+
; Pin Name          ; Reason                               ;
+-------------------+--------------------------------------+
; HPS_DDR3_ADDR[0]  ; Missing slew rate                    ;
; HPS_DDR3_ADDR[1]  ; Missing slew rate                    ;
; HPS_DDR3_ADDR[2]  ; Missing slew rate                    ;
; HPS_DDR3_ADDR[3]  ; Missing slew rate                    ;
; HPS_DDR3_ADDR[4]  ; Missing slew rate                    ;
; HPS_DDR3_ADDR[5]  ; Missing slew rate                    ;
; HPS_DDR3_ADDR[6]  ; Missing slew rate                    ;
; HPS_DDR3_ADDR[7]  ; Missing slew rate                    ;
; HPS_DDR3_ADDR[8]  ; Missing slew rate                    ;
; HPS_DDR3_ADDR[9]  ; Missing slew rate                    ;
; HPS_DDR3_ADDR[10] ; Missing slew rate                    ;
; HPS_DDR3_ADDR[11] ; Missing slew rate                    ;
; HPS_DDR3_ADDR[12] ; Missing slew rate                    ;
; HPS_DDR3_ADDR[13] ; Missing slew rate                    ;
; HPS_DDR3_ADDR[14] ; Missing slew rate                    ;
; HPS_DDR3_BA[0]    ; Missing slew rate                    ;
; HPS_DDR3_BA[1]    ; Missing slew rate                    ;
; HPS_DDR3_BA[2]    ; Missing slew rate                    ;
; HPS_DDR3_CAS_N    ; Missing slew rate                    ;
; HPS_DDR3_CKE      ; Missing slew rate                    ;
; HPS_DDR3_CS_N     ; Missing slew rate                    ;
; HPS_DDR3_ODT      ; Missing slew rate                    ;
; HPS_DDR3_RAS_N    ; Missing slew rate                    ;
; HPS_DDR3_RESET_N  ; Missing slew rate                    ;
; HPS_DDR3_WE_N     ; Missing slew rate                    ;
; ADC_CONVST        ; Missing drive strength and slew rate ;
; ADC_SCK           ; Missing drive strength and slew rate ;
; ADC_SDI           ; Missing drive strength and slew rate ;
+-------------------+--------------------------------------+


+-------------------------------------------------------------------------------------------------------------------------------------------------+
; PLL Usage Summary                                                                                                                               ;
+--------------------------------------------------------------------------------------------------------------------+----------------------------+
;                                                                                                                    ;                            ;
+--------------------------------------------------------------------------------------------------------------------+----------------------------+
; scilab_adc2:u_system|scilab_adc2_pll_0:pll_0|altera_pll:altera_pll_i|general[0].gpll~FRACTIONAL_PLL                ;                            ;
;     -- PLL Type                                                                                                    ; Integer PLL                ;
;     -- PLL Location                                                                                                ; FRACTIONALPLL_X0_Y15_N0    ;
;     -- PLL Feedback clock type                                                                                     ; Global Clock               ;
;     -- PLL Bandwidth                                                                                               ; Auto                       ;
;         -- PLL Bandwidth Range                                                                                     ; 1200000 to 600000 Hz       ;
;     -- Reference Clock Frequency                                                                                   ; 50.0 MHz                   ;
;     -- Reference Clock Sourced by                                                                                  ; Dedicated Pin              ;
;     -- PLL VCO Frequency                                                                                           ; 320.0 MHz                  ;
;     -- PLL Operation Mode                                                                                          ; Source Synchronous         ;
;     -- PLL Freq Min Lock                                                                                           ; 46.875000 MHz              ;
;     -- PLL Freq Max Lock                                                                                           ; 125.000000 MHz             ;
;     -- PLL Enable                                                                                                  ; On                         ;
;     -- PLL Fractional Division                                                                                     ; N/A                        ;
;     -- M Counter                                                                                                   ; 32                         ;
;     -- N Counter                                                                                                   ; 5                          ;
;     -- IOPLL Self RST                                                                                              ; Off                        ;
;     -- PLL Refclk Select                                                                                           ;                            ;
;             -- PLL Refclk Select Location                                                                          ; PLLREFCLKSELECT_X0_Y21_N0  ;
;             -- PLL Reference Clock Input 0 source                                                                  ; clk_0                      ;
;             -- PLL Reference Clock Input 1 source                                                                  ; ref_clk1                   ;
;             -- ADJPLLIN source                                                                                     ; N/A                        ;
;             -- CORECLKIN source                                                                                    ; N/A                        ;
;             -- IQTXRXCLKIN source                                                                                  ; N/A                        ;
;             -- PLLIQCLKIN source                                                                                   ; N/A                        ;
;             -- RXIQCLKIN source                                                                                    ; N/A                        ;
;             -- CLKIN(0) source                                                                                     ; FPGA_CLK1_50~input         ;
;             -- CLKIN(1) source                                                                                     ; N/A                        ;
;             -- CLKIN(2) source                                                                                     ; N/A                        ;
;             -- CLKIN(3) source                                                                                     ; N/A                        ;
;     -- PLL Output Counter                                                                                          ;                            ;
;         -- scilab_adc2:u_system|scilab_adc2_pll_0:pll_0|altera_pll:altera_pll_i|general[0].gpll~PLL_OUTPUT_COUNTER ;                            ;
;             -- Output Clock Frequency                                                                              ; 40.0 MHz                   ;
;             -- Output Clock Location                                                                               ; PLLOUTPUTCOUNTER_X0_Y21_N1 ;
;             -- C Counter Odd Divider Even Duty Enable                                                              ; Off                        ;
;             -- Duty Cycle                                                                                          ; 50.0000                    ;
;             -- Phase Shift                                                                                         ; 0.000000 degrees           ;
;             -- C Counter                                                                                           ; 8                          ;
;             -- C Counter PH Mux PRST                                                                               ; 0                          ;
;             -- C Counter PRST                                                                                      ; 1                          ;
;                                                                                                                    ;                            ;
+--------------------------------------------------------------------------------------------------------------------+----------------------------+


+-----------------------------------------------------------------------------------------------------------------------------------------------------------------------------------------------------------------------------------------------------------------------------------------------------------------------------------------------------------------------------------------------------------------------------------------------------------------------------------------------------------------------------------------------------------------------------------------------------------------------------------------------------------------------------------------------------------------------------------------------------------------------------------------------------------------------------------------------+
; Fitter Resource Utilization by Entity                                                                                                                                                                                                                                                                                                                                                                                                                                                                                                                                                                                                                                                                                                                                                                                                         ;
+-----------------------------------------------------------------------------------------------+----------------------+----------------------------------+---------------------------------------------------+----------------------------------+----------------------+---------------------+---------------------------+---------------+-------------------+-------+------------+------+--------------+-------------------------------------------------------------------------------------------------------------------------------------------------------------------------------------------------------------------------------------------------------------------------------------------------------------------------------------------------------------------+---------------------------------------------------+--------------+
; Compilation Hierarchy Node                                                                    ; ALMs needed [=A-B+C] ; [A] ALMs used in final placement ; [B] Estimate of ALMs recoverable by dense packing ; [C] Estimate of ALMs unavailable ; ALMs used for memory ; Combinational ALUTs ; Dedicated Logic Registers ; I/O Registers ; Block Memory Bits ; M10Ks ; DSP Blocks ; Pins ; Virtual Pins ; Full Hierarchy Name                                                                                                                                                                                                                                                                                                                                               ; Entity Name                                       ; Library Name ;
+-----------------------------------------------------------------------------------------------+----------------------+----------------------------------+---------------------------------------------------+----------------------------------+----------------------+---------------------+---------------------------+---------------+-------------------+-------+------------+------+--------------+-------------------------------------------------------------------------------------------------------------------------------------------------------------------------------------------------------------------------------------------------------------------------------------------------------------------------------------------------------------------+---------------------------------------------------+--------------+
; |top                                                                                          ; 303.0 (0.5)          ; 359.5 (0.5)                      ; 56.5 (0.0)                                        ; 0.0 (0.0)                        ; 0.0 (0.0)            ; 528 (1)             ; 468 (0)                   ; 226 (226)     ; 24576             ; 3     ; 0          ; 77   ; 0            ; |top                                                                                                                                                                                                                                                                                                                                                              ; top                                               ; work         ;
;    |scilab_adc2:u_system|                                                                     ; 302.5 (0.0)          ; 359.0 (0.0)                      ; 56.5 (0.0)                                        ; 0.0 (0.0)                        ; 0.0 (0.0)            ; 527 (0)             ; 468 (0)                   ; 0 (0)         ; 24576             ; 3     ; 0          ; 0    ; 0            ; |top|scilab_adc2:u_system                                                                                                                                                                                                                                                                                                                                         ; scilab_adc2                                       ; scilab_adc2  ;
;       |adc_ltc2308_fifo:adc_ltc2308_0|                                                        ; 98.2 (27.4)          ; 133.8 (33.7)                     ; 35.7 (6.3)                                        ; 0.0 (0.0)                        ; 0.0 (0.0)            ; 170 (51)            ; 227 (48)                  ; 0 (0)         ; 24576             ; 3     ; 0          ; 0    ; 0            ; |top|scilab_adc2:u_system|adc_ltc2308_fifo:adc_ltc2308_0                                                                                                                                                                                                                                                                                                          ; adc_ltc2308_fifo                                  ; scilab_adc2  ;
;          |adc_data_fifo:adc_data_fifo_inst|                                                   ; 38.2 (0.0)           ; 63.2 (0.0)                       ; 24.9 (0.0)                                        ; 0.0 (0.0)                        ; 0.0 (0.0)            ; 58 (0)              ; 133 (0)                   ; 0 (0)         ; 24576             ; 3     ; 0          ; 0    ; 0            ; |top|scilab_adc2:u_system|adc_ltc2308_fifo:adc_ltc2308_0|adc_data_fifo:adc_data_fifo_inst                                                                                                                                                                                                                                                                         ; adc_data_fifo                                     ; scilab_adc2  ;
;             |dcfifo:dcfifo_component|                                                         ; 38.2 (0.0)           ; 63.2 (0.0)                       ; 24.9 (0.0)                                        ; 0.0 (0.0)                        ; 0.0 (0.0)            ; 58 (0)              ; 133 (0)                   ; 0 (0)         ; 24576             ; 3     ; 0          ; 0    ; 0            ; |top|scilab_adc2:u_system|adc_ltc2308_fifo:adc_ltc2308_0|adc_data_fifo:adc_data_fifo_inst|dcfifo:dcfifo_component                                                                                                                                                                                                                                                 ; dcfifo                                            ; work         ;
;                |dcfifo_s7q1:auto_generated|                                                   ; 38.2 (5.0)           ; 63.2 (18.3)                      ; 24.9 (13.3)                                       ; 0.0 (0.0)                        ; 0.0 (0.0)            ; 58 (7)              ; 133 (38)                  ; 0 (0)         ; 24576             ; 3     ; 0          ; 0    ; 0            ; |top|scilab_adc2:u_system|adc_ltc2308_fifo:adc_ltc2308_0|adc_data_fifo:adc_data_fifo_inst|dcfifo:dcfifo_component|dcfifo_s7q1:auto_generated                                                                                                                                                                                                                      ; dcfifo_s7q1                                       ; work         ;
;                   |a_graycounter_ldc:wrptr_g1p|                                               ; 9.9 (9.9)            ; 10.1 (10.1)                      ; 0.2 (0.2)                                         ; 0.0 (0.0)                        ; 0.0 (0.0)            ; 18 (18)             ; 24 (24)                   ; 0 (0)         ; 0                 ; 0     ; 0          ; 0    ; 0            ; |top|scilab_adc2:u_system|adc_ltc2308_fifo:adc_ltc2308_0|adc_data_fifo:adc_data_fifo_inst|dcfifo:dcfifo_component|dcfifo_s7q1:auto_generated|a_graycounter_ldc:wrptr_g1p                                                                                                                                                                                          ; a_graycounter_ldc                                 ; work         ;
;                   |a_graycounter_pv6:rdptr_g1p|                                               ; 13.2 (13.2)          ; 14.4 (14.4)                      ; 1.2 (1.2)                                         ; 0.0 (0.0)                        ; 0.0 (0.0)            ; 24 (24)             ; 23 (23)                   ; 0 (0)         ; 0                 ; 0     ; 0          ; 0    ; 0            ; |top|scilab_adc2:u_system|adc_ltc2308_fifo:adc_ltc2308_0|adc_data_fifo:adc_data_fifo_inst|dcfifo:dcfifo_component|dcfifo_s7q1:auto_generated|a_graycounter_pv6:rdptr_g1p                                                                                                                                                                                          ; a_graycounter_pv6                                 ; work         ;
;                   |alt_synch_pipe_apl:rs_dgwp|                                                ; 4.2 (0.0)            ; 7.5 (0.0)                        ; 3.2 (0.0)                                         ; 0.0 (0.0)                        ; 0.0 (0.0)            ; 0 (0)               ; 24 (0)                    ; 0 (0)         ; 0                 ; 0     ; 0          ; 0    ; 0            ; |top|scilab_adc2:u_system|adc_ltc2308_fifo:adc_ltc2308_0|adc_data_fifo:adc_data_fifo_inst|dcfifo:dcfifo_component|dcfifo_s7q1:auto_generated|alt_synch_pipe_apl:rs_dgwp                                                                                                                                                                                           ; alt_synch_pipe_apl                                ; work         ;
;                      |dffpipe_re9:dffpipe12|                                                  ; 4.2 (4.2)            ; 7.5 (7.5)                        ; 3.2 (3.2)                                         ; 0.0 (0.0)                        ; 0.0 (0.0)            ; 0 (0)               ; 24 (24)                   ; 0 (0)         ; 0                 ; 0     ; 0          ; 0    ; 0            ; |top|scilab_adc2:u_system|adc_ltc2308_fifo:adc_ltc2308_0|adc_data_fifo:adc_data_fifo_inst|dcfifo:dcfifo_component|dcfifo_s7q1:auto_generated|alt_synch_pipe_apl:rs_dgwp|dffpipe_re9:dffpipe12                                                                                                                                                                     ; dffpipe_re9                                       ; work         ;
;                   |alt_synch_pipe_bpl:ws_dgrp|                                                ; 1.4 (0.0)            ; 8.1 (0.0)                        ; 6.6 (0.0)                                         ; 0.0 (0.0)                        ; 0.0 (0.0)            ; 0 (0)               ; 24 (0)                    ; 0 (0)         ; 0                 ; 0     ; 0          ; 0    ; 0            ; |top|scilab_adc2:u_system|adc_ltc2308_fifo:adc_ltc2308_0|adc_data_fifo:adc_data_fifo_inst|dcfifo:dcfifo_component|dcfifo_s7q1:auto_generated|alt_synch_pipe_bpl:ws_dgrp                                                                                                                                                                                           ; alt_synch_pipe_bpl                                ; work         ;
;                      |dffpipe_se9:dffpipe15|                                                  ; 1.4 (1.4)            ; 8.1 (8.1)                        ; 6.6 (6.6)                                         ; 0.0 (0.0)                        ; 0.0 (0.0)            ; 0 (0)               ; 24 (24)                   ; 0 (0)         ; 0                 ; 0     ; 0          ; 0    ; 0            ; |top|scilab_adc2:u_system|adc_ltc2308_fifo:adc_ltc2308_0|adc_data_fifo:adc_data_fifo_inst|dcfifo:dcfifo_component|dcfifo_s7q1:auto_generated|alt_synch_pipe_bpl:ws_dgrp|dffpipe_se9:dffpipe15                                                                                                                                                                     ; dffpipe_se9                                       ; work         ;
;                   |altsyncram_91b1:fifo_ram|                                                  ; 0.0 (0.0)            ; 0.0 (0.0)                        ; 0.0 (0.0)                                         ; 0.0 (0.0)                        ; 0.0 (0.0)            ; 0 (0)               ; 0 (0)                     ; 0 (0)         ; 24576             ; 3     ; 0          ; 0    ; 0            ; |top|scilab_adc2:u_system|adc_ltc2308_fifo:adc_ltc2308_0|adc_data_fifo:adc_data_fifo_inst|dcfifo:dcfifo_component|dcfifo_s7q1:auto_generated|altsyncram_91b1:fifo_ram                                                                                                                                                                                             ; altsyncram_91b1                                   ; work         ;
;                   |cmpr_b06:rdempty_eq_comp|                                                  ; 2.0 (2.0)            ; 2.0 (2.0)                        ; 0.0 (0.0)                                         ; 0.0 (0.0)                        ; 0.0 (0.0)            ; 4 (4)               ; 0 (0)                     ; 0 (0)         ; 0                 ; 0     ; 0          ; 0    ; 0            ; |top|scilab_adc2:u_system|adc_ltc2308_fifo:adc_ltc2308_0|adc_data_fifo:adc_data_fifo_inst|dcfifo:dcfifo_component|dcfifo_s7q1:auto_generated|cmpr_b06:rdempty_eq_comp                                                                                                                                                                                             ; cmpr_b06                                          ; work         ;
;                   |cmpr_b06:wrfull_eq_comp|                                                   ; 2.5 (2.5)            ; 2.8 (2.8)                        ; 0.3 (0.3)                                         ; 0.0 (0.0)                        ; 0.0 (0.0)            ; 5 (5)               ; 0 (0)                     ; 0 (0)         ; 0                 ; 0     ; 0          ; 0    ; 0            ; |top|scilab_adc2:u_system|adc_ltc2308_fifo:adc_ltc2308_0|adc_data_fifo:adc_data_fifo_inst|dcfifo:dcfifo_component|dcfifo_s7q1:auto_generated|cmpr_b06:wrfull_eq_comp                                                                                                                                                                                              ; cmpr_b06                                          ; work         ;
;          |adc_ltc2308:adc_ltc2308_inst|                                                       ; 32.5 (32.5)          ; 37.0 (37.0)                      ; 4.5 (4.5)                                         ; 0.0 (0.0)                        ; 0.0 (0.0)            ; 61 (61)             ; 46 (46)                   ; 0 (0)         ; 0                 ; 0     ; 0          ; 0    ; 0            ; |top|scilab_adc2:u_system|adc_ltc2308_fifo:adc_ltc2308_0|adc_ltc2308:adc_ltc2308_inst                                                                                                                                                                                                                                                                             ; adc_ltc2308                                       ; scilab_adc2  ;
;       |altera_reset_controller:rst_controller|                                                ; 0.7 (0.0)            ; 1.3 (0.0)                        ; 0.7 (0.0)                                         ; 0.0 (0.0)                        ; 0.0 (0.0)            ; 1 (0)               ; 3 (0)                     ; 0 (0)         ; 0                 ; 0     ; 0          ; 0    ; 0            ; |top|scilab_adc2:u_system|altera_reset_controller:rst_controller                                                                                                                                                                                                                                                                                                  ; altera_reset_controller                           ; scilab_adc2  ;
;          |altera_reset_synchronizer:alt_rst_sync_uq1|                                         ; 0.7 (0.7)            ; 1.3 (1.3)                        ; 0.7 (0.7)                                         ; 0.0 (0.0)                        ; 0.0 (0.0)            ; 1 (1)               ; 3 (3)                     ; 0 (0)         ; 0                 ; 0     ; 0          ; 0    ; 0            ; |top|scilab_adc2:u_system|altera_reset_controller:rst_controller|altera_reset_synchronizer:alt_rst_sync_uq1                                                                                                                                                                                                                                                       ; altera_reset_synchronizer                         ; scilab_adc2  ;
;       |altera_reset_controller:rst_controller_001|                                            ; 0.7 (0.0)            ; 1.5 (0.0)                        ; 0.8 (0.0)                                         ; 0.0 (0.0)                        ; 0.0 (0.0)            ; 1 (0)               ; 3 (0)                     ; 0 (0)         ; 0                 ; 0     ; 0          ; 0    ; 0            ; |top|scilab_adc2:u_system|altera_reset_controller:rst_controller_001                                                                                                                                                                                                                                                                                              ; altera_reset_controller                           ; scilab_adc2  ;
;          |altera_reset_synchronizer:alt_rst_sync_uq1|                                         ; 0.7 (0.7)            ; 1.5 (1.5)                        ; 0.8 (0.8)                                         ; 0.0 (0.0)                        ; 0.0 (0.0)            ; 1 (1)               ; 3 (3)                     ; 0 (0)         ; 0                 ; 0     ; 0          ; 0    ; 0            ; |top|scilab_adc2:u_system|altera_reset_controller:rst_controller_001|altera_reset_synchronizer:alt_rst_sync_uq1                                                                                                                                                                                                                                                   ; altera_reset_synchronizer                         ; scilab_adc2  ;
;       |scilab_adc2_hps_0:hps_0|                                                               ; 0.0 (0.0)            ; 0.0 (0.0)                        ; 0.0 (0.0)                                         ; 0.0 (0.0)                        ; 0.0 (0.0)            ; 0 (0)               ; 0 (0)                     ; 0 (0)         ; 0                 ; 0     ; 0          ; 0    ; 0            ; |top|scilab_adc2:u_system|scilab_adc2_hps_0:hps_0                                                                                                                                                                                                                                                                                                                 ; scilab_adc2_hps_0                                 ; scilab_adc2  ;
;          |scilab_adc2_hps_0_fpga_interfaces:fpga_interfaces|                                  ; 0.0 (0.0)            ; 0.0 (0.0)                        ; 0.0 (0.0)                                         ; 0.0 (0.0)                        ; 0.0 (0.0)            ; 0 (0)               ; 0 (0)                     ; 0 (0)         ; 0                 ; 0     ; 0          ; 0    ; 0            ; |top|scilab_adc2:u_system|scilab_adc2_hps_0:hps_0|scilab_adc2_hps_0_fpga_interfaces:fpga_interfaces                                                                                                                                                                                                                                                               ; scilab_adc2_hps_0_fpga_interfaces                 ; scilab_adc2  ;
;          |scilab_adc2_hps_0_hps_io:hps_io|                                                    ; 0.0 (0.0)            ; 0.0 (0.0)                        ; 0.0 (0.0)                                         ; 0.0 (0.0)                        ; 0.0 (0.0)            ; 0 (0)               ; 0 (0)                     ; 0 (0)         ; 0                 ; 0     ; 0          ; 0    ; 0            ; |top|scilab_adc2:u_system|scilab_adc2_hps_0:hps_0|scilab_adc2_hps_0_hps_io:hps_io                                                                                                                                                                                                                                                                                 ; scilab_adc2_hps_0_hps_io                          ; scilab_adc2  ;
;             |scilab_adc2_hps_0_hps_io_border:border|                                          ; 0.0 (0.0)            ; 0.0 (0.0)                        ; 0.0 (0.0)                                         ; 0.0 (0.0)                        ; 0.0 (0.0)            ; 0 (0)               ; 0 (0)                     ; 0 (0)         ; 0                 ; 0     ; 0          ; 0    ; 0            ; |top|scilab_adc2:u_system|scilab_adc2_hps_0:hps_0|scilab_adc2_hps_0_hps_io:hps_io|scilab_adc2_hps_0_hps_io_border:border                                                                                                                                                                                                                                          ; scilab_adc2_hps_0_hps_io_border                   ; scilab_adc2  ;
;                |hps_sdram:hps_sdram_inst|                                                     ; 0.0 (0.0)            ; 0.0 (0.0)                        ; 0.0 (0.0)                                         ; 0.0 (0.0)                        ; 0.0 (0.0)            ; 0 (0)               ; 0 (0)                     ; 0 (0)         ; 0                 ; 0     ; 0          ; 0    ; 0            ; |top|scilab_adc2:u_system|scilab_adc2_hps_0:hps_0|scilab_adc2_hps_0_hps_io:hps_io|scilab_adc2_hps_0_hps_io_border:border|hps_sdram:hps_sdram_inst                                                                                                                                                                                                                 ; hps_sdram                                         ; scilab_adc2  ;
;                   |altera_mem_if_dll_cyclonev:dll|                                            ; 0.0 (0.0)            ; 0.0 (0.0)                        ; 0.0 (0.0)                                         ; 0.0 (0.0)                        ; 0.0 (0.0)            ; 0 (0)               ; 0 (0)                     ; 0 (0)         ; 0                 ; 0     ; 0          ; 0    ; 0            ; |top|scilab_adc2:u_system|scilab_adc2_hps_0:hps_0|scilab_adc2_hps_0_hps_io:hps_io|scilab_adc2_hps_0_hps_io_border:border|hps_sdram:hps_sdram_inst|altera_mem_if_dll_cyclonev:dll                                                                                                                                                                                  ; altera_mem_if_dll_cyclonev                        ; scilab_adc2  ;
;                   |altera_mem_if_hard_memory_controller_top_cyclonev:c0|                      ; 0.0 (0.0)            ; 0.0 (0.0)                        ; 0.0 (0.0)                                         ; 0.0 (0.0)                        ; 0.0 (0.0)            ; 0 (0)               ; 0 (0)                     ; 0 (0)         ; 0                 ; 0     ; 0          ; 0    ; 0            ; |top|scilab_adc2:u_system|scilab_adc2_hps_0:hps_0|scilab_adc2_hps_0_hps_io:hps_io|scilab_adc2_hps_0_hps_io_border:border|hps_sdram:hps_sdram_inst|altera_mem_if_hard_memory_controller_top_cyclonev:c0                                                                                                                                                            ; altera_mem_if_hard_memory_controller_top_cyclonev ; scilab_adc2  ;
;                   |altera_mem_if_oct_cyclonev:oct|                                            ; 0.0 (0.0)            ; 0.0 (0.0)                        ; 0.0 (0.0)                                         ; 0.0 (0.0)                        ; 0.0 (0.0)            ; 0 (0)               ; 0 (0)                     ; 0 (0)         ; 0                 ; 0     ; 0          ; 0    ; 0            ; |top|scilab_adc2:u_system|scilab_adc2_hps_0:hps_0|scilab_adc2_hps_0_hps_io:hps_io|scilab_adc2_hps_0_hps_io_border:border|hps_sdram:hps_sdram_inst|altera_mem_if_oct_cyclonev:oct                                                                                                                                                                                  ; altera_mem_if_oct_cyclonev                        ; scilab_adc2  ;
;                   |hps_sdram_p0:p0|                                                           ; 0.0 (0.0)            ; 0.0 (0.0)                        ; 0.0 (0.0)                                         ; 0.0 (0.0)                        ; 0.0 (0.0)            ; 0 (0)               ; 0 (0)                     ; 0 (0)         ; 0                 ; 0     ; 0          ; 0    ; 0            ; |top|scilab_adc2:u_system|scilab_adc2_hps_0:hps_0|scilab_adc2_hps_0_hps_io:hps_io|scilab_adc2_hps_0_hps_io_border:border|hps_sdram:hps_sdram_inst|hps_sdram_p0:p0                                                                                                                                                                                                 ; hps_sdram_p0                                      ; scilab_adc2  ;
;                      |hps_sdram_p0_acv_hard_memphy:umemphy|                                   ; 0.0 (0.0)            ; 0.0 (0.0)                        ; 0.0 (0.0)                                         ; 0.0 (0.0)                        ; 0.0 (0.0)            ; 0 (0)               ; 0 (0)                     ; 0 (0)         ; 0                 ; 0     ; 0          ; 0    ; 0            ; |top|scilab_adc2:u_system|scilab_adc2_hps_0:hps_0|scilab_adc2_hps_0_hps_io:hps_io|scilab_adc2_hps_0_hps_io_border:border|hps_sdram:hps_sdram_inst|hps_sdram_p0:p0|hps_sdram_p0_acv_hard_memphy:umemphy                                                                                                                                                            ; hps_sdram_p0_acv_hard_memphy                      ; scilab_adc2  ;
;                         |hps_sdram_p0_acv_hard_io_pads:uio_pads|                              ; 0.0 (0.0)            ; 0.0 (0.0)                        ; 0.0 (0.0)                                         ; 0.0 (0.0)                        ; 0.0 (0.0)            ; 0 (0)               ; 0 (0)                     ; 0 (0)         ; 0                 ; 0     ; 0          ; 0    ; 0            ; |top|scilab_adc2:u_system|scilab_adc2_hps_0:hps_0|scilab_adc2_hps_0_hps_io:hps_io|scilab_adc2_hps_0_hps_io_border:border|hps_sdram:hps_sdram_inst|hps_sdram_p0:p0|hps_sdram_p0_acv_hard_memphy:umemphy|hps_sdram_p0_acv_hard_io_pads:uio_pads                                                                                                                     ; hps_sdram_p0_acv_hard_io_pads                     ; scilab_adc2  ;
;                            |hps_sdram_p0_acv_hard_addr_cmd_pads:uaddr_cmd_pads|               ; 0.0 (0.0)            ; 0.0 (0.0)                        ; 0.0 (0.0)                                         ; 0.0 (0.0)                        ; 0.0 (0.0)            ; 0 (0)               ; 0 (0)                     ; 0 (0)         ; 0                 ; 0     ; 0          ; 0    ; 0            ; |top|scilab_adc2:u_system|scilab_adc2_hps_0:hps_0|scilab_adc2_hps_0_hps_io:hps_io|scilab_adc2_hps_0_hps_io_border:border|hps_sdram:hps_sdram_inst|hps_sdram_p0:p0|hps_sdram_p0_acv_hard_memphy:umemphy|hps_sdram_p0_acv_hard_io_pads:uio_pads|hps_sdram_p0_acv_hard_addr_cmd_pads:uaddr_cmd_pads                                                                  ; hps_sdram_p0_acv_hard_addr_cmd_pads               ; scilab_adc2  ;
;                               |altddio_out:clock_gen[0].umem_ck_pad|                          ; 0.0 (0.0)            ; 0.0 (0.0)                        ; 0.0 (0.0)                                         ; 0.0 (0.0)                        ; 0.0 (0.0)            ; 0 (0)               ; 0 (0)                     ; 0 (0)         ; 0                 ; 0     ; 0          ; 0    ; 0            ; |top|scilab_adc2:u_system|scilab_adc2_hps_0:hps_0|scilab_adc2_hps_0_hps_io:hps_io|scilab_adc2_hps_0_hps_io_border:border|hps_sdram:hps_sdram_inst|hps_sdram_p0:p0|hps_sdram_p0_acv_hard_memphy:umemphy|hps_sdram_p0_acv_hard_io_pads:uio_pads|hps_sdram_p0_acv_hard_addr_cmd_pads:uaddr_cmd_pads|altddio_out:clock_gen[0].umem_ck_pad                             ; altddio_out                                       ; work         ;
;                                  |ddio_out_uqe:auto_generated|                                ; 0.0 (0.0)            ; 0.0 (0.0)                        ; 0.0 (0.0)                                         ; 0.0 (0.0)                        ; 0.0 (0.0)            ; 0 (0)               ; 0 (0)                     ; 0 (0)         ; 0                 ; 0     ; 0          ; 0    ; 0            ; |top|scilab_adc2:u_system|scilab_adc2_hps_0:hps_0|scilab_adc2_hps_0_hps_io:hps_io|scilab_adc2_hps_0_hps_io_border:border|hps_sdram:hps_sdram_inst|hps_sdram_p0:p0|hps_sdram_p0_acv_hard_memphy:umemphy|hps_sdram_p0_acv_hard_io_pads:uio_pads|hps_sdram_p0_acv_hard_addr_cmd_pads:uaddr_cmd_pads|altddio_out:clock_gen[0].umem_ck_pad|ddio_out_uqe:auto_generated ; ddio_out_uqe                                      ; work         ;
;                               |hps_sdram_p0_acv_ldc:address_gen[0].acv_ac_ldc|                ; 0.0 (0.0)            ; 0.0 (0.0)                        ; 0.0 (0.0)                                         ; 0.0 (0.0)                        ; 0.0 (0.0)            ; 0 (0)               ; 0 (0)                     ; 0 (0)         ; 0                 ; 0     ; 0          ; 0    ; 0            ; |top|scilab_adc2:u_system|scilab_adc2_hps_0:hps_0|scilab_adc2_hps_0_hps_io:hps_io|scilab_adc2_hps_0_hps_io_border:border|hps_sdram:hps_sdram_inst|hps_sdram_p0:p0|hps_sdram_p0_acv_hard_memphy:umemphy|hps_sdram_p0_acv_hard_io_pads:uio_pads|hps_sdram_p0_acv_hard_addr_cmd_pads:uaddr_cmd_pads|hps_sdram_p0_acv_ldc:address_gen[0].acv_ac_ldc                   ; hps_sdram_p0_acv_ldc                              ; scilab_adc2  ;
;                               |hps_sdram_p0_acv_ldc:address_gen[19].acv_ac_ldc|               ; 0.0 (0.0)            ; 0.0 (0.0)                        ; 0.0 (0.0)                                         ; 0.0 (0.0)                        ; 0.0 (0.0)            ; 0 (0)               ; 0 (0)                     ; 0 (0)         ; 0                 ; 0     ; 0          ; 0    ; 0            ; |top|scilab_adc2:u_system|scilab_adc2_hps_0:hps_0|scilab_adc2_hps_0_hps_io:hps_io|scilab_adc2_hps_0_hps_io_border:border|hps_sdram:hps_sdram_inst|hps_sdram_p0:p0|hps_sdram_p0_acv_hard_memphy:umemphy|hps_sdram_p0_acv_hard_io_pads:uio_pads|hps_sdram_p0_acv_hard_addr_cmd_pads:uaddr_cmd_pads|hps_sdram_p0_acv_ldc:address_gen[19].acv_ac_ldc                  ; hps_sdram_p0_acv_ldc                              ; scilab_adc2  ;
;                               |hps_sdram_p0_acv_ldc:address_gen[20].acv_ac_ldc|               ; 0.0 (0.0)            ; 0.0 (0.0)                        ; 0.0 (0.0)                                         ; 0.0 (0.0)                        ; 0.0 (0.0)            ; 0 (0)               ; 0 (0)                     ; 0 (0)         ; 0                 ; 0     ; 0          ; 0    ; 0            ; |top|scilab_adc2:u_system|scilab_adc2_hps_0:hps_0|scilab_adc2_hps_0_hps_io:hps_io|scilab_adc2_hps_0_hps_io_border:border|hps_sdram:hps_sdram_inst|hps_sdram_p0:p0|hps_sdram_p0_acv_hard_memphy:umemphy|hps_sdram_p0_acv_hard_io_pads:uio_pads|hps_sdram_p0_acv_hard_addr_cmd_pads:uaddr_cmd_pads|hps_sdram_p0_acv_ldc:address_gen[20].acv_ac_ldc                  ; hps_sdram_p0_acv_ldc                              ; scilab_adc2  ;
;                               |hps_sdram_p0_acv_ldc:address_gen[24].acv_ac_ldc|               ; 0.0 (0.0)            ; 0.0 (0.0)                        ; 0.0 (0.0)                                         ; 0.0 (0.0)                        ; 0.0 (0.0)            ; 0 (0)               ; 0 (0)                     ; 0 (0)         ; 0                 ; 0     ; 0          ; 0    ; 0            ; |top|scilab_adc2:u_system|scilab_adc2_hps_0:hps_0|scilab_adc2_hps_0_hps_io:hps_io|scilab_adc2_hps_0_hps_io_border:border|hps_sdram:hps_sdram_inst|hps_sdram_p0:p0|hps_sdram_p0_acv_hard_memphy:umemphy|hps_sdram_p0_acv_hard_io_pads:uio_pads|hps_sdram_p0_acv_hard_addr_cmd_pads:uaddr_cmd_pads|hps_sdram_p0_acv_ldc:address_gen[24].acv_ac_ldc                  ; hps_sdram_p0_acv_ldc                              ; scilab_adc2  ;
;                               |hps_sdram_p0_acv_ldc:address_gen[8].acv_ac_ldc|                ; 0.0 (0.0)            ; 0.0 (0.0)                        ; 0.0 (0.0)                                         ; 0.0 (0.0)                        ; 0.0 (0.0)            ; 0 (0)               ; 0 (0)                     ; 0 (0)         ; 0                 ; 0     ; 0          ; 0    ; 0            ; |top|scilab_adc2:u_system|scilab_adc2_hps_0:hps_0|scilab_adc2_hps_0_hps_io:hps_io|scilab_adc2_hps_0_hps_io_border:border|hps_sdram:hps_sdram_inst|hps_sdram_p0:p0|hps_sdram_p0_acv_hard_memphy:umemphy|hps_sdram_p0_acv_hard_io_pads:uio_pads|hps_sdram_p0_acv_hard_addr_cmd_pads:uaddr_cmd_pads|hps_sdram_p0_acv_ldc:address_gen[8].acv_ac_ldc                   ; hps_sdram_p0_acv_ldc                              ; scilab_adc2  ;
;                               |hps_sdram_p0_clock_pair_generator:clock_gen[0].uclk_generator| ; 0.0 (0.0)            ; 0.0 (0.0)                        ; 0.0 (0.0)                                         ; 0.0 (0.0)                        ; 0.0 (0.0)            ; 0 (0)               ; 0 (0)                     ; 0 (0)         ; 0                 ; 0     ; 0          ; 0    ; 0            ; |top|scilab_adc2:u_system|scilab_adc2_hps_0:hps_0|scilab_adc2_hps_0_hps_io:hps_io|scilab_adc2_hps_0_hps_io_border:border|hps_sdram:hps_sdram_inst|hps_sdram_p0:p0|hps_sdram_p0_acv_hard_memphy:umemphy|hps_sdram_p0_acv_hard_io_pads:uio_pads|hps_sdram_p0_acv_hard_addr_cmd_pads:uaddr_cmd_pads|hps_sdram_p0_clock_pair_generator:clock_gen[0].uclk_generator    ; hps_sdram_p0_clock_pair_generator                 ; scilab_adc2  ;
;                               |hps_sdram_p0_generic_ddio:uaddress_pad|                        ; 0.0 (0.0)            ; 0.0 (0.0)                        ; 0.0 (0.0)                                         ; 0.0 (0.0)                        ; 0.0 (0.0)            ; 0 (0)               ; 0 (0)                     ; 0 (0)         ; 0                 ; 0     ; 0          ; 0    ; 0            ; |top|scilab_adc2:u_system|scilab_adc2_hps_0:hps_0|scilab_adc2_hps_0_hps_io:hps_io|scilab_adc2_hps_0_hps_io_border:border|hps_sdram:hps_sdram_inst|hps_sdram_p0:p0|hps_sdram_p0_acv_hard_memphy:umemphy|hps_sdram_p0_acv_hard_io_pads:uio_pads|hps_sdram_p0_acv_hard_addr_cmd_pads:uaddr_cmd_pads|hps_sdram_p0_generic_ddio:uaddress_pad                           ; hps_sdram_p0_generic_ddio                         ; scilab_adc2  ;
;                               |hps_sdram_p0_generic_ddio:ubank_pad|                           ; 0.0 (0.0)            ; 0.0 (0.0)                        ; 0.0 (0.0)                                         ; 0.0 (0.0)                        ; 0.0 (0.0)            ; 0 (0)               ; 0 (0)                     ; 0 (0)         ; 0                 ; 0     ; 0          ; 0    ; 0            ; |top|scilab_adc2:u_system|scilab_adc2_hps_0:hps_0|scilab_adc2_hps_0_hps_io:hps_io|scilab_adc2_hps_0_hps_io_border:border|hps_sdram:hps_sdram_inst|hps_sdram_p0:p0|hps_sdram_p0_acv_hard_memphy:umemphy|hps_sdram_p0_acv_hard_io_pads:uio_pads|hps_sdram_p0_acv_hard_addr_cmd_pads:uaddr_cmd_pads|hps_sdram_p0_generic_ddio:ubank_pad                              ; hps_sdram_p0_generic_ddio                         ; scilab_adc2  ;
;                               |hps_sdram_p0_generic_ddio:ucmd_pad|                            ; 0.0 (0.0)            ; 0.0 (0.0)                        ; 0.0 (0.0)                                         ; 0.0 (0.0)                        ; 0.0 (0.0)            ; 0 (0)               ; 0 (0)                     ; 0 (0)         ; 0                 ; 0     ; 0          ; 0    ; 0            ; |top|scilab_adc2:u_system|scilab_adc2_hps_0:hps_0|scilab_adc2_hps_0_hps_io:hps_io|scilab_adc2_hps_0_hps_io_border:border|hps_sdram:hps_sdram_inst|hps_sdram_p0:p0|hps_sdram_p0_acv_hard_memphy:umemphy|hps_sdram_p0_acv_hard_io_pads:uio_pads|hps_sdram_p0_acv_hard_addr_cmd_pads:uaddr_cmd_pads|hps_sdram_p0_generic_ddio:ucmd_pad                               ; hps_sdram_p0_generic_ddio                         ; scilab_adc2  ;
;                               |hps_sdram_p0_generic_ddio:ureset_n_pad|                        ; 0.0 (0.0)            ; 0.0 (0.0)                        ; 0.0 (0.0)                                         ; 0.0 (0.0)                        ; 0.0 (0.0)            ; 0 (0)               ; 0 (0)                     ; 0 (0)         ; 0                 ; 0     ; 0          ; 0    ; 0            ; |top|scilab_adc2:u_system|scilab_adc2_hps_0:hps_0|scilab_adc2_hps_0_hps_io:hps_io|scilab_adc2_hps_0_hps_io_border:border|hps_sdram:hps_sdram_inst|hps_sdram_p0:p0|hps_sdram_p0_acv_hard_memphy:umemphy|hps_sdram_p0_acv_hard_io_pads:uio_pads|hps_sdram_p0_acv_hard_addr_cmd_pads:uaddr_cmd_pads|hps_sdram_p0_generic_ddio:ureset_n_pad                           ; hps_sdram_p0_generic_ddio                         ; scilab_adc2  ;
;                            |hps_sdram_p0_altdqdqs:dq_ddio[0].ubidir_dq_dqs|                   ; 0.0 (0.0)            ; 0.0 (0.0)                        ; 0.0 (0.0)                                         ; 0.0 (0.0)                        ; 0.0 (0.0)            ; 0 (0)               ; 0 (0)                     ; 0 (0)         ; 0                 ; 0     ; 0          ; 0    ; 0            ; |top|scilab_adc2:u_system|scilab_adc2_hps_0:hps_0|scilab_adc2_hps_0_hps_io:hps_io|scilab_adc2_hps_0_hps_io_border:border|hps_sdram:hps_sdram_inst|hps_sdram_p0:p0|hps_sdram_p0_acv_hard_memphy:umemphy|hps_sdram_p0_acv_hard_io_pads:uio_pads|hps_sdram_p0_altdqdqs:dq_ddio[0].ubidir_dq_dqs                                                                      ; hps_sdram_p0_altdqdqs                             ; scilab_adc2  ;
;                               |altdq_dqs2_acv_connect_to_hard_phy_cyclonev:altdq_dqs2_inst|   ; 0.0 (0.0)            ; 0.0 (0.0)                        ; 0.0 (0.0)                                         ; 0.0 (0.0)                        ; 0.0 (0.0)            ; 0 (0)               ; 0 (0)                     ; 0 (0)         ; 0                 ; 0     ; 0          ; 0    ; 0            ; |top|scilab_adc2:u_system|scilab_adc2_hps_0:hps_0|scilab_adc2_hps_0_hps_io:hps_io|scilab_adc2_hps_0_hps_io_border:border|hps_sdram:hps_sdram_inst|hps_sdram_p0:p0|hps_sdram_p0_acv_hard_memphy:umemphy|hps_sdram_p0_acv_hard_io_pads:uio_pads|hps_sdram_p0_altdqdqs:dq_ddio[0].ubidir_dq_dqs|altdq_dqs2_acv_connect_to_hard_phy_cyclonev:altdq_dqs2_inst          ; altdq_dqs2_acv_connect_to_hard_phy_cyclonev       ; scilab_adc2  ;
;                            |hps_sdram_p0_altdqdqs:dq_ddio[1].ubidir_dq_dqs|                   ; 0.0 (0.0)            ; 0.0 (0.0)                        ; 0.0 (0.0)                                         ; 0.0 (0.0)                        ; 0.0 (0.0)            ; 0 (0)               ; 0 (0)                     ; 0 (0)         ; 0                 ; 0     ; 0          ; 0    ; 0            ; |top|scilab_adc2:u_system|scilab_adc2_hps_0:hps_0|scilab_adc2_hps_0_hps_io:hps_io|scilab_adc2_hps_0_hps_io_border:border|hps_sdram:hps_sdram_inst|hps_sdram_p0:p0|hps_sdram_p0_acv_hard_memphy:umemphy|hps_sdram_p0_acv_hard_io_pads:uio_pads|hps_sdram_p0_altdqdqs:dq_ddio[1].ubidir_dq_dqs                                                                      ; hps_sdram_p0_altdqdqs                             ; scilab_adc2  ;
;                               |altdq_dqs2_acv_connect_to_hard_phy_cyclonev:altdq_dqs2_inst|   ; 0.0 (0.0)            ; 0.0 (0.0)                        ; 0.0 (0.0)                                         ; 0.0 (0.0)                        ; 0.0 (0.0)            ; 0 (0)               ; 0 (0)                     ; 0 (0)         ; 0                 ; 0     ; 0          ; 0    ; 0            ; |top|scilab_adc2:u_system|scilab_adc2_hps_0:hps_0|scilab_adc2_hps_0_hps_io:hps_io|scilab_adc2_hps_0_hps_io_border:border|hps_sdram:hps_sdram_inst|hps_sdram_p0:p0|hps_sdram_p0_acv_hard_memphy:umemphy|hps_sdram_p0_acv_hard_io_pads:uio_pads|hps_sdram_p0_altdqdqs:dq_ddio[1].ubidir_dq_dqs|altdq_dqs2_acv_connect_to_hard_phy_cyclonev:altdq_dqs2_inst          ; altdq_dqs2_acv_connect_to_hard_phy_cyclonev       ; scilab_adc2  ;
;                            |hps_sdram_p0_altdqdqs:dq_ddio[2].ubidir_dq_dqs|                   ; 0.0 (0.0)            ; 0.0 (0.0)                        ; 0.0 (0.0)                                         ; 0.0 (0.0)                        ; 0.0 (0.0)            ; 0 (0)               ; 0 (0)                     ; 0 (0)         ; 0                 ; 0     ; 0          ; 0    ; 0            ; |top|scilab_adc2:u_system|scilab_adc2_hps_0:hps_0|scilab_adc2_hps_0_hps_io:hps_io|scilab_adc2_hps_0_hps_io_border:border|hps_sdram:hps_sdram_inst|hps_sdram_p0:p0|hps_sdram_p0_acv_hard_memphy:umemphy|hps_sdram_p0_acv_hard_io_pads:uio_pads|hps_sdram_p0_altdqdqs:dq_ddio[2].ubidir_dq_dqs                                                                      ; hps_sdram_p0_altdqdqs                             ; scilab_adc2  ;
;                               |altdq_dqs2_acv_connect_to_hard_phy_cyclonev:altdq_dqs2_inst|   ; 0.0 (0.0)            ; 0.0 (0.0)                        ; 0.0 (0.0)                                         ; 0.0 (0.0)                        ; 0.0 (0.0)            ; 0 (0)               ; 0 (0)                     ; 0 (0)         ; 0                 ; 0     ; 0          ; 0    ; 0            ; |top|scilab_adc2:u_system|scilab_adc2_hps_0:hps_0|scilab_adc2_hps_0_hps_io:hps_io|scilab_adc2_hps_0_hps_io_border:border|hps_sdram:hps_sdram_inst|hps_sdram_p0:p0|hps_sdram_p0_acv_hard_memphy:umemphy|hps_sdram_p0_acv_hard_io_pads:uio_pads|hps_sdram_p0_altdqdqs:dq_ddio[2].ubidir_dq_dqs|altdq_dqs2_acv_connect_to_hard_phy_cyclonev:altdq_dqs2_inst          ; altdq_dqs2_acv_connect_to_hard_phy_cyclonev       ; scilab_adc2  ;
;                            |hps_sdram_p0_altdqdqs:dq_ddio[3].ubidir_dq_dqs|                   ; 0.0 (0.0)            ; 0.0 (0.0)                        ; 0.0 (0.0)                                         ; 0.0 (0.0)                        ; 0.0 (0.0)            ; 0 (0)               ; 0 (0)                     ; 0 (0)         ; 0                 ; 0     ; 0          ; 0    ; 0            ; |top|scilab_adc2:u_system|scilab_adc2_hps_0:hps_0|scilab_adc2_hps_0_hps_io:hps_io|scilab_adc2_hps_0_hps_io_border:border|hps_sdram:hps_sdram_inst|hps_sdram_p0:p0|hps_sdram_p0_acv_hard_memphy:umemphy|hps_sdram_p0_acv_hard_io_pads:uio_pads|hps_sdram_p0_altdqdqs:dq_ddio[3].ubidir_dq_dqs                                                                      ; hps_sdram_p0_altdqdqs                             ; scilab_adc2  ;
;                               |altdq_dqs2_acv_connect_to_hard_phy_cyclonev:altdq_dqs2_inst|   ; 0.0 (0.0)            ; 0.0 (0.0)                        ; 0.0 (0.0)                                         ; 0.0 (0.0)                        ; 0.0 (0.0)            ; 0 (0)               ; 0 (0)                     ; 0 (0)         ; 0                 ; 0     ; 0          ; 0    ; 0            ; |top|scilab_adc2:u_system|scilab_adc2_hps_0:hps_0|scilab_adc2_hps_0_hps_io:hps_io|scilab_adc2_hps_0_hps_io_border:border|hps_sdram:hps_sdram_inst|hps_sdram_p0:p0|hps_sdram_p0_acv_hard_memphy:umemphy|hps_sdram_p0_acv_hard_io_pads:uio_pads|hps_sdram_p0_altdqdqs:dq_ddio[3].ubidir_dq_dqs|altdq_dqs2_acv_connect_to_hard_phy_cyclonev:altdq_dqs2_inst          ; altdq_dqs2_acv_connect_to_hard_phy_cyclonev       ; scilab_adc2  ;
;                         |hps_sdram_p0_acv_ldc:memphy_ldc|                                     ; 0.0 (0.0)            ; 0.0 (0.0)                        ; 0.0 (0.0)                                         ; 0.0 (0.0)                        ; 0.0 (0.0)            ; 0 (0)               ; 0 (0)                     ; 0 (0)         ; 0                 ; 0     ; 0          ; 0    ; 0            ; |top|scilab_adc2:u_system|scilab_adc2_hps_0:hps_0|scilab_adc2_hps_0_hps_io:hps_io|scilab_adc2_hps_0_hps_io_border:border|hps_sdram:hps_sdram_inst|hps_sdram_p0:p0|hps_sdram_p0_acv_hard_memphy:umemphy|hps_sdram_p0_acv_ldc:memphy_ldc                                                                                                                            ; hps_sdram_p0_acv_ldc                              ; scilab_adc2  ;
;                   |hps_sdram_pll:pll|                                                         ; 0.0 (0.0)            ; 0.0 (0.0)                        ; 0.0 (0.0)                                         ; 0.0 (0.0)                        ; 0.0 (0.0)            ; 0 (0)               ; 0 (0)                     ; 0 (0)         ; 0                 ; 0     ; 0          ; 0    ; 0            ; |top|scilab_adc2:u_system|scilab_adc2_hps_0:hps_0|scilab_adc2_hps_0_hps_io:hps_io|scilab_adc2_hps_0_hps_io_border:border|hps_sdram:hps_sdram_inst|hps_sdram_pll:pll                                                                                                                                                                                               ; hps_sdram_pll                                     ; scilab_adc2  ;
;       |scilab_adc2_mm_interconnect_0:mm_interconnect_0|                                       ; 203.0 (0.0)          ; 222.3 (0.0)                      ; 19.3 (0.0)                                        ; 0.0 (0.0)                        ; 0.0 (0.0)            ; 355 (0)             ; 235 (0)                   ; 0 (0)         ; 0                 ; 0     ; 0          ; 0    ; 0            ; |top|scilab_adc2:u_system|scilab_adc2_mm_interconnect_0:mm_interconnect_0                                                                                                                                                                                                                                                                                         ; scilab_adc2_mm_interconnect_0                     ; scilab_adc2  ;
;          |altera_avalon_sc_fifo:adc_ltc2308_0_avalon_slave_0_agent_rdata_fifo|                ; 11.2 (11.2)          ; 11.2 (11.2)                      ; 0.0 (0.0)                                         ; 0.0 (0.0)                        ; 0.0 (0.0)            ; 16 (16)             ; 28 (28)                   ; 0 (0)         ; 0                 ; 0     ; 0          ; 0    ; 0            ; |top|scilab_adc2:u_system|scilab_adc2_mm_interconnect_0:mm_interconnect_0|altera_avalon_sc_fifo:adc_ltc2308_0_avalon_slave_0_agent_rdata_fifo                                                                                                                                                                                                                     ; altera_avalon_sc_fifo                             ; scilab_adc2  ;
;          |altera_avalon_sc_fifo:adc_ltc2308_0_avalon_slave_0_agent_rsp_fifo|                  ; 25.2 (25.2)          ; 32.2 (32.2)                      ; 7.0 (7.0)                                         ; 0.0 (0.0)                        ; 0.0 (0.0)            ; 36 (36)             ; 67 (67)                   ; 0 (0)         ; 0                 ; 0     ; 0          ; 0    ; 0            ; |top|scilab_adc2:u_system|scilab_adc2_mm_interconnect_0:mm_interconnect_0|altera_avalon_sc_fifo:adc_ltc2308_0_avalon_slave_0_agent_rsp_fifo                                                                                                                                                                                                                       ; altera_avalon_sc_fifo                             ; scilab_adc2  ;
;          |altera_merlin_axi_master_ni:hps_0_h2f_lw_axi_master_agent|                          ; 19.0 (14.0)          ; 19.0 (14.0)                      ; 0.0 (0.0)                                         ; 0.0 (0.0)                        ; 0.0 (0.0)            ; 35 (26)             ; 10 (7)                    ; 0 (0)         ; 0                 ; 0     ; 0          ; 0    ; 0            ; |top|scilab_adc2:u_system|scilab_adc2_mm_interconnect_0:mm_interconnect_0|altera_merlin_axi_master_ni:hps_0_h2f_lw_axi_master_agent                                                                                                                                                                                                                               ; altera_merlin_axi_master_ni                       ; scilab_adc2  ;
;             |altera_merlin_address_alignment:align_address_to_size|                           ; 5.0 (5.0)            ; 5.0 (5.0)                        ; 0.0 (0.0)                                         ; 0.0 (0.0)                        ; 0.0 (0.0)            ; 9 (9)               ; 3 (3)                     ; 0 (0)         ; 0                 ; 0     ; 0          ; 0    ; 0            ; |top|scilab_adc2:u_system|scilab_adc2_mm_interconnect_0:mm_interconnect_0|altera_merlin_axi_master_ni:hps_0_h2f_lw_axi_master_agent|altera_merlin_address_alignment:align_address_to_size                                                                                                                                                                         ; altera_merlin_address_alignment                   ; scilab_adc2  ;
;          |altera_merlin_burst_adapter:adc_ltc2308_0_avalon_slave_0_burst_adapter|             ; 44.2 (0.0)           ; 48.8 (0.0)                       ; 4.7 (0.0)                                         ; 0.0 (0.0)                        ; 0.0 (0.0)            ; 61 (0)              ; 72 (0)                    ; 0 (0)         ; 0                 ; 0     ; 0          ; 0    ; 0            ; |top|scilab_adc2:u_system|scilab_adc2_mm_interconnect_0:mm_interconnect_0|altera_merlin_burst_adapter:adc_ltc2308_0_avalon_slave_0_burst_adapter                                                                                                                                                                                                                  ; altera_merlin_burst_adapter                       ; scilab_adc2  ;
;             |altera_merlin_burst_adapter_13_1:altera_merlin_burst_adapter_13_1.burst_adapter| ; 44.2 (43.8)          ; 48.8 (48.5)                      ; 4.7 (4.7)                                         ; 0.0 (0.0)                        ; 0.0 (0.0)            ; 61 (60)             ; 72 (72)                   ; 0 (0)         ; 0                 ; 0     ; 0          ; 0    ; 0            ; |top|scilab_adc2:u_system|scilab_adc2_mm_interconnect_0:mm_interconnect_0|altera_merlin_burst_adapter:adc_ltc2308_0_avalon_slave_0_burst_adapter|altera_merlin_burst_adapter_13_1:altera_merlin_burst_adapter_13_1.burst_adapter                                                                                                                                  ; altera_merlin_burst_adapter_13_1                  ; scilab_adc2  ;
;                |altera_merlin_address_alignment:align_address_to_size|                        ; 0.3 (0.3)            ; 0.3 (0.3)                        ; 0.0 (0.0)                                         ; 0.0 (0.0)                        ; 0.0 (0.0)            ; 1 (1)               ; 0 (0)                     ; 0 (0)         ; 0                 ; 0     ; 0          ; 0    ; 0            ; |top|scilab_adc2:u_system|scilab_adc2_mm_interconnect_0:mm_interconnect_0|altera_merlin_burst_adapter:adc_ltc2308_0_avalon_slave_0_burst_adapter|altera_merlin_burst_adapter_13_1:altera_merlin_burst_adapter_13_1.burst_adapter|altera_merlin_address_alignment:align_address_to_size                                                                            ; altera_merlin_address_alignment                   ; scilab_adc2  ;
;          |altera_merlin_slave_agent:adc_ltc2308_0_avalon_slave_0_agent|                       ; 19.4 (2.8)           ; 20.8 (3.2)                       ; 1.4 (0.3)                                         ; 0.0 (0.0)                        ; 0.0 (0.0)            ; 36 (6)              ; 14 (0)                    ; 0 (0)         ; 0                 ; 0     ; 0          ; 0    ; 0            ; |top|scilab_adc2:u_system|scilab_adc2_mm_interconnect_0:mm_interconnect_0|altera_merlin_slave_agent:adc_ltc2308_0_avalon_slave_0_agent                                                                                                                                                                                                                            ; altera_merlin_slave_agent                         ; scilab_adc2  ;
;             |altera_merlin_burst_uncompressor:uncompressor|                                   ; 16.6 (16.6)          ; 17.7 (17.7)                      ; 1.1 (1.1)                                         ; 0.0 (0.0)                        ; 0.0 (0.0)            ; 30 (30)             ; 14 (14)                   ; 0 (0)         ; 0                 ; 0     ; 0          ; 0    ; 0            ; |top|scilab_adc2:u_system|scilab_adc2_mm_interconnect_0:mm_interconnect_0|altera_merlin_slave_agent:adc_ltc2308_0_avalon_slave_0_agent|altera_merlin_burst_uncompressor:uncompressor                                                                                                                                                                              ; altera_merlin_burst_uncompressor                  ; scilab_adc2  ;
;          |altera_merlin_slave_translator:adc_ltc2308_0_avalon_slave_0_translator|             ; 1.8 (1.8)            ; 5.2 (5.2)                        ; 3.3 (3.3)                                         ; 0.0 (0.0)                        ; 0.0 (0.0)            ; 2 (2)               ; 15 (15)                   ; 0 (0)         ; 0                 ; 0     ; 0          ; 0    ; 0            ; |top|scilab_adc2:u_system|scilab_adc2_mm_interconnect_0:mm_interconnect_0|altera_merlin_slave_translator:adc_ltc2308_0_avalon_slave_0_translator                                                                                                                                                                                                                  ; altera_merlin_slave_translator                    ; scilab_adc2  ;
;          |altera_merlin_width_adapter:adc_ltc2308_0_avalon_slave_0_cmd_width_adapter|         ; 32.3 (32.3)          ; 34.8 (34.8)                      ; 2.5 (2.5)                                         ; 0.0 (0.0)                        ; 0.0 (0.0)            ; 61 (61)             ; 12 (12)                   ; 0 (0)         ; 0                 ; 0     ; 0          ; 0    ; 0            ; |top|scilab_adc2:u_system|scilab_adc2_mm_interconnect_0:mm_interconnect_0|altera_merlin_width_adapter:adc_ltc2308_0_avalon_slave_0_cmd_width_adapter                                                                                                                                                                                                              ; altera_merlin_width_adapter                       ; scilab_adc2  ;
;          |altera_merlin_width_adapter:adc_ltc2308_0_avalon_slave_0_rsp_width_adapter|         ; 23.8 (23.8)          ; 23.8 (23.8)                      ; 0.0 (0.0)                                         ; 0.0 (0.0)                        ; 0.0 (0.0)            ; 56 (56)             ; 12 (12)                   ; 0 (0)         ; 0                 ; 0     ; 0          ; 0    ; 0            ; |top|scilab_adc2:u_system|scilab_adc2_mm_interconnect_0:mm_interconnect_0|altera_merlin_width_adapter:adc_ltc2308_0_avalon_slave_0_rsp_width_adapter                                                                                                                                                                                                              ; altera_merlin_width_adapter                       ; scilab_adc2  ;
;          |scilab_adc2_mm_interconnect_0_cmd_mux:cmd_mux|                                      ; 23.3 (20.7)          ; 25.0 (22.7)                      ; 1.7 (2.0)                                         ; 0.0 (0.0)                        ; 0.0 (0.0)            ; 49 (44)             ; 5 (3)                     ; 0 (0)         ; 0                 ; 0     ; 0          ; 0    ; 0            ; |top|scilab_adc2:u_system|scilab_adc2_mm_interconnect_0:mm_interconnect_0|scilab_adc2_mm_interconnect_0_cmd_mux:cmd_mux                                                                                                                                                                                                                                           ; scilab_adc2_mm_interconnect_0_cmd_mux             ; scilab_adc2  ;
;             |altera_merlin_arbitrator:arb|                                                    ; 2.3 (2.3)            ; 2.3 (2.3)                        ; 0.0 (0.0)                                         ; 0.0 (0.0)                        ; 0.0 (0.0)            ; 5 (5)               ; 2 (2)                     ; 0 (0)         ; 0                 ; 0     ; 0          ; 0    ; 0            ; |top|scilab_adc2:u_system|scilab_adc2_mm_interconnect_0:mm_interconnect_0|scilab_adc2_mm_interconnect_0_cmd_mux:cmd_mux|altera_merlin_arbitrator:arb                                                                                                                                                                                                              ; altera_merlin_arbitrator                          ; scilab_adc2  ;
;          |scilab_adc2_mm_interconnect_0_rsp_demux:rsp_demux|                                  ; 1.5 (1.5)            ; 1.5 (1.5)                        ; 0.0 (0.0)                                         ; 0.0 (0.0)                        ; 0.0 (0.0)            ; 3 (3)               ; 0 (0)                     ; 0 (0)         ; 0                 ; 0     ; 0          ; 0    ; 0            ; |top|scilab_adc2:u_system|scilab_adc2_mm_interconnect_0:mm_interconnect_0|scilab_adc2_mm_interconnect_0_rsp_demux:rsp_demux                                                                                                                                                                                                                                       ; scilab_adc2_mm_interconnect_0_rsp_demux           ; scilab_adc2  ;
;       |scilab_adc2_pll_0:pll_0|                                                               ; 0.0 (0.0)            ; 0.0 (0.0)                        ; 0.0 (0.0)                                         ; 0.0 (0.0)                        ; 0.0 (0.0)            ; 0 (0)               ; 0 (0)                     ; 0 (0)         ; 0                 ; 0     ; 0          ; 0    ; 0            ; |top|scilab_adc2:u_system|scilab_adc2_pll_0:pll_0                                                                                                                                                                                                                                                                                                                 ; scilab_adc2_pll_0                                 ; scilab_adc2  ;
;          |altera_pll:altera_pll_i|                                                            ; 0.0 (0.0)            ; 0.0 (0.0)                        ; 0.0 (0.0)                                         ; 0.0 (0.0)                        ; 0.0 (0.0)            ; 0 (0)               ; 0 (0)                     ; 0 (0)         ; 0                 ; 0     ; 0          ; 0    ; 0            ; |top|scilab_adc2:u_system|scilab_adc2_pll_0:pll_0|altera_pll:altera_pll_i                                                                                                                                                                                                                                                                                         ; altera_pll                                        ; work         ;
+-----------------------------------------------------------------------------------------------+----------------------+----------------------------------+---------------------------------------------------+----------------------------------+----------------------+---------------------+---------------------------+---------------+-------------------+-------+------------+------+--------------+-------------------------------------------------------------------------------------------------------------------------------------------------------------------------------------------------------------------------------------------------------------------------------------------------------------------------------------------------------------------+---------------------------------------------------+--------------+
Note: For table entries with two numbers listed, the numbers in parentheses indicate the number of resources of the given type used by the specific entity alone. The numbers listed outside of parentheses indicate the total resources of the given type used by the specific entity and all of its sub-entities in the hierarchy.


+----------------------------------------------------------------------------------------------------------------------------------------+
; Delay Chain Summary                                                                                                                    ;
+-------------------+----------+-------+------+------+------+-------+-------+--------+------------------------+--------------------------+
; Name              ; Pin Type ; D1    ; D3_0 ; D3_1 ; D4   ; D5    ; D5 OE ; D5 OCT ; T11 (Postamble Gating) ; T11 (Postamble Ungating) ;
+-------------------+----------+-------+------+------+------+-------+-------+--------+------------------------+--------------------------+
; HPS_DDR3_ADDR[0]  ; Output   ; --    ; --   ; --   ; --   ; (6)   ; --    ; --     ; --                     ; --                       ;
; HPS_DDR3_ADDR[1]  ; Output   ; --    ; --   ; --   ; --   ; (7)   ; --    ; --     ; --                     ; --                       ;
; HPS_DDR3_ADDR[2]  ; Output   ; --    ; --   ; --   ; --   ; (6)   ; --    ; --     ; --                     ; --                       ;
; HPS_DDR3_ADDR[3]  ; Output   ; --    ; --   ; --   ; --   ; (7)   ; --    ; --     ; --                     ; --                       ;
; HPS_DDR3_ADDR[4]  ; Output   ; --    ; --   ; --   ; --   ; (10)  ; --    ; --     ; --                     ; --                       ;
; HPS_DDR3_ADDR[5]  ; Output   ; --    ; --   ; --   ; --   ; (10)  ; --    ; --     ; --                     ; --                       ;
; HPS_DDR3_ADDR[6]  ; Output   ; --    ; --   ; --   ; --   ; (6)   ; --    ; --     ; --                     ; --                       ;
; HPS_DDR3_ADDR[7]  ; Output   ; --    ; --   ; --   ; --   ; (7)   ; --    ; --     ; --                     ; --                       ;
; HPS_DDR3_ADDR[8]  ; Output   ; --    ; --   ; --   ; --   ; (10)  ; --    ; --     ; --                     ; --                       ;
; HPS_DDR3_ADDR[9]  ; Output   ; --    ; --   ; --   ; --   ; (10)  ; --    ; --     ; --                     ; --                       ;
; HPS_DDR3_ADDR[10] ; Output   ; --    ; --   ; --   ; --   ; (6)   ; --    ; --     ; --                     ; --                       ;
; HPS_DDR3_ADDR[11] ; Output   ; --    ; --   ; --   ; --   ; (7)   ; --    ; --     ; --                     ; --                       ;
; HPS_DDR3_ADDR[12] ; Output   ; --    ; --   ; --   ; --   ; (6)   ; --    ; --     ; --                     ; --                       ;
; HPS_DDR3_ADDR[13] ; Output   ; --    ; --   ; --   ; --   ; (7)   ; --    ; --     ; --                     ; --                       ;
; HPS_DDR3_ADDR[14] ; Output   ; --    ; --   ; --   ; --   ; (10)  ; --    ; --     ; --                     ; --                       ;
; HPS_DDR3_BA[0]    ; Output   ; --    ; --   ; --   ; --   ; (6)   ; --    ; --     ; --                     ; --                       ;
; HPS_DDR3_BA[1]    ; Output   ; --    ; --   ; --   ; --   ; (10)  ; --    ; --     ; --                     ; --                       ;
; HPS_DDR3_BA[2]    ; Output   ; --    ; --   ; --   ; --   ; (10)  ; --    ; --     ; --                     ; --                       ;
; HPS_DDR3_CAS_N    ; Output   ; --    ; --   ; --   ; --   ; (6)   ; --    ; --     ; --                     ; --                       ;
; HPS_DDR3_CKE      ; Output   ; --    ; --   ; --   ; --   ; (8)   ; --    ; --     ; --                     ; --                       ;
; HPS_DDR3_CK_N     ; Output   ; --    ; --   ; --   ; --   ; (2)   ; (0)   ; --     ; --                     ; --                       ;
; HPS_DDR3_CK_P     ; Output   ; --    ; --   ; --   ; --   ; (2)   ; (0)   ; --     ; --                     ; --                       ;
; HPS_DDR3_CS_N     ; Output   ; --    ; --   ; --   ; --   ; (11)  ; --    ; --     ; --                     ; --                       ;
; HPS_DDR3_DM[0]    ; Output   ; --    ; --   ; --   ; --   ; (6)   ; (6)   ; (0)    ; --                     ; --                       ;
; HPS_DDR3_DM[1]    ; Output   ; --    ; --   ; --   ; --   ; (6)   ; (6)   ; (0)    ; --                     ; --                       ;
; HPS_DDR3_DM[2]    ; Output   ; --    ; --   ; --   ; --   ; (5)   ; (5)   ; (0)    ; --                     ; --                       ;
; HPS_DDR3_DM[3]    ; Output   ; --    ; --   ; --   ; --   ; (5)   ; (5)   ; (0)    ; --                     ; --                       ;
; HPS_DDR3_ODT      ; Output   ; --    ; --   ; --   ; --   ; (6)   ; --    ; --     ; --                     ; --                       ;
; HPS_DDR3_RAS_N    ; Output   ; --    ; --   ; --   ; --   ; (7)   ; --    ; --     ; --                     ; --                       ;
; HPS_DDR3_RESET_N  ; Output   ; --    ; --   ; --   ; --   ; (0)   ; --    ; --     ; --                     ; --                       ;
; HPS_DDR3_WE_N     ; Output   ; --    ; --   ; --   ; --   ; (7)   ; --    ; --     ; --                     ; --                       ;
; ADC_CONVST        ; Output   ; --    ; --   ; --   ; --   ; (0)   ; (31)  ; --     ; --                     ; --                       ;
; ADC_SCK           ; Output   ; --    ; --   ; --   ; --   ; (0)   ; (31)  ; --     ; --                     ; --                       ;
; ADC_SDI           ; Output   ; --    ; --   ; --   ; --   ; (0)   ; (31)  ; --     ; --                     ; --                       ;
; HPS_DDR3_DQ[0]    ; Bidir    ; (13)  ; (0)  ; --   ; --   ; (9)   ; (9)   ; (0)    ; --                     ; --                       ;
; HPS_DDR3_DQ[1]    ; Bidir    ; (9)   ; (0)  ; --   ; --   ; (10)  ; (10)  ; (0)    ; --                     ; --                       ;
; HPS_DDR3_DQ[2]    ; Bidir    ; (10)  ; (0)  ; --   ; --   ; (6)   ; (6)   ; (0)    ; --                     ; --                       ;
; HPS_DDR3_DQ[3]    ; Bidir    ; (10)  ; (0)  ; --   ; --   ; (6)   ; (6)   ; (0)    ; --                     ; --                       ;
; HPS_DDR3_DQ[4]    ; Bidir    ; (13)  ; (0)  ; --   ; --   ; (10)  ; (10)  ; (0)    ; --                     ; --                       ;
; HPS_DDR3_DQ[5]    ; Bidir    ; (9)   ; (0)  ; --   ; --   ; (10)  ; (10)  ; (0)    ; --                     ; --                       ;
; HPS_DDR3_DQ[6]    ; Bidir    ; (9)   ; (0)  ; --   ; --   ; (5)   ; (5)   ; (0)    ; --                     ; --                       ;
; HPS_DDR3_DQ[7]    ; Bidir    ; (11)  ; (0)  ; --   ; --   ; (7)   ; (7)   ; (0)    ; --                     ; --                       ;
; HPS_DDR3_DQ[8]    ; Bidir    ; (13)  ; (0)  ; --   ; --   ; (9)   ; (9)   ; (0)    ; --                     ; --                       ;
; HPS_DDR3_DQ[9]    ; Bidir    ; (8)   ; (0)  ; --   ; --   ; (9)   ; (9)   ; (0)    ; --                     ; --                       ;
; HPS_DDR3_DQ[10]   ; Bidir    ; (10)  ; (0)  ; --   ; --   ; (6)   ; (6)   ; (0)    ; --                     ; --                       ;
; HPS_DDR3_DQ[11]   ; Bidir    ; (10)  ; (0)  ; --   ; --   ; (6)   ; (6)   ; (0)    ; --                     ; --                       ;
; HPS_DDR3_DQ[12]   ; Bidir    ; (13)  ; (0)  ; --   ; --   ; (9)   ; (9)   ; (0)    ; --                     ; --                       ;
; HPS_DDR3_DQ[13]   ; Bidir    ; (8)   ; (0)  ; --   ; --   ; (9)   ; (9)   ; (0)    ; --                     ; --                       ;
; HPS_DDR3_DQ[14]   ; Bidir    ; (10)  ; (0)  ; --   ; --   ; (6)   ; (6)   ; (0)    ; --                     ; --                       ;
; HPS_DDR3_DQ[15]   ; Bidir    ; (11)  ; (0)  ; --   ; --   ; (7)   ; (7)   ; (0)    ; --                     ; --                       ;
; HPS_DDR3_DQ[16]   ; Bidir    ; (13)  ; (0)  ; --   ; --   ; (9)   ; (9)   ; (0)    ; --                     ; --                       ;
; HPS_DDR3_DQ[17]   ; Bidir    ; (8)   ; (0)  ; --   ; --   ; (9)   ; (9)   ; (0)    ; --                     ; --                       ;
; HPS_DDR3_DQ[18]   ; Bidir    ; (10)  ; (0)  ; --   ; --   ; (6)   ; (6)   ; (0)    ; --                     ; --                       ;
; HPS_DDR3_DQ[19]   ; Bidir    ; (10)  ; (0)  ; --   ; --   ; (6)   ; (6)   ; (0)    ; --                     ; --                       ;
; HPS_DDR3_DQ[20]   ; Bidir    ; (13)  ; (0)  ; --   ; --   ; (9)   ; (9)   ; (0)    ; --                     ; --                       ;
; HPS_DDR3_DQ[21]   ; Bidir    ; (8)   ; (0)  ; --   ; --   ; (10)  ; (10)  ; (0)    ; --                     ; --                       ;
; HPS_DDR3_DQ[22]   ; Bidir    ; (10)  ; (0)  ; --   ; --   ; (6)   ; (6)   ; (0)    ; --                     ; --                       ;
; HPS_DDR3_DQ[23]   ; Bidir    ; (10)  ; (0)  ; --   ; --   ; (6)   ; (6)   ; (0)    ; --                     ; --                       ;
; HPS_DDR3_DQ[24]   ; Bidir    ; (13)  ; (0)  ; --   ; --   ; (9)   ; (9)   ; (0)    ; --                     ; --                       ;
; HPS_DDR3_DQ[25]   ; Bidir    ; (8)   ; (0)  ; --   ; --   ; (9)   ; (9)   ; (0)    ; --                     ; --                       ;
; HPS_DDR3_DQ[26]   ; Bidir    ; (9)   ; (0)  ; --   ; --   ; (5)   ; (5)   ; (0)    ; --                     ; --                       ;
; HPS_DDR3_DQ[27]   ; Bidir    ; (10)  ; (0)  ; --   ; --   ; (6)   ; (6)   ; (0)    ; --                     ; --                       ;
; HPS_DDR3_DQ[28]   ; Bidir    ; (13)  ; (0)  ; --   ; --   ; (9)   ; (9)   ; (0)    ; --                     ; --                       ;
; HPS_DDR3_DQ[29]   ; Bidir    ; (8)   ; (0)  ; --   ; --   ; (9)   ; (9)   ; (0)    ; --                     ; --                       ;
; HPS_DDR3_DQ[30]   ; Bidir    ; (9)   ; (0)  ; --   ; --   ; (5)   ; (5)   ; (0)    ; --                     ; --                       ;
; HPS_DDR3_DQ[31]   ; Bidir    ; (10)  ; (0)  ; --   ; --   ; (6)   ; (6)   ; (0)    ; --                     ; --                       ;
; HPS_DDR3_DQS_N[0] ; Bidir    ; --    ; --   ; --   ; (0)  ; (0)   ; (0)   ; (0)    ; (0)                    ; (0)                      ;
; HPS_DDR3_DQS_N[1] ; Bidir    ; --    ; --   ; --   ; (0)  ; (0)   ; (0)   ; (0)    ; (0)                    ; (0)                      ;
; HPS_DDR3_DQS_N[2] ; Bidir    ; --    ; --   ; --   ; (0)  ; (0)   ; (0)   ; (0)    ; (0)                    ; (0)                      ;
; HPS_DDR3_DQS_N[3] ; Bidir    ; --    ; --   ; --   ; (0)  ; (0)   ; (0)   ; (0)    ; (0)                    ; (0)                      ;
; HPS_DDR3_DQS_P[0] ; Bidir    ; --    ; --   ; --   ; (0)  ; (0)   ; (0)   ; (0)    ; (0)                    ; (0)                      ;
; HPS_DDR3_DQS_P[1] ; Bidir    ; --    ; --   ; --   ; (0)  ; (0)   ; (0)   ; (0)    ; (0)                    ; (0)                      ;
; HPS_DDR3_DQS_P[2] ; Bidir    ; --    ; --   ; --   ; (0)  ; (0)   ; (0)   ; (0)    ; (0)                    ; (0)                      ;
; HPS_DDR3_DQS_P[3] ; Bidir    ; --    ; --   ; --   ; (0)  ; (0)   ; (0)   ; (0)    ; (0)                    ; (0)                      ;
; HPS_DDR3_RZQ      ; Input    ; --    ; (0)  ; --   ; --   ; --    ; --    ; --     ; --                     ; --                       ;
; FPGA_CLK1_50      ; Input    ; --    ; (0)  ; --   ; --   ; --    ; --    ; --     ; --                     ; --                       ;
; ADC_SDO           ; Input    ; --    ; (0)  ; --   ; --   ; --    ; --    ; --     ; --                     ; --                       ;
+-------------------+----------+-------+------+------+------+-------+-------+--------+------------------------+--------------------------+


+----------------------------------------------------------------------------------------------------------------------------------------------------------------------------------------------------------------------------------------------------------------------------------------------------------------------------------------------------------------------------------------------------------------+
; Pad To Core Delay Chain Fanout                                                                                                                                                                                                                                                                                                                                                                                 ;
+----------------------------------------------------------------------------------------------------------------------------------------------------------------------------------------------------------------------------------------------------------------------------------------------------------------------------------------------------------------------------------+-------------------+---------+
; Source Pin / Fanout                                                                                                                                                                                                                                                                                                                                                              ; Pad To Core Index ; Setting ;
+----------------------------------------------------------------------------------------------------------------------------------------------------------------------------------------------------------------------------------------------------------------------------------------------------------------------------------------------------------------------------------+-------------------+---------+
; HPS_DDR3_DQ[0]                                                                                                                                                                                                                                                                                                                                                                   ;                   ;         ;
;      - scilab_adc2:u_system|scilab_adc2_hps_0:hps_0|scilab_adc2_hps_0_hps_io:hps_io|scilab_adc2_hps_0_hps_io_border:border|hps_sdram:hps_sdram_inst|hps_sdram_p0:p0|hps_sdram_p0_acv_hard_memphy:umemphy|hps_sdram_p0_acv_hard_io_pads:uio_pads|hps_sdram_p0_altdqdqs:dq_ddio[0].ubidir_dq_dqs|altdq_dqs2_acv_connect_to_hard_phy_cyclonev:altdq_dqs2_inst|pad_gen[0].in_delay_1 ; 0                 ; 0       ;
; HPS_DDR3_DQ[1]                                                                                                                                                                                                                                                                                                                                                                   ;                   ;         ;
;      - scilab_adc2:u_system|scilab_adc2_hps_0:hps_0|scilab_adc2_hps_0_hps_io:hps_io|scilab_adc2_hps_0_hps_io_border:border|hps_sdram:hps_sdram_inst|hps_sdram_p0:p0|hps_sdram_p0_acv_hard_memphy:umemphy|hps_sdram_p0_acv_hard_io_pads:uio_pads|hps_sdram_p0_altdqdqs:dq_ddio[0].ubidir_dq_dqs|altdq_dqs2_acv_connect_to_hard_phy_cyclonev:altdq_dqs2_inst|pad_gen[1].in_delay_1 ; 0                 ; 0       ;
; HPS_DDR3_DQ[2]                                                                                                                                                                                                                                                                                                                                                                   ;                   ;         ;
;      - scilab_adc2:u_system|scilab_adc2_hps_0:hps_0|scilab_adc2_hps_0_hps_io:hps_io|scilab_adc2_hps_0_hps_io_border:border|hps_sdram:hps_sdram_inst|hps_sdram_p0:p0|hps_sdram_p0_acv_hard_memphy:umemphy|hps_sdram_p0_acv_hard_io_pads:uio_pads|hps_sdram_p0_altdqdqs:dq_ddio[0].ubidir_dq_dqs|altdq_dqs2_acv_connect_to_hard_phy_cyclonev:altdq_dqs2_inst|pad_gen[2].in_delay_1 ; 0                 ; 0       ;
; HPS_DDR3_DQ[3]                                                                                                                                                                                                                                                                                                                                                                   ;                   ;         ;
;      - scilab_adc2:u_system|scilab_adc2_hps_0:hps_0|scilab_adc2_hps_0_hps_io:hps_io|scilab_adc2_hps_0_hps_io_border:border|hps_sdram:hps_sdram_inst|hps_sdram_p0:p0|hps_sdram_p0_acv_hard_memphy:umemphy|hps_sdram_p0_acv_hard_io_pads:uio_pads|hps_sdram_p0_altdqdqs:dq_ddio[0].ubidir_dq_dqs|altdq_dqs2_acv_connect_to_hard_phy_cyclonev:altdq_dqs2_inst|pad_gen[3].in_delay_1 ; 0                 ; 0       ;
; HPS_DDR3_DQ[4]                                                                                                                                                                                                                                                                                                                                                                   ;                   ;         ;
;      - scilab_adc2:u_system|scilab_adc2_hps_0:hps_0|scilab_adc2_hps_0_hps_io:hps_io|scilab_adc2_hps_0_hps_io_border:border|hps_sdram:hps_sdram_inst|hps_sdram_p0:p0|hps_sdram_p0_acv_hard_memphy:umemphy|hps_sdram_p0_acv_hard_io_pads:uio_pads|hps_sdram_p0_altdqdqs:dq_ddio[0].ubidir_dq_dqs|altdq_dqs2_acv_connect_to_hard_phy_cyclonev:altdq_dqs2_inst|pad_gen[4].in_delay_1 ; 0                 ; 0       ;
; HPS_DDR3_DQ[5]                                                                                                                                                                                                                                                                                                                                                                   ;                   ;         ;
;      - scilab_adc2:u_system|scilab_adc2_hps_0:hps_0|scilab_adc2_hps_0_hps_io:hps_io|scilab_adc2_hps_0_hps_io_border:border|hps_sdram:hps_sdram_inst|hps_sdram_p0:p0|hps_sdram_p0_acv_hard_memphy:umemphy|hps_sdram_p0_acv_hard_io_pads:uio_pads|hps_sdram_p0_altdqdqs:dq_ddio[0].ubidir_dq_dqs|altdq_dqs2_acv_connect_to_hard_phy_cyclonev:altdq_dqs2_inst|pad_gen[5].in_delay_1 ; 0                 ; 0       ;
; HPS_DDR3_DQ[6]                                                                                                                                                                                                                                                                                                                                                                   ;                   ;         ;
;      - scilab_adc2:u_system|scilab_adc2_hps_0:hps_0|scilab_adc2_hps_0_hps_io:hps_io|scilab_adc2_hps_0_hps_io_border:border|hps_sdram:hps_sdram_inst|hps_sdram_p0:p0|hps_sdram_p0_acv_hard_memphy:umemphy|hps_sdram_p0_acv_hard_io_pads:uio_pads|hps_sdram_p0_altdqdqs:dq_ddio[0].ubidir_dq_dqs|altdq_dqs2_acv_connect_to_hard_phy_cyclonev:altdq_dqs2_inst|pad_gen[6].in_delay_1 ; 0                 ; 0       ;
; HPS_DDR3_DQ[7]                                                                                                                                                                                                                                                                                                                                                                   ;                   ;         ;
;      - scilab_adc2:u_system|scilab_adc2_hps_0:hps_0|scilab_adc2_hps_0_hps_io:hps_io|scilab_adc2_hps_0_hps_io_border:border|hps_sdram:hps_sdram_inst|hps_sdram_p0:p0|hps_sdram_p0_acv_hard_memphy:umemphy|hps_sdram_p0_acv_hard_io_pads:uio_pads|hps_sdram_p0_altdqdqs:dq_ddio[0].ubidir_dq_dqs|altdq_dqs2_acv_connect_to_hard_phy_cyclonev:altdq_dqs2_inst|pad_gen[7].in_delay_1 ; 0                 ; 0       ;
; HPS_DDR3_DQ[8]                                                                                                                                                                                                                                                                                                                                                                   ;                   ;         ;
;      - scilab_adc2:u_system|scilab_adc2_hps_0:hps_0|scilab_adc2_hps_0_hps_io:hps_io|scilab_adc2_hps_0_hps_io_border:border|hps_sdram:hps_sdram_inst|hps_sdram_p0:p0|hps_sdram_p0_acv_hard_memphy:umemphy|hps_sdram_p0_acv_hard_io_pads:uio_pads|hps_sdram_p0_altdqdqs:dq_ddio[1].ubidir_dq_dqs|altdq_dqs2_acv_connect_to_hard_phy_cyclonev:altdq_dqs2_inst|pad_gen[0].in_delay_1 ; 0                 ; 0       ;
; HPS_DDR3_DQ[9]                                                                                                                                                                                                                                                                                                                                                                   ;                   ;         ;
;      - scilab_adc2:u_system|scilab_adc2_hps_0:hps_0|scilab_adc2_hps_0_hps_io:hps_io|scilab_adc2_hps_0_hps_io_border:border|hps_sdram:hps_sdram_inst|hps_sdram_p0:p0|hps_sdram_p0_acv_hard_memphy:umemphy|hps_sdram_p0_acv_hard_io_pads:uio_pads|hps_sdram_p0_altdqdqs:dq_ddio[1].ubidir_dq_dqs|altdq_dqs2_acv_connect_to_hard_phy_cyclonev:altdq_dqs2_inst|pad_gen[1].in_delay_1 ; 0                 ; 0       ;
; HPS_DDR3_DQ[10]                                                                                                                                                                                                                                                                                                                                                                  ;                   ;         ;
;      - scilab_adc2:u_system|scilab_adc2_hps_0:hps_0|scilab_adc2_hps_0_hps_io:hps_io|scilab_adc2_hps_0_hps_io_border:border|hps_sdram:hps_sdram_inst|hps_sdram_p0:p0|hps_sdram_p0_acv_hard_memphy:umemphy|hps_sdram_p0_acv_hard_io_pads:uio_pads|hps_sdram_p0_altdqdqs:dq_ddio[1].ubidir_dq_dqs|altdq_dqs2_acv_connect_to_hard_phy_cyclonev:altdq_dqs2_inst|pad_gen[2].in_delay_1 ; 0                 ; 0       ;
; HPS_DDR3_DQ[11]                                                                                                                                                                                                                                                                                                                                                                  ;                   ;         ;
;      - scilab_adc2:u_system|scilab_adc2_hps_0:hps_0|scilab_adc2_hps_0_hps_io:hps_io|scilab_adc2_hps_0_hps_io_border:border|hps_sdram:hps_sdram_inst|hps_sdram_p0:p0|hps_sdram_p0_acv_hard_memphy:umemphy|hps_sdram_p0_acv_hard_io_pads:uio_pads|hps_sdram_p0_altdqdqs:dq_ddio[1].ubidir_dq_dqs|altdq_dqs2_acv_connect_to_hard_phy_cyclonev:altdq_dqs2_inst|pad_gen[3].in_delay_1 ; 0                 ; 0       ;
; HPS_DDR3_DQ[12]                                                                                                                                                                                                                                                                                                                                                                  ;                   ;         ;
;      - scilab_adc2:u_system|scilab_adc2_hps_0:hps_0|scilab_adc2_hps_0_hps_io:hps_io|scilab_adc2_hps_0_hps_io_border:border|hps_sdram:hps_sdram_inst|hps_sdram_p0:p0|hps_sdram_p0_acv_hard_memphy:umemphy|hps_sdram_p0_acv_hard_io_pads:uio_pads|hps_sdram_p0_altdqdqs:dq_ddio[1].ubidir_dq_dqs|altdq_dqs2_acv_connect_to_hard_phy_cyclonev:altdq_dqs2_inst|pad_gen[4].in_delay_1 ; 0                 ; 0       ;
; HPS_DDR3_DQ[13]                                                                                                                                                                                                                                                                                                                                                                  ;                   ;         ;
;      - scilab_adc2:u_system|scilab_adc2_hps_0:hps_0|scilab_adc2_hps_0_hps_io:hps_io|scilab_adc2_hps_0_hps_io_border:border|hps_sdram:hps_sdram_inst|hps_sdram_p0:p0|hps_sdram_p0_acv_hard_memphy:umemphy|hps_sdram_p0_acv_hard_io_pads:uio_pads|hps_sdram_p0_altdqdqs:dq_ddio[1].ubidir_dq_dqs|altdq_dqs2_acv_connect_to_hard_phy_cyclonev:altdq_dqs2_inst|pad_gen[5].in_delay_1 ; 0                 ; 0       ;
; HPS_DDR3_DQ[14]                                                                                                                                                                                                                                                                                                                                                                  ;                   ;         ;
;      - scilab_adc2:u_system|scilab_adc2_hps_0:hps_0|scilab_adc2_hps_0_hps_io:hps_io|scilab_adc2_hps_0_hps_io_border:border|hps_sdram:hps_sdram_inst|hps_sdram_p0:p0|hps_sdram_p0_acv_hard_memphy:umemphy|hps_sdram_p0_acv_hard_io_pads:uio_pads|hps_sdram_p0_altdqdqs:dq_ddio[1].ubidir_dq_dqs|altdq_dqs2_acv_connect_to_hard_phy_cyclonev:altdq_dqs2_inst|pad_gen[6].in_delay_1 ; 0                 ; 0       ;
; HPS_DDR3_DQ[15]                                                                                                                                                                                                                                                                                                                                                                  ;                   ;         ;
;      - scilab_adc2:u_system|scilab_adc2_hps_0:hps_0|scilab_adc2_hps_0_hps_io:hps_io|scilab_adc2_hps_0_hps_io_border:border|hps_sdram:hps_sdram_inst|hps_sdram_p0:p0|hps_sdram_p0_acv_hard_memphy:umemphy|hps_sdram_p0_acv_hard_io_pads:uio_pads|hps_sdram_p0_altdqdqs:dq_ddio[1].ubidir_dq_dqs|altdq_dqs2_acv_connect_to_hard_phy_cyclonev:altdq_dqs2_inst|pad_gen[7].in_delay_1 ; 0                 ; 0       ;
; HPS_DDR3_DQ[16]                                                                                                                                                                                                                                                                                                                                                                  ;                   ;         ;
;      - scilab_adc2:u_system|scilab_adc2_hps_0:hps_0|scilab_adc2_hps_0_hps_io:hps_io|scilab_adc2_hps_0_hps_io_border:border|hps_sdram:hps_sdram_inst|hps_sdram_p0:p0|hps_sdram_p0_acv_hard_memphy:umemphy|hps_sdram_p0_acv_hard_io_pads:uio_pads|hps_sdram_p0_altdqdqs:dq_ddio[2].ubidir_dq_dqs|altdq_dqs2_acv_connect_to_hard_phy_cyclonev:altdq_dqs2_inst|pad_gen[0].in_delay_1 ; 0                 ; 0       ;
; HPS_DDR3_DQ[17]                                                                                                                                                                                                                                                                                                                                                                  ;                   ;         ;
;      - scilab_adc2:u_system|scilab_adc2_hps_0:hps_0|scilab_adc2_hps_0_hps_io:hps_io|scilab_adc2_hps_0_hps_io_border:border|hps_sdram:hps_sdram_inst|hps_sdram_p0:p0|hps_sdram_p0_acv_hard_memphy:umemphy|hps_sdram_p0_acv_hard_io_pads:uio_pads|hps_sdram_p0_altdqdqs:dq_ddio[2].ubidir_dq_dqs|altdq_dqs2_acv_connect_to_hard_phy_cyclonev:altdq_dqs2_inst|pad_gen[1].in_delay_1 ; 0                 ; 0       ;
; HPS_DDR3_DQ[18]                                                                                                                                                                                                                                                                                                                                                                  ;                   ;         ;
;      - scilab_adc2:u_system|scilab_adc2_hps_0:hps_0|scilab_adc2_hps_0_hps_io:hps_io|scilab_adc2_hps_0_hps_io_border:border|hps_sdram:hps_sdram_inst|hps_sdram_p0:p0|hps_sdram_p0_acv_hard_memphy:umemphy|hps_sdram_p0_acv_hard_io_pads:uio_pads|hps_sdram_p0_altdqdqs:dq_ddio[2].ubidir_dq_dqs|altdq_dqs2_acv_connect_to_hard_phy_cyclonev:altdq_dqs2_inst|pad_gen[2].in_delay_1 ; 0                 ; 0       ;
; HPS_DDR3_DQ[19]                                                                                                                                                                                                                                                                                                                                                                  ;                   ;         ;
;      - scilab_adc2:u_system|scilab_adc2_hps_0:hps_0|scilab_adc2_hps_0_hps_io:hps_io|scilab_adc2_hps_0_hps_io_border:border|hps_sdram:hps_sdram_inst|hps_sdram_p0:p0|hps_sdram_p0_acv_hard_memphy:umemphy|hps_sdram_p0_acv_hard_io_pads:uio_pads|hps_sdram_p0_altdqdqs:dq_ddio[2].ubidir_dq_dqs|altdq_dqs2_acv_connect_to_hard_phy_cyclonev:altdq_dqs2_inst|pad_gen[3].in_delay_1 ; 0                 ; 0       ;
; HPS_DDR3_DQ[20]                                                                                                                                                                                                                                                                                                                                                                  ;                   ;         ;
;      - scilab_adc2:u_system|scilab_adc2_hps_0:hps_0|scilab_adc2_hps_0_hps_io:hps_io|scilab_adc2_hps_0_hps_io_border:border|hps_sdram:hps_sdram_inst|hps_sdram_p0:p0|hps_sdram_p0_acv_hard_memphy:umemphy|hps_sdram_p0_acv_hard_io_pads:uio_pads|hps_sdram_p0_altdqdqs:dq_ddio[2].ubidir_dq_dqs|altdq_dqs2_acv_connect_to_hard_phy_cyclonev:altdq_dqs2_inst|pad_gen[4].in_delay_1 ; 0                 ; 0       ;
; HPS_DDR3_DQ[21]                                                                                                                                                                                                                                                                                                                                                                  ;                   ;         ;
;      - scilab_adc2:u_system|scilab_adc2_hps_0:hps_0|scilab_adc2_hps_0_hps_io:hps_io|scilab_adc2_hps_0_hps_io_border:border|hps_sdram:hps_sdram_inst|hps_sdram_p0:p0|hps_sdram_p0_acv_hard_memphy:umemphy|hps_sdram_p0_acv_hard_io_pads:uio_pads|hps_sdram_p0_altdqdqs:dq_ddio[2].ubidir_dq_dqs|altdq_dqs2_acv_connect_to_hard_phy_cyclonev:altdq_dqs2_inst|pad_gen[5].in_delay_1 ; 0                 ; 0       ;
; HPS_DDR3_DQ[22]                                                                                                                                                                                                                                                                                                                                                                  ;                   ;         ;
;      - scilab_adc2:u_system|scilab_adc2_hps_0:hps_0|scilab_adc2_hps_0_hps_io:hps_io|scilab_adc2_hps_0_hps_io_border:border|hps_sdram:hps_sdram_inst|hps_sdram_p0:p0|hps_sdram_p0_acv_hard_memphy:umemphy|hps_sdram_p0_acv_hard_io_pads:uio_pads|hps_sdram_p0_altdqdqs:dq_ddio[2].ubidir_dq_dqs|altdq_dqs2_acv_connect_to_hard_phy_cyclonev:altdq_dqs2_inst|pad_gen[6].in_delay_1 ; 0                 ; 0       ;
; HPS_DDR3_DQ[23]                                                                                                                                                                                                                                                                                                                                                                  ;                   ;         ;
;      - scilab_adc2:u_system|scilab_adc2_hps_0:hps_0|scilab_adc2_hps_0_hps_io:hps_io|scilab_adc2_hps_0_hps_io_border:border|hps_sdram:hps_sdram_inst|hps_sdram_p0:p0|hps_sdram_p0_acv_hard_memphy:umemphy|hps_sdram_p0_acv_hard_io_pads:uio_pads|hps_sdram_p0_altdqdqs:dq_ddio[2].ubidir_dq_dqs|altdq_dqs2_acv_connect_to_hard_phy_cyclonev:altdq_dqs2_inst|pad_gen[7].in_delay_1 ; 0                 ; 0       ;
; HPS_DDR3_DQ[24]                                                                                                                                                                                                                                                                                                                                                                  ;                   ;         ;
;      - scilab_adc2:u_system|scilab_adc2_hps_0:hps_0|scilab_adc2_hps_0_hps_io:hps_io|scilab_adc2_hps_0_hps_io_border:border|hps_sdram:hps_sdram_inst|hps_sdram_p0:p0|hps_sdram_p0_acv_hard_memphy:umemphy|hps_sdram_p0_acv_hard_io_pads:uio_pads|hps_sdram_p0_altdqdqs:dq_ddio[3].ubidir_dq_dqs|altdq_dqs2_acv_connect_to_hard_phy_cyclonev:altdq_dqs2_inst|pad_gen[0].in_delay_1 ; 0                 ; 0       ;
; HPS_DDR3_DQ[25]                                                                                                                                                                                                                                                                                                                                                                  ;                   ;         ;
;      - scilab_adc2:u_system|scilab_adc2_hps_0:hps_0|scilab_adc2_hps_0_hps_io:hps_io|scilab_adc2_hps_0_hps_io_border:border|hps_sdram:hps_sdram_inst|hps_sdram_p0:p0|hps_sdram_p0_acv_hard_memphy:umemphy|hps_sdram_p0_acv_hard_io_pads:uio_pads|hps_sdram_p0_altdqdqs:dq_ddio[3].ubidir_dq_dqs|altdq_dqs2_acv_connect_to_hard_phy_cyclonev:altdq_dqs2_inst|pad_gen[1].in_delay_1 ; 0                 ; 0       ;
; HPS_DDR3_DQ[26]                                                                                                                                                                                                                                                                                                                                                                  ;                   ;         ;
;      - scilab_adc2:u_system|scilab_adc2_hps_0:hps_0|scilab_adc2_hps_0_hps_io:hps_io|scilab_adc2_hps_0_hps_io_border:border|hps_sdram:hps_sdram_inst|hps_sdram_p0:p0|hps_sdram_p0_acv_hard_memphy:umemphy|hps_sdram_p0_acv_hard_io_pads:uio_pads|hps_sdram_p0_altdqdqs:dq_ddio[3].ubidir_dq_dqs|altdq_dqs2_acv_connect_to_hard_phy_cyclonev:altdq_dqs2_inst|pad_gen[2].in_delay_1 ; 0                 ; 0       ;
; HPS_DDR3_DQ[27]                                                                                                                                                                                                                                                                                                                                                                  ;                   ;         ;
;      - scilab_adc2:u_system|scilab_adc2_hps_0:hps_0|scilab_adc2_hps_0_hps_io:hps_io|scilab_adc2_hps_0_hps_io_border:border|hps_sdram:hps_sdram_inst|hps_sdram_p0:p0|hps_sdram_p0_acv_hard_memphy:umemphy|hps_sdram_p0_acv_hard_io_pads:uio_pads|hps_sdram_p0_altdqdqs:dq_ddio[3].ubidir_dq_dqs|altdq_dqs2_acv_connect_to_hard_phy_cyclonev:altdq_dqs2_inst|pad_gen[3].in_delay_1 ; 0                 ; 0       ;
; HPS_DDR3_DQ[28]                                                                                                                                                                                                                                                                                                                                                                  ;                   ;         ;
;      - scilab_adc2:u_system|scilab_adc2_hps_0:hps_0|scilab_adc2_hps_0_hps_io:hps_io|scilab_adc2_hps_0_hps_io_border:border|hps_sdram:hps_sdram_inst|hps_sdram_p0:p0|hps_sdram_p0_acv_hard_memphy:umemphy|hps_sdram_p0_acv_hard_io_pads:uio_pads|hps_sdram_p0_altdqdqs:dq_ddio[3].ubidir_dq_dqs|altdq_dqs2_acv_connect_to_hard_phy_cyclonev:altdq_dqs2_inst|pad_gen[4].in_delay_1 ; 0                 ; 0       ;
; HPS_DDR3_DQ[29]                                                                                                                                                                                                                                                                                                                                                                  ;                   ;         ;
;      - scilab_adc2:u_system|scilab_adc2_hps_0:hps_0|scilab_adc2_hps_0_hps_io:hps_io|scilab_adc2_hps_0_hps_io_border:border|hps_sdram:hps_sdram_inst|hps_sdram_p0:p0|hps_sdram_p0_acv_hard_memphy:umemphy|hps_sdram_p0_acv_hard_io_pads:uio_pads|hps_sdram_p0_altdqdqs:dq_ddio[3].ubidir_dq_dqs|altdq_dqs2_acv_connect_to_hard_phy_cyclonev:altdq_dqs2_inst|pad_gen[5].in_delay_1 ; 0                 ; 0       ;
; HPS_DDR3_DQ[30]                                                                                                                                                                                                                                                                                                                                                                  ;                   ;         ;
;      - scilab_adc2:u_system|scilab_adc2_hps_0:hps_0|scilab_adc2_hps_0_hps_io:hps_io|scilab_adc2_hps_0_hps_io_border:border|hps_sdram:hps_sdram_inst|hps_sdram_p0:p0|hps_sdram_p0_acv_hard_memphy:umemphy|hps_sdram_p0_acv_hard_io_pads:uio_pads|hps_sdram_p0_altdqdqs:dq_ddio[3].ubidir_dq_dqs|altdq_dqs2_acv_connect_to_hard_phy_cyclonev:altdq_dqs2_inst|pad_gen[6].in_delay_1 ; 0                 ; 0       ;
; HPS_DDR3_DQ[31]                                                                                                                                                                                                                                                                                                                                                                  ;                   ;         ;
;      - scilab_adc2:u_system|scilab_adc2_hps_0:hps_0|scilab_adc2_hps_0_hps_io:hps_io|scilab_adc2_hps_0_hps_io_border:border|hps_sdram:hps_sdram_inst|hps_sdram_p0:p0|hps_sdram_p0_acv_hard_memphy:umemphy|hps_sdram_p0_acv_hard_io_pads:uio_pads|hps_sdram_p0_altdqdqs:dq_ddio[3].ubidir_dq_dqs|altdq_dqs2_acv_connect_to_hard_phy_cyclonev:altdq_dqs2_inst|pad_gen[7].in_delay_1 ; 0                 ; 0       ;
; HPS_DDR3_DQS_N[0]                                                                                                                                                                                                                                                                                                                                                                ;                   ;         ;
; HPS_DDR3_DQS_N[1]                                                                                                                                                                                                                                                                                                                                                                ;                   ;         ;
; HPS_DDR3_DQS_N[2]                                                                                                                                                                                                                                                                                                                                                                ;                   ;         ;
; HPS_DDR3_DQS_N[3]                                                                                                                                                                                                                                                                                                                                                                ;                   ;         ;
; HPS_DDR3_DQS_P[0]                                                                                                                                                                                                                                                                                                                                                                ;                   ;         ;
; HPS_DDR3_DQS_P[1]                                                                                                                                                                                                                                                                                                                                                                ;                   ;         ;
; HPS_DDR3_DQS_P[2]                                                                                                                                                                                                                                                                                                                                                                ;                   ;         ;
; HPS_DDR3_DQS_P[3]                                                                                                                                                                                                                                                                                                                                                                ;                   ;         ;
; HPS_DDR3_RZQ                                                                                                                                                                                                                                                                                                                                                                     ;                   ;         ;
; FPGA_CLK1_50                                                                                                                                                                                                                                                                                                                                                                     ;                   ;         ;
; ADC_SDO                                                                                                                                                                                                                                                                                                                                                                          ;                   ;         ;
;      - scilab_adc2:u_system|adc_ltc2308_fifo:adc_ltc2308_0|adc_ltc2308:adc_ltc2308_inst|read_data[0]~0                                                                                                                                                                                                                                                                           ; 0                 ; 0       ;
;      - scilab_adc2:u_system|adc_ltc2308_fifo:adc_ltc2308_0|adc_ltc2308:adc_ltc2308_inst|read_data[1]~1                                                                                                                                                                                                                                                                           ; 0                 ; 0       ;
;      - scilab_adc2:u_system|adc_ltc2308_fifo:adc_ltc2308_0|adc_ltc2308:adc_ltc2308_inst|read_data[2]~2                                                                                                                                                                                                                                                                           ; 0                 ; 0       ;
;      - scilab_adc2:u_system|adc_ltc2308_fifo:adc_ltc2308_0|adc_ltc2308:adc_ltc2308_inst|read_data[3]~3                                                                                                                                                                                                                                                                           ; 0                 ; 0       ;
;      - scilab_adc2:u_system|adc_ltc2308_fifo:adc_ltc2308_0|adc_ltc2308:adc_ltc2308_inst|read_data[4]~4                                                                                                                                                                                                                                                                           ; 0                 ; 0       ;
;      - scilab_adc2:u_system|adc_ltc2308_fifo:adc_ltc2308_0|adc_ltc2308:adc_ltc2308_inst|read_data[5]~5                                                                                                                                                                                                                                                                           ; 0                 ; 0       ;
;      - scilab_adc2:u_system|adc_ltc2308_fifo:adc_ltc2308_0|adc_ltc2308:adc_ltc2308_inst|read_data[6]~6                                                                                                                                                                                                                                                                           ; 0                 ; 0       ;
;      - scilab_adc2:u_system|adc_ltc2308_fifo:adc_ltc2308_0|adc_ltc2308:adc_ltc2308_inst|read_data[7]~7                                                                                                                                                                                                                                                                           ; 0                 ; 0       ;
;      - scilab_adc2:u_system|adc_ltc2308_fifo:adc_ltc2308_0|adc_ltc2308:adc_ltc2308_inst|read_data[8]~8                                                                                                                                                                                                                                                                           ; 0                 ; 0       ;
;      - scilab_adc2:u_system|adc_ltc2308_fifo:adc_ltc2308_0|adc_ltc2308:adc_ltc2308_inst|read_data[9]~9                                                                                                                                                                                                                                                                           ; 0                 ; 0       ;
;      - scilab_adc2:u_system|adc_ltc2308_fifo:adc_ltc2308_0|adc_ltc2308:adc_ltc2308_inst|read_data[10]~10                                                                                                                                                                                                                                                                         ; 0                 ; 0       ;
;      - scilab_adc2:u_system|adc_ltc2308_fifo:adc_ltc2308_0|adc_ltc2308:adc_ltc2308_inst|read_data[11]~11                                                                                                                                                                                                                                                                         ; 0                 ; 0       ;
+----------------------------------------------------------------------------------------------------------------------------------------------------------------------------------------------------------------------------------------------------------------------------------------------------------------------------------------------------------------------------------+-------------------+---------+


+-----------------------------------------------------------------------------------------------------------------------------------------------------------------------------------------------------------------------------------------------------------------------------------------------------------------------------------------------------------------------------------------------------------------------------------------------------------------------------------------------------------------------------------------------------+
; Control Signals                                                                                                                                                                                                                                                                                                                                                                                                                                                                                                                                     ;
+---------------------------------------------------------------------------------------------------------------------------------------------------------------------------------------------------------------------------------------------------------------------------------------------------------------------------------------------------------------------------------------+---------------------------------------+---------+----------------------------+--------+----------------------+------------------+---------------------------+
; Name                                                                                                                                                                                                                                                                                                                                                                                  ; Location                              ; Fan-Out ; Usage                      ; Global ; Global Resource Used ; Global Line Name ; Enable Signal Source Name ;
+---------------------------------------------------------------------------------------------------------------------------------------------------------------------------------------------------------------------------------------------------------------------------------------------------------------------------------------------------------------------------------------+---------------------------------------+---------+----------------------------+--------+----------------------+------------------+---------------------------+
; scilab_adc2:u_system|adc_ltc2308_fifo:adc_ltc2308_0|adc_data_fifo:adc_data_fifo_inst|dcfifo:dcfifo_component|dcfifo_s7q1:auto_generated|valid_rdreq                                                                                                                                                                                                                                   ; LABCELL_X40_Y40_N33                   ; 21      ; Clock enable               ; no     ; --                   ; --               ; --                        ;
; scilab_adc2:u_system|adc_ltc2308_fifo:adc_ltc2308_0|adc_data_fifo:adc_data_fifo_inst|dcfifo:dcfifo_component|dcfifo_s7q1:auto_generated|valid_wrreq~1                                                                                                                                                                                                                                 ; LABCELL_X42_Y39_N18                   ; 24      ; Clock enable, Write enable ; no     ; --                   ; --               ; --                        ;
; scilab_adc2:u_system|adc_ltc2308_fifo:adc_ltc2308_0|adc_ltc2308:adc_ltc2308_inst|LessThan0~1                                                                                                                                                                                                                                                                                          ; LABCELL_X36_Y36_N30                   ; 22      ; Clock enable               ; no     ; --                   ; --               ; --                        ;
; scilab_adc2:u_system|adc_ltc2308_fifo:adc_ltc2308_0|adc_ltc2308:adc_ltc2308_inst|reset_n~0                                                                                                                                                                                                                                                                                            ; LABCELL_X37_Y36_N36                   ; 42      ; Async. clear               ; no     ; --                   ; --               ; --                        ;
; scilab_adc2:u_system|adc_ltc2308_fifo:adc_ltc2308_0|adc_ltc2308:adc_ltc2308_inst|sdi_index[1]~1                                                                                                                                                                                                                                                                                       ; LABCELL_X36_Y36_N6                    ; 2       ; Clock enable               ; no     ; --                   ; --               ; --                        ;
; scilab_adc2:u_system|adc_ltc2308_fifo:adc_ltc2308_0|adc_reset_n~0                                                                                                                                                                                                                                                                                                                     ; LABCELL_X45_Y40_N42                   ; 156     ; Async. clear               ; no     ; --                   ; --               ; --                        ;
; scilab_adc2:u_system|adc_ltc2308_fifo:adc_ltc2308_0|always0~0                                                                                                                                                                                                                                                                                                                         ; LABCELL_X40_Y41_N27                   ; 2       ; Clock enable               ; no     ; --                   ; --               ; --                        ;
; scilab_adc2:u_system|adc_ltc2308_fifo:adc_ltc2308_0|measure_count[0]~1                                                                                                                                                                                                                                                                                                                ; LABCELL_X40_Y41_N18                   ; 14      ; Clock enable               ; no     ; --                   ; --               ; --                        ;
; scilab_adc2:u_system|adc_ltc2308_fifo:adc_ltc2308_0|measure_fifo_num[0]~0                                                                                                                                                                                                                                                                                                             ; LABCELL_X45_Y40_N27                   ; 12      ; Clock enable               ; no     ; --                   ; --               ; --                        ;
; scilab_adc2:u_system|adc_ltc2308_fifo:adc_ltc2308_0|slave_read_status~0                                                                                                                                                                                                                                                                                                               ; LABCELL_X43_Y40_N15                   ; 12      ; Sync. clear                ; no     ; --                   ; --               ; --                        ;
; scilab_adc2:u_system|altera_reset_controller:rst_controller_001|altera_reset_synchronizer:alt_rst_sync_uq1|altera_reset_synchronizer_int_chain_out                                                                                                                                                                                                                                    ; FF_X48_Y45_N5                         ; 10      ; Async. clear               ; no     ; --                   ; --               ; --                        ;
; scilab_adc2:u_system|altera_reset_controller:rst_controller|altera_reset_synchronizer:alt_rst_sync_uq1|altera_reset_synchronizer_int_chain_out                                                                                                                                                                                                                                        ; FF_X47_Y45_N59                        ; 229     ; Async. clear               ; no     ; --                   ; --               ; --                        ;
; scilab_adc2:u_system|scilab_adc2_hps_0:hps_0|scilab_adc2_hps_0_fpga_interfaces:fpga_interfaces|h2f_rst_n[0]                                                                                                                                                                                                                                                                           ; HPSINTERFACECLOCKSRESETS_X52_Y78_N111 ; 3       ; Async. clear               ; yes    ; Global Clock         ; GCLK8            ; --                        ;
; scilab_adc2:u_system|scilab_adc2_hps_0:hps_0|scilab_adc2_hps_0_hps_io:hps_io|scilab_adc2_hps_0_hps_io_border:border|hps_sdram:hps_sdram_inst|hps_sdram_p0:p0|hps_sdram_p0_acv_hard_memphy:umemphy|hps_sdram_p0_acv_hard_io_pads:uio_pads|hps_sdram_p0_acv_hard_addr_cmd_pads:uaddr_cmd_pads|hps_sdram_p0_acv_ldc:address_gen[0].acv_ac_ldc|adc_clk_cps                                ; CLKPHASESELECT_X89_Y71_N7             ; 11      ; Clock                      ; no     ; --                   ; --               ; --                        ;
; scilab_adc2:u_system|scilab_adc2_hps_0:hps_0|scilab_adc2_hps_0_hps_io:hps_io|scilab_adc2_hps_0_hps_io_border:border|hps_sdram:hps_sdram_inst|hps_sdram_p0:p0|hps_sdram_p0_acv_hard_memphy:umemphy|hps_sdram_p0_acv_hard_io_pads:uio_pads|hps_sdram_p0_acv_hard_addr_cmd_pads:uaddr_cmd_pads|hps_sdram_p0_acv_ldc:address_gen[19].acv_ac_ldc|adc_clk_cps                               ; CLKPHASESELECT_X89_Y56_N7             ; 1       ; Clock                      ; no     ; --                   ; --               ; --                        ;
; scilab_adc2:u_system|scilab_adc2_hps_0:hps_0|scilab_adc2_hps_0_hps_io:hps_io|scilab_adc2_hps_0_hps_io_border:border|hps_sdram:hps_sdram_inst|hps_sdram_p0:p0|hps_sdram_p0_acv_hard_memphy:umemphy|hps_sdram_p0_acv_hard_io_pads:uio_pads|hps_sdram_p0_acv_hard_addr_cmd_pads:uaddr_cmd_pads|hps_sdram_p0_acv_ldc:address_gen[20].acv_ac_ldc|adc_clk_cps                               ; CLKPHASESELECT_X89_Y63_N7             ; 1       ; Clock                      ; no     ; --                   ; --               ; --                        ;
; scilab_adc2:u_system|scilab_adc2_hps_0:hps_0|scilab_adc2_hps_0_hps_io:hps_io|scilab_adc2_hps_0_hps_io_border:border|hps_sdram:hps_sdram_inst|hps_sdram_p0:p0|hps_sdram_p0_acv_hard_memphy:umemphy|hps_sdram_p0_acv_hard_io_pads:uio_pads|hps_sdram_p0_acv_hard_addr_cmd_pads:uaddr_cmd_pads|hps_sdram_p0_acv_ldc:address_gen[24].acv_ac_ldc|adc_clk_cps                               ; CLKPHASESELECT_X89_Y49_N7             ; 1       ; Clock                      ; no     ; --                   ; --               ; --                        ;
; scilab_adc2:u_system|scilab_adc2_hps_0:hps_0|scilab_adc2_hps_0_hps_io:hps_io|scilab_adc2_hps_0_hps_io_border:border|hps_sdram:hps_sdram_inst|hps_sdram_p0:p0|hps_sdram_p0_acv_hard_memphy:umemphy|hps_sdram_p0_acv_hard_io_pads:uio_pads|hps_sdram_p0_acv_hard_addr_cmd_pads:uaddr_cmd_pads|hps_sdram_p0_acv_ldc:address_gen[8].acv_ac_ldc|adc_clk_cps                                ; CLKPHASESELECT_X89_Y77_N7             ; 11      ; Clock                      ; no     ; --                   ; --               ; --                        ;
; scilab_adc2:u_system|scilab_adc2_hps_0:hps_0|scilab_adc2_hps_0_hps_io:hps_io|scilab_adc2_hps_0_hps_io_border:border|hps_sdram:hps_sdram_inst|hps_sdram_p0:p0|hps_sdram_p0_acv_hard_memphy:umemphy|hps_sdram_p0_acv_hard_io_pads:uio_pads|hps_sdram_p0_acv_hard_addr_cmd_pads:uaddr_cmd_pads|hps_sdram_p0_clock_pair_generator:clock_gen[0].uclk_generator|wire_pseudo_diffa_oebout[0] ; PSEUDODIFFOUT_X89_Y73_N6              ; 1       ; Output enable              ; no     ; --                   ; --               ; --                        ;
; scilab_adc2:u_system|scilab_adc2_hps_0:hps_0|scilab_adc2_hps_0_hps_io:hps_io|scilab_adc2_hps_0_hps_io_border:border|hps_sdram:hps_sdram_inst|hps_sdram_p0:p0|hps_sdram_p0_acv_hard_memphy:umemphy|hps_sdram_p0_acv_hard_io_pads:uio_pads|hps_sdram_p0_acv_hard_addr_cmd_pads:uaddr_cmd_pads|hps_sdram_p0_clock_pair_generator:clock_gen[0].uclk_generator|wire_pseudo_diffa_oeout[0]  ; PSEUDODIFFOUT_X89_Y73_N6              ; 1       ; Output enable              ; no     ; --                   ; --               ; --                        ;
; scilab_adc2:u_system|scilab_adc2_hps_0:hps_0|scilab_adc2_hps_0_hps_io:hps_io|scilab_adc2_hps_0_hps_io_border:border|hps_sdram:hps_sdram_inst|hps_sdram_p0:p0|hps_sdram_p0_acv_hard_memphy:umemphy|hps_sdram_p0_acv_hard_io_pads:uio_pads|hps_sdram_p0_acv_hard_addr_cmd_pads:uaddr_cmd_pads|mem_ck_source[0]                                                                          ; CLKPHASESELECT_X89_Y71_N4             ; 1       ; Clock                      ; no     ; --                   ; --               ; --                        ;
; scilab_adc2:u_system|scilab_adc2_hps_0:hps_0|scilab_adc2_hps_0_hps_io:hps_io|scilab_adc2_hps_0_hps_io_border:border|hps_sdram:hps_sdram_inst|hps_sdram_p0:p0|hps_sdram_p0_acv_hard_memphy:umemphy|hps_sdram_p0_acv_hard_io_pads:uio_pads|hps_sdram_p0_altdqdqs:dq_ddio[0].ubidir_dq_dqs|altdq_dqs2_acv_connect_to_hard_phy_cyclonev:altdq_dqs2_inst|diff_oe                           ; PSEUDODIFFOUT_X89_Y65_N6              ; 1       ; Output enable              ; no     ; --                   ; --               ; --                        ;
; scilab_adc2:u_system|scilab_adc2_hps_0:hps_0|scilab_adc2_hps_0_hps_io:hps_io|scilab_adc2_hps_0_hps_io_border:border|hps_sdram:hps_sdram_inst|hps_sdram_p0:p0|hps_sdram_p0_acv_hard_memphy:umemphy|hps_sdram_p0_acv_hard_io_pads:uio_pads|hps_sdram_p0_altdqdqs:dq_ddio[0].ubidir_dq_dqs|altdq_dqs2_acv_connect_to_hard_phy_cyclonev:altdq_dqs2_inst|diff_oe_bar                       ; PSEUDODIFFOUT_X89_Y65_N6              ; 1       ; Output enable              ; no     ; --                   ; --               ; --                        ;
; scilab_adc2:u_system|scilab_adc2_hps_0:hps_0|scilab_adc2_hps_0_hps_io:hps_io|scilab_adc2_hps_0_hps_io_border:border|hps_sdram:hps_sdram_inst|hps_sdram_p0:p0|hps_sdram_p0_acv_hard_memphy:umemphy|hps_sdram_p0_acv_hard_io_pads:uio_pads|hps_sdram_p0_altdqdqs:dq_ddio[0].ubidir_dq_dqs|altdq_dqs2_acv_connect_to_hard_phy_cyclonev:altdq_dqs2_inst|dq_shifted_clock                  ; CLKPHASESELECT_X89_Y63_N8             ; 17      ; Clock                      ; no     ; --                   ; --               ; --                        ;
; scilab_adc2:u_system|scilab_adc2_hps_0:hps_0|scilab_adc2_hps_0_hps_io:hps_io|scilab_adc2_hps_0_hps_io_border:border|hps_sdram:hps_sdram_inst|hps_sdram_p0:p0|hps_sdram_p0_acv_hard_memphy:umemphy|hps_sdram_p0_acv_hard_io_pads:uio_pads|hps_sdram_p0_altdqdqs:dq_ddio[0].ubidir_dq_dqs|altdq_dqs2_acv_connect_to_hard_phy_cyclonev:altdq_dqs2_inst|dqs_shifted_clock                 ; CLKPHASESELECT_X89_Y63_N4             ; 13      ; Clock                      ; no     ; --                   ; --               ; --                        ;
; scilab_adc2:u_system|scilab_adc2_hps_0:hps_0|scilab_adc2_hps_0_hps_io:hps_io|scilab_adc2_hps_0_hps_io_border:border|hps_sdram:hps_sdram_inst|hps_sdram_p0:p0|hps_sdram_p0_acv_hard_memphy:umemphy|hps_sdram_p0_acv_hard_io_pads:uio_pads|hps_sdram_p0_altdqdqs:dq_ddio[0].ubidir_dq_dqs|altdq_dqs2_acv_connect_to_hard_phy_cyclonev:altdq_dqs2_inst|dqsbusout                         ; DELAYCHAIN_X89_Y63_N22                ; 17      ; Clock                      ; no     ; --                   ; --               ; --                        ;
; scilab_adc2:u_system|scilab_adc2_hps_0:hps_0|scilab_adc2_hps_0_hps_io:hps_io|scilab_adc2_hps_0_hps_io_border:border|hps_sdram:hps_sdram_inst|hps_sdram_p0:p0|hps_sdram_p0_acv_hard_memphy:umemphy|hps_sdram_p0_acv_hard_io_pads:uio_pads|hps_sdram_p0_altdqdqs:dq_ddio[0].ubidir_dq_dqs|altdq_dqs2_acv_connect_to_hard_phy_cyclonev:altdq_dqs2_inst|fr_os_oct                         ; DDIOOUT_X89_Y63_N10                   ; 1       ; Output enable              ; no     ; --                   ; --               ; --                        ;
; scilab_adc2:u_system|scilab_adc2_hps_0:hps_0|scilab_adc2_hps_0_hps_io:hps_io|scilab_adc2_hps_0_hps_io_border:border|hps_sdram:hps_sdram_inst|hps_sdram_p0:p0|hps_sdram_p0_acv_hard_memphy:umemphy|hps_sdram_p0_acv_hard_io_pads:uio_pads|hps_sdram_p0_altdqdqs:dq_ddio[0].ubidir_dq_dqs|altdq_dqs2_acv_connect_to_hard_phy_cyclonev:altdq_dqs2_inst|hr_seq_clock                      ; CLKPHASESELECT_X89_Y63_N9             ; 42      ; Clock                      ; no     ; --                   ; --               ; --                        ;
; scilab_adc2:u_system|scilab_adc2_hps_0:hps_0|scilab_adc2_hps_0_hps_io:hps_io|scilab_adc2_hps_0_hps_io_border:border|hps_sdram:hps_sdram_inst|hps_sdram_p0:p0|hps_sdram_p0_acv_hard_memphy:umemphy|hps_sdram_p0_acv_hard_io_pads:uio_pads|hps_sdram_p0_altdqdqs:dq_ddio[0].ubidir_dq_dqs|altdq_dqs2_acv_connect_to_hard_phy_cyclonev:altdq_dqs2_inst|pad_gen[0].delayed_oe_1           ; DELAYCHAIN_X89_Y66_N27                ; 1       ; Output enable              ; no     ; --                   ; --               ; --                        ;
; scilab_adc2:u_system|scilab_adc2_hps_0:hps_0|scilab_adc2_hps_0_hps_io:hps_io|scilab_adc2_hps_0_hps_io_border:border|hps_sdram:hps_sdram_inst|hps_sdram_p0:p0|hps_sdram_p0_acv_hard_memphy:umemphy|hps_sdram_p0_acv_hard_io_pads:uio_pads|hps_sdram_p0_altdqdqs:dq_ddio[0].ubidir_dq_dqs|altdq_dqs2_acv_connect_to_hard_phy_cyclonev:altdq_dqs2_inst|pad_gen[1].delayed_oe_1           ; DELAYCHAIN_X89_Y66_N10                ; 1       ; Output enable              ; no     ; --                   ; --               ; --                        ;
; scilab_adc2:u_system|scilab_adc2_hps_0:hps_0|scilab_adc2_hps_0_hps_io:hps_io|scilab_adc2_hps_0_hps_io_border:border|hps_sdram:hps_sdram_inst|hps_sdram_p0:p0|hps_sdram_p0_acv_hard_memphy:umemphy|hps_sdram_p0_acv_hard_io_pads:uio_pads|hps_sdram_p0_altdqdqs:dq_ddio[0].ubidir_dq_dqs|altdq_dqs2_acv_connect_to_hard_phy_cyclonev:altdq_dqs2_inst|pad_gen[2].delayed_oe_1           ; DELAYCHAIN_X89_Y66_N44                ; 1       ; Output enable              ; no     ; --                   ; --               ; --                        ;
; scilab_adc2:u_system|scilab_adc2_hps_0:hps_0|scilab_adc2_hps_0_hps_io:hps_io|scilab_adc2_hps_0_hps_io_border:border|hps_sdram:hps_sdram_inst|hps_sdram_p0:p0|hps_sdram_p0_acv_hard_memphy:umemphy|hps_sdram_p0_acv_hard_io_pads:uio_pads|hps_sdram_p0_altdqdqs:dq_ddio[0].ubidir_dq_dqs|altdq_dqs2_acv_connect_to_hard_phy_cyclonev:altdq_dqs2_inst|pad_gen[3].delayed_oe_1           ; DELAYCHAIN_X89_Y65_N61                ; 1       ; Output enable              ; no     ; --                   ; --               ; --                        ;
; scilab_adc2:u_system|scilab_adc2_hps_0:hps_0|scilab_adc2_hps_0_hps_io:hps_io|scilab_adc2_hps_0_hps_io_border:border|hps_sdram:hps_sdram_inst|hps_sdram_p0:p0|hps_sdram_p0_acv_hard_memphy:umemphy|hps_sdram_p0_acv_hard_io_pads:uio_pads|hps_sdram_p0_altdqdqs:dq_ddio[0].ubidir_dq_dqs|altdq_dqs2_acv_connect_to_hard_phy_cyclonev:altdq_dqs2_inst|pad_gen[4].delayed_oe_1           ; DELAYCHAIN_X89_Y64_N27                ; 1       ; Output enable              ; no     ; --                   ; --               ; --                        ;
; scilab_adc2:u_system|scilab_adc2_hps_0:hps_0|scilab_adc2_hps_0_hps_io:hps_io|scilab_adc2_hps_0_hps_io_border:border|hps_sdram:hps_sdram_inst|hps_sdram_p0:p0|hps_sdram_p0_acv_hard_memphy:umemphy|hps_sdram_p0_acv_hard_io_pads:uio_pads|hps_sdram_p0_altdqdqs:dq_ddio[0].ubidir_dq_dqs|altdq_dqs2_acv_connect_to_hard_phy_cyclonev:altdq_dqs2_inst|pad_gen[5].delayed_oe_1           ; DELAYCHAIN_X89_Y64_N10                ; 1       ; Output enable              ; no     ; --                   ; --               ; --                        ;
; scilab_adc2:u_system|scilab_adc2_hps_0:hps_0|scilab_adc2_hps_0_hps_io:hps_io|scilab_adc2_hps_0_hps_io_border:border|hps_sdram:hps_sdram_inst|hps_sdram_p0:p0|hps_sdram_p0_acv_hard_memphy:umemphy|hps_sdram_p0_acv_hard_io_pads:uio_pads|hps_sdram_p0_altdqdqs:dq_ddio[0].ubidir_dq_dqs|altdq_dqs2_acv_connect_to_hard_phy_cyclonev:altdq_dqs2_inst|pad_gen[6].delayed_oe_1           ; DELAYCHAIN_X89_Y64_N44                ; 1       ; Output enable              ; no     ; --                   ; --               ; --                        ;
; scilab_adc2:u_system|scilab_adc2_hps_0:hps_0|scilab_adc2_hps_0_hps_io:hps_io|scilab_adc2_hps_0_hps_io_border:border|hps_sdram:hps_sdram_inst|hps_sdram_p0:p0|hps_sdram_p0_acv_hard_memphy:umemphy|hps_sdram_p0_acv_hard_io_pads:uio_pads|hps_sdram_p0_altdqdqs:dq_ddio[0].ubidir_dq_dqs|altdq_dqs2_acv_connect_to_hard_phy_cyclonev:altdq_dqs2_inst|pad_gen[7].delayed_oe_1           ; DELAYCHAIN_X89_Y63_N101               ; 1       ; Output enable              ; no     ; --                   ; --               ; --                        ;
; scilab_adc2:u_system|scilab_adc2_hps_0:hps_0|scilab_adc2_hps_0_hps_io:hps_io|scilab_adc2_hps_0_hps_io_border:border|hps_sdram:hps_sdram_inst|hps_sdram_p0:p0|hps_sdram_p0_acv_hard_memphy:umemphy|hps_sdram_p0_acv_hard_io_pads:uio_pads|hps_sdram_p0_altdqdqs:dq_ddio[1].ubidir_dq_dqs|altdq_dqs2_acv_connect_to_hard_phy_cyclonev:altdq_dqs2_inst|diff_oe                           ; PSEUDODIFFOUT_X89_Y58_N6              ; 1       ; Output enable              ; no     ; --                   ; --               ; --                        ;
; scilab_adc2:u_system|scilab_adc2_hps_0:hps_0|scilab_adc2_hps_0_hps_io:hps_io|scilab_adc2_hps_0_hps_io_border:border|hps_sdram:hps_sdram_inst|hps_sdram_p0:p0|hps_sdram_p0_acv_hard_memphy:umemphy|hps_sdram_p0_acv_hard_io_pads:uio_pads|hps_sdram_p0_altdqdqs:dq_ddio[1].ubidir_dq_dqs|altdq_dqs2_acv_connect_to_hard_phy_cyclonev:altdq_dqs2_inst|diff_oe_bar                       ; PSEUDODIFFOUT_X89_Y58_N6              ; 1       ; Output enable              ; no     ; --                   ; --               ; --                        ;
; scilab_adc2:u_system|scilab_adc2_hps_0:hps_0|scilab_adc2_hps_0_hps_io:hps_io|scilab_adc2_hps_0_hps_io_border:border|hps_sdram:hps_sdram_inst|hps_sdram_p0:p0|hps_sdram_p0_acv_hard_memphy:umemphy|hps_sdram_p0_acv_hard_io_pads:uio_pads|hps_sdram_p0_altdqdqs:dq_ddio[1].ubidir_dq_dqs|altdq_dqs2_acv_connect_to_hard_phy_cyclonev:altdq_dqs2_inst|dq_shifted_clock                  ; CLKPHASESELECT_X89_Y56_N8             ; 17      ; Clock                      ; no     ; --                   ; --               ; --                        ;
; scilab_adc2:u_system|scilab_adc2_hps_0:hps_0|scilab_adc2_hps_0_hps_io:hps_io|scilab_adc2_hps_0_hps_io_border:border|hps_sdram:hps_sdram_inst|hps_sdram_p0:p0|hps_sdram_p0_acv_hard_memphy:umemphy|hps_sdram_p0_acv_hard_io_pads:uio_pads|hps_sdram_p0_altdqdqs:dq_ddio[1].ubidir_dq_dqs|altdq_dqs2_acv_connect_to_hard_phy_cyclonev:altdq_dqs2_inst|dqs_shifted_clock                 ; CLKPHASESELECT_X89_Y56_N4             ; 13      ; Clock                      ; no     ; --                   ; --               ; --                        ;
; scilab_adc2:u_system|scilab_adc2_hps_0:hps_0|scilab_adc2_hps_0_hps_io:hps_io|scilab_adc2_hps_0_hps_io_border:border|hps_sdram:hps_sdram_inst|hps_sdram_p0:p0|hps_sdram_p0_acv_hard_memphy:umemphy|hps_sdram_p0_acv_hard_io_pads:uio_pads|hps_sdram_p0_altdqdqs:dq_ddio[1].ubidir_dq_dqs|altdq_dqs2_acv_connect_to_hard_phy_cyclonev:altdq_dqs2_inst|dqsbusout                         ; DELAYCHAIN_X89_Y56_N22                ; 17      ; Clock                      ; no     ; --                   ; --               ; --                        ;
; scilab_adc2:u_system|scilab_adc2_hps_0:hps_0|scilab_adc2_hps_0_hps_io:hps_io|scilab_adc2_hps_0_hps_io_border:border|hps_sdram:hps_sdram_inst|hps_sdram_p0:p0|hps_sdram_p0_acv_hard_memphy:umemphy|hps_sdram_p0_acv_hard_io_pads:uio_pads|hps_sdram_p0_altdqdqs:dq_ddio[1].ubidir_dq_dqs|altdq_dqs2_acv_connect_to_hard_phy_cyclonev:altdq_dqs2_inst|fr_os_oct                         ; DDIOOUT_X89_Y56_N10                   ; 1       ; Output enable              ; no     ; --                   ; --               ; --                        ;
; scilab_adc2:u_system|scilab_adc2_hps_0:hps_0|scilab_adc2_hps_0_hps_io:hps_io|scilab_adc2_hps_0_hps_io_border:border|hps_sdram:hps_sdram_inst|hps_sdram_p0:p0|hps_sdram_p0_acv_hard_memphy:umemphy|hps_sdram_p0_acv_hard_io_pads:uio_pads|hps_sdram_p0_altdqdqs:dq_ddio[1].ubidir_dq_dqs|altdq_dqs2_acv_connect_to_hard_phy_cyclonev:altdq_dqs2_inst|hr_seq_clock                      ; CLKPHASESELECT_X89_Y56_N9             ; 42      ; Clock                      ; no     ; --                   ; --               ; --                        ;
; scilab_adc2:u_system|scilab_adc2_hps_0:hps_0|scilab_adc2_hps_0_hps_io:hps_io|scilab_adc2_hps_0_hps_io_border:border|hps_sdram:hps_sdram_inst|hps_sdram_p0:p0|hps_sdram_p0_acv_hard_memphy:umemphy|hps_sdram_p0_acv_hard_io_pads:uio_pads|hps_sdram_p0_altdqdqs:dq_ddio[1].ubidir_dq_dqs|altdq_dqs2_acv_connect_to_hard_phy_cyclonev:altdq_dqs2_inst|pad_gen[0].delayed_oe_1           ; DELAYCHAIN_X89_Y59_N27                ; 1       ; Output enable              ; no     ; --                   ; --               ; --                        ;
; scilab_adc2:u_system|scilab_adc2_hps_0:hps_0|scilab_adc2_hps_0_hps_io:hps_io|scilab_adc2_hps_0_hps_io_border:border|hps_sdram:hps_sdram_inst|hps_sdram_p0:p0|hps_sdram_p0_acv_hard_memphy:umemphy|hps_sdram_p0_acv_hard_io_pads:uio_pads|hps_sdram_p0_altdqdqs:dq_ddio[1].ubidir_dq_dqs|altdq_dqs2_acv_connect_to_hard_phy_cyclonev:altdq_dqs2_inst|pad_gen[1].delayed_oe_1           ; DELAYCHAIN_X89_Y59_N10                ; 1       ; Output enable              ; no     ; --                   ; --               ; --                        ;
; scilab_adc2:u_system|scilab_adc2_hps_0:hps_0|scilab_adc2_hps_0_hps_io:hps_io|scilab_adc2_hps_0_hps_io_border:border|hps_sdram:hps_sdram_inst|hps_sdram_p0:p0|hps_sdram_p0_acv_hard_memphy:umemphy|hps_sdram_p0_acv_hard_io_pads:uio_pads|hps_sdram_p0_altdqdqs:dq_ddio[1].ubidir_dq_dqs|altdq_dqs2_acv_connect_to_hard_phy_cyclonev:altdq_dqs2_inst|pad_gen[2].delayed_oe_1           ; DELAYCHAIN_X89_Y59_N44                ; 1       ; Output enable              ; no     ; --                   ; --               ; --                        ;
; scilab_adc2:u_system|scilab_adc2_hps_0:hps_0|scilab_adc2_hps_0_hps_io:hps_io|scilab_adc2_hps_0_hps_io_border:border|hps_sdram:hps_sdram_inst|hps_sdram_p0:p0|hps_sdram_p0_acv_hard_memphy:umemphy|hps_sdram_p0_acv_hard_io_pads:uio_pads|hps_sdram_p0_altdqdqs:dq_ddio[1].ubidir_dq_dqs|altdq_dqs2_acv_connect_to_hard_phy_cyclonev:altdq_dqs2_inst|pad_gen[3].delayed_oe_1           ; DELAYCHAIN_X89_Y58_N61                ; 1       ; Output enable              ; no     ; --                   ; --               ; --                        ;
; scilab_adc2:u_system|scilab_adc2_hps_0:hps_0|scilab_adc2_hps_0_hps_io:hps_io|scilab_adc2_hps_0_hps_io_border:border|hps_sdram:hps_sdram_inst|hps_sdram_p0:p0|hps_sdram_p0_acv_hard_memphy:umemphy|hps_sdram_p0_acv_hard_io_pads:uio_pads|hps_sdram_p0_altdqdqs:dq_ddio[1].ubidir_dq_dqs|altdq_dqs2_acv_connect_to_hard_phy_cyclonev:altdq_dqs2_inst|pad_gen[4].delayed_oe_1           ; DELAYCHAIN_X89_Y57_N27                ; 1       ; Output enable              ; no     ; --                   ; --               ; --                        ;
; scilab_adc2:u_system|scilab_adc2_hps_0:hps_0|scilab_adc2_hps_0_hps_io:hps_io|scilab_adc2_hps_0_hps_io_border:border|hps_sdram:hps_sdram_inst|hps_sdram_p0:p0|hps_sdram_p0_acv_hard_memphy:umemphy|hps_sdram_p0_acv_hard_io_pads:uio_pads|hps_sdram_p0_altdqdqs:dq_ddio[1].ubidir_dq_dqs|altdq_dqs2_acv_connect_to_hard_phy_cyclonev:altdq_dqs2_inst|pad_gen[5].delayed_oe_1           ; DELAYCHAIN_X89_Y57_N10                ; 1       ; Output enable              ; no     ; --                   ; --               ; --                        ;
; scilab_adc2:u_system|scilab_adc2_hps_0:hps_0|scilab_adc2_hps_0_hps_io:hps_io|scilab_adc2_hps_0_hps_io_border:border|hps_sdram:hps_sdram_inst|hps_sdram_p0:p0|hps_sdram_p0_acv_hard_memphy:umemphy|hps_sdram_p0_acv_hard_io_pads:uio_pads|hps_sdram_p0_altdqdqs:dq_ddio[1].ubidir_dq_dqs|altdq_dqs2_acv_connect_to_hard_phy_cyclonev:altdq_dqs2_inst|pad_gen[6].delayed_oe_1           ; DELAYCHAIN_X89_Y57_N44                ; 1       ; Output enable              ; no     ; --                   ; --               ; --                        ;
; scilab_adc2:u_system|scilab_adc2_hps_0:hps_0|scilab_adc2_hps_0_hps_io:hps_io|scilab_adc2_hps_0_hps_io_border:border|hps_sdram:hps_sdram_inst|hps_sdram_p0:p0|hps_sdram_p0_acv_hard_memphy:umemphy|hps_sdram_p0_acv_hard_io_pads:uio_pads|hps_sdram_p0_altdqdqs:dq_ddio[1].ubidir_dq_dqs|altdq_dqs2_acv_connect_to_hard_phy_cyclonev:altdq_dqs2_inst|pad_gen[7].delayed_oe_1           ; DELAYCHAIN_X89_Y56_N101               ; 1       ; Output enable              ; no     ; --                   ; --               ; --                        ;
; scilab_adc2:u_system|scilab_adc2_hps_0:hps_0|scilab_adc2_hps_0_hps_io:hps_io|scilab_adc2_hps_0_hps_io_border:border|hps_sdram:hps_sdram_inst|hps_sdram_p0:p0|hps_sdram_p0_acv_hard_memphy:umemphy|hps_sdram_p0_acv_hard_io_pads:uio_pads|hps_sdram_p0_altdqdqs:dq_ddio[2].ubidir_dq_dqs|altdq_dqs2_acv_connect_to_hard_phy_cyclonev:altdq_dqs2_inst|diff_oe                           ; PSEUDODIFFOUT_X89_Y51_N6              ; 1       ; Output enable              ; no     ; --                   ; --               ; --                        ;
; scilab_adc2:u_system|scilab_adc2_hps_0:hps_0|scilab_adc2_hps_0_hps_io:hps_io|scilab_adc2_hps_0_hps_io_border:border|hps_sdram:hps_sdram_inst|hps_sdram_p0:p0|hps_sdram_p0_acv_hard_memphy:umemphy|hps_sdram_p0_acv_hard_io_pads:uio_pads|hps_sdram_p0_altdqdqs:dq_ddio[2].ubidir_dq_dqs|altdq_dqs2_acv_connect_to_hard_phy_cyclonev:altdq_dqs2_inst|diff_oe_bar                       ; PSEUDODIFFOUT_X89_Y51_N6              ; 1       ; Output enable              ; no     ; --                   ; --               ; --                        ;
; scilab_adc2:u_system|scilab_adc2_hps_0:hps_0|scilab_adc2_hps_0_hps_io:hps_io|scilab_adc2_hps_0_hps_io_border:border|hps_sdram:hps_sdram_inst|hps_sdram_p0:p0|hps_sdram_p0_acv_hard_memphy:umemphy|hps_sdram_p0_acv_hard_io_pads:uio_pads|hps_sdram_p0_altdqdqs:dq_ddio[2].ubidir_dq_dqs|altdq_dqs2_acv_connect_to_hard_phy_cyclonev:altdq_dqs2_inst|dq_shifted_clock                  ; CLKPHASESELECT_X89_Y49_N8             ; 17      ; Clock                      ; no     ; --                   ; --               ; --                        ;
; scilab_adc2:u_system|scilab_adc2_hps_0:hps_0|scilab_adc2_hps_0_hps_io:hps_io|scilab_adc2_hps_0_hps_io_border:border|hps_sdram:hps_sdram_inst|hps_sdram_p0:p0|hps_sdram_p0_acv_hard_memphy:umemphy|hps_sdram_p0_acv_hard_io_pads:uio_pads|hps_sdram_p0_altdqdqs:dq_ddio[2].ubidir_dq_dqs|altdq_dqs2_acv_connect_to_hard_phy_cyclonev:altdq_dqs2_inst|dqs_shifted_clock                 ; CLKPHASESELECT_X89_Y49_N4             ; 13      ; Clock                      ; no     ; --                   ; --               ; --                        ;
; scilab_adc2:u_system|scilab_adc2_hps_0:hps_0|scilab_adc2_hps_0_hps_io:hps_io|scilab_adc2_hps_0_hps_io_border:border|hps_sdram:hps_sdram_inst|hps_sdram_p0:p0|hps_sdram_p0_acv_hard_memphy:umemphy|hps_sdram_p0_acv_hard_io_pads:uio_pads|hps_sdram_p0_altdqdqs:dq_ddio[2].ubidir_dq_dqs|altdq_dqs2_acv_connect_to_hard_phy_cyclonev:altdq_dqs2_inst|dqsbusout                         ; DELAYCHAIN_X89_Y49_N22                ; 17      ; Clock                      ; no     ; --                   ; --               ; --                        ;
; scilab_adc2:u_system|scilab_adc2_hps_0:hps_0|scilab_adc2_hps_0_hps_io:hps_io|scilab_adc2_hps_0_hps_io_border:border|hps_sdram:hps_sdram_inst|hps_sdram_p0:p0|hps_sdram_p0_acv_hard_memphy:umemphy|hps_sdram_p0_acv_hard_io_pads:uio_pads|hps_sdram_p0_altdqdqs:dq_ddio[2].ubidir_dq_dqs|altdq_dqs2_acv_connect_to_hard_phy_cyclonev:altdq_dqs2_inst|fr_os_oct                         ; DDIOOUT_X89_Y49_N10                   ; 1       ; Output enable              ; no     ; --                   ; --               ; --                        ;
; scilab_adc2:u_system|scilab_adc2_hps_0:hps_0|scilab_adc2_hps_0_hps_io:hps_io|scilab_adc2_hps_0_hps_io_border:border|hps_sdram:hps_sdram_inst|hps_sdram_p0:p0|hps_sdram_p0_acv_hard_memphy:umemphy|hps_sdram_p0_acv_hard_io_pads:uio_pads|hps_sdram_p0_altdqdqs:dq_ddio[2].ubidir_dq_dqs|altdq_dqs2_acv_connect_to_hard_phy_cyclonev:altdq_dqs2_inst|hr_seq_clock                      ; CLKPHASESELECT_X89_Y49_N9             ; 42      ; Clock                      ; no     ; --                   ; --               ; --                        ;
; scilab_adc2:u_system|scilab_adc2_hps_0:hps_0|scilab_adc2_hps_0_hps_io:hps_io|scilab_adc2_hps_0_hps_io_border:border|hps_sdram:hps_sdram_inst|hps_sdram_p0:p0|hps_sdram_p0_acv_hard_memphy:umemphy|hps_sdram_p0_acv_hard_io_pads:uio_pads|hps_sdram_p0_altdqdqs:dq_ddio[2].ubidir_dq_dqs|altdq_dqs2_acv_connect_to_hard_phy_cyclonev:altdq_dqs2_inst|pad_gen[0].delayed_oe_1           ; DELAYCHAIN_X89_Y52_N27                ; 1       ; Output enable              ; no     ; --                   ; --               ; --                        ;
; scilab_adc2:u_system|scilab_adc2_hps_0:hps_0|scilab_adc2_hps_0_hps_io:hps_io|scilab_adc2_hps_0_hps_io_border:border|hps_sdram:hps_sdram_inst|hps_sdram_p0:p0|hps_sdram_p0_acv_hard_memphy:umemphy|hps_sdram_p0_acv_hard_io_pads:uio_pads|hps_sdram_p0_altdqdqs:dq_ddio[2].ubidir_dq_dqs|altdq_dqs2_acv_connect_to_hard_phy_cyclonev:altdq_dqs2_inst|pad_gen[1].delayed_oe_1           ; DELAYCHAIN_X89_Y52_N10                ; 1       ; Output enable              ; no     ; --                   ; --               ; --                        ;
; scilab_adc2:u_system|scilab_adc2_hps_0:hps_0|scilab_adc2_hps_0_hps_io:hps_io|scilab_adc2_hps_0_hps_io_border:border|hps_sdram:hps_sdram_inst|hps_sdram_p0:p0|hps_sdram_p0_acv_hard_memphy:umemphy|hps_sdram_p0_acv_hard_io_pads:uio_pads|hps_sdram_p0_altdqdqs:dq_ddio[2].ubidir_dq_dqs|altdq_dqs2_acv_connect_to_hard_phy_cyclonev:altdq_dqs2_inst|pad_gen[2].delayed_oe_1           ; DELAYCHAIN_X89_Y52_N44                ; 1       ; Output enable              ; no     ; --                   ; --               ; --                        ;
; scilab_adc2:u_system|scilab_adc2_hps_0:hps_0|scilab_adc2_hps_0_hps_io:hps_io|scilab_adc2_hps_0_hps_io_border:border|hps_sdram:hps_sdram_inst|hps_sdram_p0:p0|hps_sdram_p0_acv_hard_memphy:umemphy|hps_sdram_p0_acv_hard_io_pads:uio_pads|hps_sdram_p0_altdqdqs:dq_ddio[2].ubidir_dq_dqs|altdq_dqs2_acv_connect_to_hard_phy_cyclonev:altdq_dqs2_inst|pad_gen[3].delayed_oe_1           ; DELAYCHAIN_X89_Y51_N61                ; 1       ; Output enable              ; no     ; --                   ; --               ; --                        ;
; scilab_adc2:u_system|scilab_adc2_hps_0:hps_0|scilab_adc2_hps_0_hps_io:hps_io|scilab_adc2_hps_0_hps_io_border:border|hps_sdram:hps_sdram_inst|hps_sdram_p0:p0|hps_sdram_p0_acv_hard_memphy:umemphy|hps_sdram_p0_acv_hard_io_pads:uio_pads|hps_sdram_p0_altdqdqs:dq_ddio[2].ubidir_dq_dqs|altdq_dqs2_acv_connect_to_hard_phy_cyclonev:altdq_dqs2_inst|pad_gen[4].delayed_oe_1           ; DELAYCHAIN_X89_Y50_N27                ; 1       ; Output enable              ; no     ; --                   ; --               ; --                        ;
; scilab_adc2:u_system|scilab_adc2_hps_0:hps_0|scilab_adc2_hps_0_hps_io:hps_io|scilab_adc2_hps_0_hps_io_border:border|hps_sdram:hps_sdram_inst|hps_sdram_p0:p0|hps_sdram_p0_acv_hard_memphy:umemphy|hps_sdram_p0_acv_hard_io_pads:uio_pads|hps_sdram_p0_altdqdqs:dq_ddio[2].ubidir_dq_dqs|altdq_dqs2_acv_connect_to_hard_phy_cyclonev:altdq_dqs2_inst|pad_gen[5].delayed_oe_1           ; DELAYCHAIN_X89_Y50_N10                ; 1       ; Output enable              ; no     ; --                   ; --               ; --                        ;
; scilab_adc2:u_system|scilab_adc2_hps_0:hps_0|scilab_adc2_hps_0_hps_io:hps_io|scilab_adc2_hps_0_hps_io_border:border|hps_sdram:hps_sdram_inst|hps_sdram_p0:p0|hps_sdram_p0_acv_hard_memphy:umemphy|hps_sdram_p0_acv_hard_io_pads:uio_pads|hps_sdram_p0_altdqdqs:dq_ddio[2].ubidir_dq_dqs|altdq_dqs2_acv_connect_to_hard_phy_cyclonev:altdq_dqs2_inst|pad_gen[6].delayed_oe_1           ; DELAYCHAIN_X89_Y50_N44                ; 1       ; Output enable              ; no     ; --                   ; --               ; --                        ;
; scilab_adc2:u_system|scilab_adc2_hps_0:hps_0|scilab_adc2_hps_0_hps_io:hps_io|scilab_adc2_hps_0_hps_io_border:border|hps_sdram:hps_sdram_inst|hps_sdram_p0:p0|hps_sdram_p0_acv_hard_memphy:umemphy|hps_sdram_p0_acv_hard_io_pads:uio_pads|hps_sdram_p0_altdqdqs:dq_ddio[2].ubidir_dq_dqs|altdq_dqs2_acv_connect_to_hard_phy_cyclonev:altdq_dqs2_inst|pad_gen[7].delayed_oe_1           ; DELAYCHAIN_X89_Y49_N101               ; 1       ; Output enable              ; no     ; --                   ; --               ; --                        ;
; scilab_adc2:u_system|scilab_adc2_hps_0:hps_0|scilab_adc2_hps_0_hps_io:hps_io|scilab_adc2_hps_0_hps_io_border:border|hps_sdram:hps_sdram_inst|hps_sdram_p0:p0|hps_sdram_p0_acv_hard_memphy:umemphy|hps_sdram_p0_acv_hard_io_pads:uio_pads|hps_sdram_p0_altdqdqs:dq_ddio[3].ubidir_dq_dqs|altdq_dqs2_acv_connect_to_hard_phy_cyclonev:altdq_dqs2_inst|diff_oe                           ; PSEUDODIFFOUT_X89_Y44_N6              ; 1       ; Output enable              ; no     ; --                   ; --               ; --                        ;
; scilab_adc2:u_system|scilab_adc2_hps_0:hps_0|scilab_adc2_hps_0_hps_io:hps_io|scilab_adc2_hps_0_hps_io_border:border|hps_sdram:hps_sdram_inst|hps_sdram_p0:p0|hps_sdram_p0_acv_hard_memphy:umemphy|hps_sdram_p0_acv_hard_io_pads:uio_pads|hps_sdram_p0_altdqdqs:dq_ddio[3].ubidir_dq_dqs|altdq_dqs2_acv_connect_to_hard_phy_cyclonev:altdq_dqs2_inst|diff_oe_bar                       ; PSEUDODIFFOUT_X89_Y44_N6              ; 1       ; Output enable              ; no     ; --                   ; --               ; --                        ;
; scilab_adc2:u_system|scilab_adc2_hps_0:hps_0|scilab_adc2_hps_0_hps_io:hps_io|scilab_adc2_hps_0_hps_io_border:border|hps_sdram:hps_sdram_inst|hps_sdram_p0:p0|hps_sdram_p0_acv_hard_memphy:umemphy|hps_sdram_p0_acv_hard_io_pads:uio_pads|hps_sdram_p0_altdqdqs:dq_ddio[3].ubidir_dq_dqs|altdq_dqs2_acv_connect_to_hard_phy_cyclonev:altdq_dqs2_inst|dq_shifted_clock                  ; CLKPHASESELECT_X89_Y42_N8             ; 17      ; Clock                      ; no     ; --                   ; --               ; --                        ;
; scilab_adc2:u_system|scilab_adc2_hps_0:hps_0|scilab_adc2_hps_0_hps_io:hps_io|scilab_adc2_hps_0_hps_io_border:border|hps_sdram:hps_sdram_inst|hps_sdram_p0:p0|hps_sdram_p0_acv_hard_memphy:umemphy|hps_sdram_p0_acv_hard_io_pads:uio_pads|hps_sdram_p0_altdqdqs:dq_ddio[3].ubidir_dq_dqs|altdq_dqs2_acv_connect_to_hard_phy_cyclonev:altdq_dqs2_inst|dqs_shifted_clock                 ; CLKPHASESELECT_X89_Y42_N4             ; 13      ; Clock                      ; no     ; --                   ; --               ; --                        ;
; scilab_adc2:u_system|scilab_adc2_hps_0:hps_0|scilab_adc2_hps_0_hps_io:hps_io|scilab_adc2_hps_0_hps_io_border:border|hps_sdram:hps_sdram_inst|hps_sdram_p0:p0|hps_sdram_p0_acv_hard_memphy:umemphy|hps_sdram_p0_acv_hard_io_pads:uio_pads|hps_sdram_p0_altdqdqs:dq_ddio[3].ubidir_dq_dqs|altdq_dqs2_acv_connect_to_hard_phy_cyclonev:altdq_dqs2_inst|dqsbusout                         ; DELAYCHAIN_X89_Y42_N22                ; 17      ; Clock                      ; no     ; --                   ; --               ; --                        ;
; scilab_adc2:u_system|scilab_adc2_hps_0:hps_0|scilab_adc2_hps_0_hps_io:hps_io|scilab_adc2_hps_0_hps_io_border:border|hps_sdram:hps_sdram_inst|hps_sdram_p0:p0|hps_sdram_p0_acv_hard_memphy:umemphy|hps_sdram_p0_acv_hard_io_pads:uio_pads|hps_sdram_p0_altdqdqs:dq_ddio[3].ubidir_dq_dqs|altdq_dqs2_acv_connect_to_hard_phy_cyclonev:altdq_dqs2_inst|fr_os_oct                         ; DDIOOUT_X89_Y42_N10                   ; 1       ; Output enable              ; no     ; --                   ; --               ; --                        ;
; scilab_adc2:u_system|scilab_adc2_hps_0:hps_0|scilab_adc2_hps_0_hps_io:hps_io|scilab_adc2_hps_0_hps_io_border:border|hps_sdram:hps_sdram_inst|hps_sdram_p0:p0|hps_sdram_p0_acv_hard_memphy:umemphy|hps_sdram_p0_acv_hard_io_pads:uio_pads|hps_sdram_p0_altdqdqs:dq_ddio[3].ubidir_dq_dqs|altdq_dqs2_acv_connect_to_hard_phy_cyclonev:altdq_dqs2_inst|hr_seq_clock                      ; CLKPHASESELECT_X89_Y42_N9             ; 42      ; Clock                      ; no     ; --                   ; --               ; --                        ;
; scilab_adc2:u_system|scilab_adc2_hps_0:hps_0|scilab_adc2_hps_0_hps_io:hps_io|scilab_adc2_hps_0_hps_io_border:border|hps_sdram:hps_sdram_inst|hps_sdram_p0:p0|hps_sdram_p0_acv_hard_memphy:umemphy|hps_sdram_p0_acv_hard_io_pads:uio_pads|hps_sdram_p0_altdqdqs:dq_ddio[3].ubidir_dq_dqs|altdq_dqs2_acv_connect_to_hard_phy_cyclonev:altdq_dqs2_inst|pad_gen[0].delayed_oe_1           ; DELAYCHAIN_X89_Y45_N27                ; 1       ; Output enable              ; no     ; --                   ; --               ; --                        ;
; scilab_adc2:u_system|scilab_adc2_hps_0:hps_0|scilab_adc2_hps_0_hps_io:hps_io|scilab_adc2_hps_0_hps_io_border:border|hps_sdram:hps_sdram_inst|hps_sdram_p0:p0|hps_sdram_p0_acv_hard_memphy:umemphy|hps_sdram_p0_acv_hard_io_pads:uio_pads|hps_sdram_p0_altdqdqs:dq_ddio[3].ubidir_dq_dqs|altdq_dqs2_acv_connect_to_hard_phy_cyclonev:altdq_dqs2_inst|pad_gen[1].delayed_oe_1           ; DELAYCHAIN_X89_Y45_N10                ; 1       ; Output enable              ; no     ; --                   ; --               ; --                        ;
; scilab_adc2:u_system|scilab_adc2_hps_0:hps_0|scilab_adc2_hps_0_hps_io:hps_io|scilab_adc2_hps_0_hps_io_border:border|hps_sdram:hps_sdram_inst|hps_sdram_p0:p0|hps_sdram_p0_acv_hard_memphy:umemphy|hps_sdram_p0_acv_hard_io_pads:uio_pads|hps_sdram_p0_altdqdqs:dq_ddio[3].ubidir_dq_dqs|altdq_dqs2_acv_connect_to_hard_phy_cyclonev:altdq_dqs2_inst|pad_gen[2].delayed_oe_1           ; DELAYCHAIN_X89_Y45_N44                ; 1       ; Output enable              ; no     ; --                   ; --               ; --                        ;
; scilab_adc2:u_system|scilab_adc2_hps_0:hps_0|scilab_adc2_hps_0_hps_io:hps_io|scilab_adc2_hps_0_hps_io_border:border|hps_sdram:hps_sdram_inst|hps_sdram_p0:p0|hps_sdram_p0_acv_hard_memphy:umemphy|hps_sdram_p0_acv_hard_io_pads:uio_pads|hps_sdram_p0_altdqdqs:dq_ddio[3].ubidir_dq_dqs|altdq_dqs2_acv_connect_to_hard_phy_cyclonev:altdq_dqs2_inst|pad_gen[3].delayed_oe_1           ; DELAYCHAIN_X89_Y44_N61                ; 1       ; Output enable              ; no     ; --                   ; --               ; --                        ;
; scilab_adc2:u_system|scilab_adc2_hps_0:hps_0|scilab_adc2_hps_0_hps_io:hps_io|scilab_adc2_hps_0_hps_io_border:border|hps_sdram:hps_sdram_inst|hps_sdram_p0:p0|hps_sdram_p0_acv_hard_memphy:umemphy|hps_sdram_p0_acv_hard_io_pads:uio_pads|hps_sdram_p0_altdqdqs:dq_ddio[3].ubidir_dq_dqs|altdq_dqs2_acv_connect_to_hard_phy_cyclonev:altdq_dqs2_inst|pad_gen[4].delayed_oe_1           ; DELAYCHAIN_X89_Y43_N27                ; 1       ; Output enable              ; no     ; --                   ; --               ; --                        ;
; scilab_adc2:u_system|scilab_adc2_hps_0:hps_0|scilab_adc2_hps_0_hps_io:hps_io|scilab_adc2_hps_0_hps_io_border:border|hps_sdram:hps_sdram_inst|hps_sdram_p0:p0|hps_sdram_p0_acv_hard_memphy:umemphy|hps_sdram_p0_acv_hard_io_pads:uio_pads|hps_sdram_p0_altdqdqs:dq_ddio[3].ubidir_dq_dqs|altdq_dqs2_acv_connect_to_hard_phy_cyclonev:altdq_dqs2_inst|pad_gen[5].delayed_oe_1           ; DELAYCHAIN_X89_Y43_N10                ; 1       ; Output enable              ; no     ; --                   ; --               ; --                        ;
; scilab_adc2:u_system|scilab_adc2_hps_0:hps_0|scilab_adc2_hps_0_hps_io:hps_io|scilab_adc2_hps_0_hps_io_border:border|hps_sdram:hps_sdram_inst|hps_sdram_p0:p0|hps_sdram_p0_acv_hard_memphy:umemphy|hps_sdram_p0_acv_hard_io_pads:uio_pads|hps_sdram_p0_altdqdqs:dq_ddio[3].ubidir_dq_dqs|altdq_dqs2_acv_connect_to_hard_phy_cyclonev:altdq_dqs2_inst|pad_gen[6].delayed_oe_1           ; DELAYCHAIN_X89_Y43_N44                ; 1       ; Output enable              ; no     ; --                   ; --               ; --                        ;
; scilab_adc2:u_system|scilab_adc2_hps_0:hps_0|scilab_adc2_hps_0_hps_io:hps_io|scilab_adc2_hps_0_hps_io_border:border|hps_sdram:hps_sdram_inst|hps_sdram_p0:p0|hps_sdram_p0_acv_hard_memphy:umemphy|hps_sdram_p0_acv_hard_io_pads:uio_pads|hps_sdram_p0_altdqdqs:dq_ddio[3].ubidir_dq_dqs|altdq_dqs2_acv_connect_to_hard_phy_cyclonev:altdq_dqs2_inst|pad_gen[7].delayed_oe_1           ; DELAYCHAIN_X89_Y42_N101               ; 1       ; Output enable              ; no     ; --                   ; --               ; --                        ;
; scilab_adc2:u_system|scilab_adc2_hps_0:hps_0|scilab_adc2_hps_0_hps_io:hps_io|scilab_adc2_hps_0_hps_io_border:border|hps_sdram:hps_sdram_inst|hps_sdram_pll:pll|afi_clk                                                                                                                                                                                                                ; HPSSDRAMPLL_X84_Y41_N111              ; 98      ; Clock                      ; no     ; --                   ; --               ; --                        ;
; scilab_adc2:u_system|scilab_adc2_hps_0:hps_0|scilab_adc2_hps_0_hps_io:hps_io|scilab_adc2_hps_0_hps_io_border:border|hps_sdram:hps_sdram_inst|hps_sdram_pll:pll|pll_write_clk                                                                                                                                                                                                          ; HPSSDRAMPLL_X84_Y41_N111              ; 3       ; Clock                      ; no     ; --                   ; --               ; --                        ;
; scilab_adc2:u_system|scilab_adc2_mm_interconnect_0:mm_interconnect_0|altera_avalon_sc_fifo:adc_ltc2308_0_avalon_slave_0_agent_rdata_fifo|always0~0                                                                                                                                                                                                                                    ; LABCELL_X45_Y41_N0                    ; 12      ; Clock enable               ; no     ; --                   ; --               ; --                        ;
; scilab_adc2:u_system|scilab_adc2_mm_interconnect_0:mm_interconnect_0|altera_avalon_sc_fifo:adc_ltc2308_0_avalon_slave_0_agent_rsp_fifo|always0~0                                                                                                                                                                                                                                      ; LABCELL_X45_Y41_N9                    ; 34      ; Clock enable               ; no     ; --                   ; --               ; --                        ;
; scilab_adc2:u_system|scilab_adc2_mm_interconnect_0:mm_interconnect_0|altera_merlin_axi_master_ni:hps_0_h2f_lw_axi_master_agent|wready~0                                                                                                                                                                                                                                               ; LABCELL_X46_Y44_N54                   ; 11      ; Clock enable               ; no     ; --                   ; --               ; --                        ;
; scilab_adc2:u_system|scilab_adc2_mm_interconnect_0:mm_interconnect_0|altera_merlin_burst_adapter:adc_ltc2308_0_avalon_slave_0_burst_adapter|altera_merlin_burst_adapter_13_1:altera_merlin_burst_adapter_13_1.burst_adapter|NON_PIPELINED_INPUTS.load_next_cmd                                                                                                                        ; LABCELL_X46_Y44_N57                   ; 37      ; Clock enable               ; no     ; --                   ; --               ; --                        ;
; scilab_adc2:u_system|scilab_adc2_mm_interconnect_0:mm_interconnect_0|altera_merlin_burst_adapter:adc_ltc2308_0_avalon_slave_0_burst_adapter|altera_merlin_burst_adapter_13_1:altera_merlin_burst_adapter_13_1.burst_adapter|always10~0                                                                                                                                                ; LABCELL_X45_Y45_N27                   ; 2       ; Clock enable               ; no     ; --                   ; --               ; --                        ;
; scilab_adc2:u_system|scilab_adc2_mm_interconnect_0:mm_interconnect_0|altera_merlin_burst_adapter:adc_ltc2308_0_avalon_slave_0_burst_adapter|altera_merlin_burst_adapter_13_1:altera_merlin_burst_adapter_13_1.burst_adapter|load_next_out_cmd                                                                                                                                         ; LABCELL_X45_Y45_N33                   ; 31      ; Clock enable               ; no     ; --                   ; --               ; --                        ;
; scilab_adc2:u_system|scilab_adc2_mm_interconnect_0:mm_interconnect_0|altera_merlin_burst_adapter:adc_ltc2308_0_avalon_slave_0_burst_adapter|altera_merlin_burst_adapter_13_1:altera_merlin_burst_adapter_13_1.burst_adapter|new_burst_reg                                                                                                                                             ; FF_X42_Y45_N26                        ; 23      ; Sync. load                 ; no     ; --                   ; --               ; --                        ;
; scilab_adc2:u_system|scilab_adc2_mm_interconnect_0:mm_interconnect_0|altera_merlin_burst_adapter:adc_ltc2308_0_avalon_slave_0_burst_adapter|altera_merlin_burst_adapter_13_1:altera_merlin_burst_adapter_13_1.burst_adapter|state.ST_UNCOMP_TRANS                                                                                                                                     ; FF_X42_Y44_N32                        ; 15      ; Sync. load                 ; no     ; --                   ; --               ; --                        ;
; scilab_adc2:u_system|scilab_adc2_mm_interconnect_0:mm_interconnect_0|altera_merlin_slave_agent:adc_ltc2308_0_avalon_slave_0_agent|altera_merlin_burst_uncompressor:uncompressor|sink_ready~0                                                                                                                                                                                          ; LABCELL_X46_Y42_N39                   ; 15      ; Clock enable               ; no     ; --                   ; --               ; --                        ;
; scilab_adc2:u_system|scilab_adc2_mm_interconnect_0:mm_interconnect_0|altera_merlin_slave_agent:adc_ltc2308_0_avalon_slave_0_agent|m0_read~0                                                                                                                                                                                                                                           ; LABCELL_X43_Y40_N21                   ; 14      ; Clock enable               ; no     ; --                   ; --               ; --                        ;
; scilab_adc2:u_system|scilab_adc2_mm_interconnect_0:mm_interconnect_0|altera_merlin_width_adapter:adc_ltc2308_0_avalon_slave_0_cmd_width_adapter|address_reg~0                                                                                                                                                                                                                         ; LABCELL_X43_Y45_N21                   ; 7       ; Clock enable               ; no     ; --                   ; --               ; --                        ;
; scilab_adc2:u_system|scilab_adc2_mm_interconnect_0:mm_interconnect_0|altera_merlin_width_adapter:adc_ltc2308_0_avalon_slave_0_rsp_width_adapter|always10~0                                                                                                                                                                                                                            ; LABCELL_X46_Y42_N51                   ; 12      ; Sync. clear                ; no     ; --                   ; --               ; --                        ;
; scilab_adc2:u_system|scilab_adc2_mm_interconnect_0:mm_interconnect_0|altera_merlin_width_adapter:adc_ltc2308_0_avalon_slave_0_rsp_width_adapter|always9~0                                                                                                                                                                                                                             ; LABCELL_X46_Y42_N30                   ; 12      ; Clock enable               ; no     ; --                   ; --               ; --                        ;
; scilab_adc2:u_system|scilab_adc2_mm_interconnect_0:mm_interconnect_0|scilab_adc2_mm_interconnect_0_cmd_mux:cmd_mux|altera_merlin_arbitrator:arb|top_priority_reg[0]~1                                                                                                                                                                                                                 ; LABCELL_X46_Y44_N6                    ; 2       ; Clock enable               ; no     ; --                   ; --               ; --                        ;
; scilab_adc2:u_system|scilab_adc2_mm_interconnect_0:mm_interconnect_0|scilab_adc2_mm_interconnect_0_cmd_mux:cmd_mux|saved_grant[0]                                                                                                                                                                                                                                                     ; FF_X46_Y44_N50                        ; 56      ; Sync. clear                ; no     ; --                   ; --               ; --                        ;
; scilab_adc2:u_system|scilab_adc2_mm_interconnect_0:mm_interconnect_0|scilab_adc2_mm_interconnect_0_cmd_mux:cmd_mux|update_grant~1                                                                                                                                                                                                                                                     ; LABCELL_X46_Y44_N15                   ; 3       ; Clock enable               ; no     ; --                   ; --               ; --                        ;
; scilab_adc2:u_system|scilab_adc2_pll_0:pll_0|altera_pll:altera_pll_i|outclk_wire[0]                                                                                                                                                                                                                                                                                                   ; PLLOUTPUTCOUNTER_X0_Y21_N1            ; 473     ; Clock                      ; yes    ; Global Clock         ; GCLK7            ; --                        ;
+---------------------------------------------------------------------------------------------------------------------------------------------------------------------------------------------------------------------------------------------------------------------------------------------------------------------------------------------------------------------------------------+---------------------------------------+---------+----------------------------+--------+----------------------+------------------+---------------------------+


+-------------------------------------------------------------------------------------------------------------------------------------------------------------------------------------------------------------------------------------+
; Global & Other Fast Signals                                                                                                                                                                                                         ;
+-------------------------------------------------------------------------------------------------------------+---------------------------------------+---------+----------------------+------------------+---------------------------+
; Name                                                                                                        ; Location                              ; Fan-Out ; Global Resource Used ; Global Line Name ; Enable Signal Source Name ;
+-------------------------------------------------------------------------------------------------------------+---------------------------------------+---------+----------------------+------------------+---------------------------+
; scilab_adc2:u_system|scilab_adc2_hps_0:hps_0|scilab_adc2_hps_0_fpga_interfaces:fpga_interfaces|h2f_rst_n[0] ; HPSINTERFACECLOCKSRESETS_X52_Y78_N111 ; 3       ; Global Clock         ; GCLK8            ; --                        ;
; scilab_adc2:u_system|scilab_adc2_pll_0:pll_0|altera_pll:altera_pll_i|fboutclk_wire[0]                       ; FRACTIONALPLL_X0_Y15_N0               ; 1       ; Global Clock         ; --               ; --                        ;
; scilab_adc2:u_system|scilab_adc2_pll_0:pll_0|altera_pll:altera_pll_i|outclk_wire[0]                         ; PLLOUTPUTCOUNTER_X0_Y21_N1            ; 473     ; Global Clock         ; GCLK7            ; --                        ;
+-------------------------------------------------------------------------------------------------------------+---------------------------------------+---------+----------------------+------------------+---------------------------+


+------------------------------------------------------------------------------------------------------------------------------------------------------------------------------------------------------------------------------------------------------------------------------------------------------------------------------------------------------------------------------------------------------------------------------------------------------------------------------------------------------------------------------------------------------------------------------------------------------------------------------------------------------------------------------------------------------------------------------------------------------+
; Fitter RAM Summary                                                                                                                                                                                                                                                                                                                                                                                                                                                                                                                                                                                                                                                                                                                                   ;
+-----------------------------------------------------------------------------------------------------------------------------------------------------------------------------+------+------------------+--------------+--------------+--------------+--------------+--------------+------------------------+-------------------------+------------------------+-------------------------+-------+-----------------------------+-----------------------------+-----------------------------+-----------------------------+---------------------+-------------+-------+------+---------------------------------------------------+----------------------+-----------------+-----------------+----------+------------------------+-----------------------+
; Name                                                                                                                                                                        ; Type ; Mode             ; Clock Mode   ; Port A Depth ; Port A Width ; Port B Depth ; Port B Width ; Port A Input Registers ; Port A Output Registers ; Port B Input Registers ; Port B Output Registers ; Size  ; Implementation Port A Depth ; Implementation Port A Width ; Implementation Port B Depth ; Implementation Port B Width ; Implementation Bits ; M10K blocks ; MLABs ; MIF  ; Location                                          ; Mixed Width RDW Mode ; Port A RDW Mode ; Port B RDW Mode ; ECC Mode ; ECC Pipeline Registers ; Fits in MLABs         ;
+-----------------------------------------------------------------------------------------------------------------------------------------------------------------------------+------+------------------+--------------+--------------+--------------+--------------+--------------+------------------------+-------------------------+------------------------+-------------------------+-------+-----------------------------+-----------------------------+-----------------------------+-----------------------------+---------------------+-------------+-------+------+---------------------------------------------------+----------------------+-----------------+-----------------+----------+------------------------+-----------------------+
; scilab_adc2:u_system|adc_ltc2308_fifo:adc_ltc2308_0|adc_data_fifo:adc_data_fifo_inst|dcfifo:dcfifo_component|dcfifo_s7q1:auto_generated|altsyncram_91b1:fifo_ram|ALTSYNCRAM ; AUTO ; Simple Dual Port ; Single Clock ; 2048         ; 12           ; 2048         ; 12           ; yes                    ; no                      ; yes                    ; no                      ; 24576 ; 2048                        ; 12                          ; 2048                        ; 12                          ; 24576               ; 3           ; 0     ; None ; M10K_X41_Y40_N0, M10K_X41_Y39_N0, M10K_X41_Y38_N0 ; Don't care           ; New data        ; New data        ; Off      ; No                     ; No - Address Too Wide ;
+-----------------------------------------------------------------------------------------------------------------------------------------------------------------------------+------+------------------+--------------+--------------+--------------+--------------+--------------+------------------------+-------------------------+------------------------+-------------------------+-------+-----------------------------+-----------------------------+-----------------------------+-----------------------------+---------------------+-------------+-------+------+---------------------------------------------------+----------------------+-----------------+-----------------+----------+------------------------+-----------------------+
Note: Fitter may spread logical memories into multiple blocks to improve timing. The actual required RAM blocks can be found in the Fitter Resource Usage section.


+-------------------------------------------------------------------------+
; Routing Usage Summary                                                   ;
+---------------------------------------------+---------------------------+
; Routing Resource Type                       ; Usage                     ;
+---------------------------------------------+---------------------------+
; Block interconnects                         ; 1,039 / 289,320 ( < 1 % ) ;
; C12 interconnects                           ; 4 / 13,420 ( < 1 % )      ;
; C2 interconnects                            ; 305 / 119,108 ( < 1 % )   ;
; C4 interconnects                            ; 175 / 56,300 ( < 1 % )    ;
; DQS bus muxes                               ; 4 / 25 ( 16 % )           ;
; DQS-18 I/O buses                            ; 0 / 25 ( 0 % )            ;
; DQS-9 I/O buses                             ; 4 / 25 ( 16 % )           ;
; Direct links                                ; 137 / 289,320 ( < 1 % )   ;
; Global clocks                               ; 2 / 16 ( 13 % )           ;
; HPS SDRAM PLL inputs                        ; 0 / 1 ( 0 % )             ;
; HPS SDRAM PLL outputs                       ; 0 / 1 ( 0 % )             ;
; HPS_INTERFACE_BOOT_FROM_FPGA_INPUTs         ; 0 / 9 ( 0 % )             ;
; HPS_INTERFACE_CLOCKS_RESETS_INPUTs          ; 0 / 7 ( 0 % )             ;
; HPS_INTERFACE_CLOCKS_RESETS_OUTPUTs         ; 1 / 6 ( 17 % )            ;
; HPS_INTERFACE_CROSS_TRIGGER_INPUTs          ; 0 / 18 ( 0 % )            ;
; HPS_INTERFACE_CROSS_TRIGGER_OUTPUTs         ; 0 / 24 ( 0 % )            ;
; HPS_INTERFACE_DBG_APB_INPUTs                ; 0 / 37 ( 0 % )            ;
; HPS_INTERFACE_DBG_APB_OUTPUTs               ; 0 / 55 ( 0 % )            ;
; HPS_INTERFACE_DMA_INPUTs                    ; 0 / 16 ( 0 % )            ;
; HPS_INTERFACE_DMA_OUTPUTs                   ; 0 / 8 ( 0 % )             ;
; HPS_INTERFACE_FPGA2HPS_INPUTs               ; 0 / 287 ( 0 % )           ;
; HPS_INTERFACE_FPGA2HPS_OUTPUTs              ; 0 / 154 ( 0 % )           ;
; HPS_INTERFACE_FPGA2SDRAM_INPUTs             ; 0 / 852 ( 0 % )           ;
; HPS_INTERFACE_FPGA2SDRAM_OUTPUTs            ; 0 / 408 ( 0 % )           ;
; HPS_INTERFACE_HPS2FPGA_INPUTs               ; 0 / 165 ( 0 % )           ;
; HPS_INTERFACE_HPS2FPGA_LIGHT_WEIGHT_INPUTs  ; 55 / 67 ( 82 % )          ;
; HPS_INTERFACE_HPS2FPGA_LIGHT_WEIGHT_OUTPUTs ; 80 / 156 ( 51 % )         ;
; HPS_INTERFACE_HPS2FPGA_OUTPUTs              ; 0 / 282 ( 0 % )           ;
; HPS_INTERFACE_INTERRUPTS_INPUTs             ; 0 / 64 ( 0 % )            ;
; HPS_INTERFACE_INTERRUPTS_OUTPUTs            ; 0 / 42 ( 0 % )            ;
; HPS_INTERFACE_JTAG_OUTPUTs                  ; 0 / 5 ( 0 % )             ;
; HPS_INTERFACE_LOAN_IO_INPUTs                ; 0 / 142 ( 0 % )           ;
; HPS_INTERFACE_LOAN_IO_OUTPUTs               ; 0 / 85 ( 0 % )            ;
; HPS_INTERFACE_MPU_EVENT_STANDBY_INPUTs      ; 0 / 1 ( 0 % )             ;
; HPS_INTERFACE_MPU_EVENT_STANDBY_OUTPUTs     ; 0 / 5 ( 0 % )             ;
; HPS_INTERFACE_MPU_GENERAL_PURPOSE_INPUTs    ; 0 / 32 ( 0 % )            ;
; HPS_INTERFACE_MPU_GENERAL_PURPOSE_OUTPUTs   ; 0 / 32 ( 0 % )            ;
; HPS_INTERFACE_PERIPHERAL_CAN_INPUTs         ; 0 / 2 ( 0 % )             ;
; HPS_INTERFACE_PERIPHERAL_CAN_OUTPUTs        ; 0 / 2 ( 0 % )             ;
; HPS_INTERFACE_PERIPHERAL_EMAC_INPUTs        ; 0 / 32 ( 0 % )            ;
; HPS_INTERFACE_PERIPHERAL_EMAC_OUTPUTs       ; 0 / 34 ( 0 % )            ;
; HPS_INTERFACE_PERIPHERAL_I2C_INPUTs         ; 0 / 8 ( 0 % )             ;
; HPS_INTERFACE_PERIPHERAL_I2C_OUTPUTs        ; 0 / 8 ( 0 % )             ;
; HPS_INTERFACE_PERIPHERAL_NAND_INPUTs        ; 0 / 12 ( 0 % )            ;
; HPS_INTERFACE_PERIPHERAL_NAND_OUTPUTs       ; 0 / 18 ( 0 % )            ;
; HPS_INTERFACE_PERIPHERAL_QSPI_INPUTs        ; 0 / 4 ( 0 % )             ;
; HPS_INTERFACE_PERIPHERAL_QSPI_OUTPUTs       ; 0 / 13 ( 0 % )            ;
; HPS_INTERFACE_PERIPHERAL_SDMMC_INPUTs       ; 0 / 13 ( 0 % )            ;
; HPS_INTERFACE_PERIPHERAL_SDMMC_OUTPUTs      ; 0 / 22 ( 0 % )            ;
; HPS_INTERFACE_PERIPHERAL_SPI_MASTER_INPUTs  ; 0 / 4 ( 0 % )             ;
; HPS_INTERFACE_PERIPHERAL_SPI_MASTER_OUTPUTs ; 0 / 14 ( 0 % )            ;
; HPS_INTERFACE_PERIPHERAL_SPI_SLAVE_INPUTs   ; 0 / 6 ( 0 % )             ;
; HPS_INTERFACE_PERIPHERAL_SPI_SLAVE_OUTPUTs  ; 0 / 4 ( 0 % )             ;
; HPS_INTERFACE_PERIPHERAL_UART_INPUTs        ; 0 / 10 ( 0 % )            ;
; HPS_INTERFACE_PERIPHERAL_UART_OUTPUTs       ; 0 / 10 ( 0 % )            ;
; HPS_INTERFACE_PERIPHERAL_USB_INPUTs         ; 0 / 22 ( 0 % )            ;
; HPS_INTERFACE_PERIPHERAL_USB_OUTPUTs        ; 0 / 34 ( 0 % )            ;
; HPS_INTERFACE_STM_EVENT_INPUTs              ; 0 / 28 ( 0 % )            ;
; HPS_INTERFACE_TEST_INPUTs                   ; 0 / 610 ( 0 % )           ;
; HPS_INTERFACE_TEST_OUTPUTs                  ; 0 / 513 ( 0 % )           ;
; HPS_INTERFACE_TPIU_TRACE_INPUTs             ; 0 / 2 ( 0 % )             ;
; HPS_INTERFACE_TPIU_TRACE_OUTPUTs            ; 0 / 33 ( 0 % )            ;
; Horizontal periphery clocks                 ; 0 / 72 ( 0 % )            ;
; Local interconnects                         ; 324 / 84,580 ( < 1 % )    ;
; Quadrant clocks                             ; 0 / 66 ( 0 % )            ;
; R14 interconnects                           ; 29 / 12,676 ( < 1 % )     ;
; R14/C12 interconnect drivers                ; 17 / 20,720 ( < 1 % )     ;
; R3 interconnects                            ; 515 / 130,992 ( < 1 % )   ;
; R6 interconnects                            ; 557 / 266,960 ( < 1 % )   ;
; Spine clocks                                ; 4 / 360 ( 1 % )           ;
; Wire stub REs                               ; 0 / 15,858 ( 0 % )        ;
+---------------------------------------------+---------------------------+


+------------------------------------------+
; I/O Rules Summary                        ;
+----------------------------------+-------+
; I/O Rules Statistic              ; Total ;
+----------------------------------+-------+
; Total I/O Rules                  ; 28    ;
; Number of I/O Rules Passed       ; 14    ;
; Number of I/O Rules Failed       ; 0     ;
; Number of I/O Rules Unchecked    ; 0     ;
; Number of I/O Rules Inapplicable ; 14    ;
+----------------------------------+-------+


+--------------------------------------------------------------------------------------------------------------------------------------------------------------------------------------------------------------------------------------------------------------------------------------+
; I/O Rules Details                                                                                                                                                                                                                                                                    ;
+--------------+-----------+-----------------------------------+------------------------------------------------------------------------------------+----------+--------------------------------------------------------------------------+------------------------+-------------------+
; Status       ; ID        ; Category                          ; Rule Description                                                                   ; Severity ; Information                                                              ; Area                   ; Extra Information ;
+--------------+-----------+-----------------------------------+------------------------------------------------------------------------------------+----------+--------------------------------------------------------------------------+------------------------+-------------------+
; Inapplicable ; IO_000002 ; Capacity Checks                   ; Number of clocks in an I/O bank should not exceed the number of clocks available.  ; Critical ; No Global Signal assignments found.                                      ; I/O                    ;                   ;
; Pass         ; IO_000001 ; Capacity Checks                   ; Number of pins in an I/O bank should not exceed the number of locations available. ; Critical ; 0 such failures found.                                                   ; I/O                    ;                   ;
; Pass         ; IO_000003 ; Capacity Checks                   ; Number of pins in a Vrefgroup should not exceed the number of locations available. ; Critical ; 0 such failures found.                                                   ; I/O                    ;                   ;
; Inapplicable ; IO_000004 ; Voltage Compatibility Checks      ; The I/O bank should support the requested VCCIO.                                   ; Critical ; No IOBANK_VCCIO assignments found.                                       ; I/O                    ;                   ;
; Pass         ; IO_000005 ; Voltage Compatibility Checks      ; The I/O bank should not have competing VREF values.                                ; Critical ; 0 such failures found.                                                   ; I/O                    ;                   ;
; Pass         ; IO_000006 ; Voltage Compatibility Checks      ; The I/O bank should not have competing VCCIO values.                               ; Critical ; 0 such failures found.                                                   ; I/O                    ;                   ;
; Pass         ; IO_000007 ; Valid Location Checks             ; Checks for unavailable locations.                                                  ; Critical ; 0 such failures found.                                                   ; I/O                    ;                   ;
; Inapplicable ; IO_000008 ; Valid Location Checks             ; Checks for reserved locations.                                                     ; Critical ; No reserved LogicLock region found.                                      ; I/O                    ;                   ;
; Inapplicable ; IO_000047 ; I/O Properties Checks for One I/O ; On Chip Termination and Slew Rate should not be used at the same time.             ; Critical ; No Slew Rate assignments found.                                          ; I/O                    ;                   ;
; Inapplicable ; IO_000046 ; I/O Properties Checks for One I/O ; The location should support the requested Slew Rate value.                         ; Critical ; No Slew Rate assignments found.                                          ; I/O                    ;                   ;
; Inapplicable ; IO_000045 ; I/O Properties Checks for One I/O ; The I/O standard should support the requested Slew Rate value.                     ; Critical ; No Slew Rate assignments found.                                          ; I/O                    ;                   ;
; Inapplicable ; IO_000027 ; I/O Properties Checks for One I/O ; Weak Pull Up and Bus Hold should not be used at the same time.                     ; Critical ; No Enable Bus-Hold Circuitry or Weak Pull-Up Resistor assignments found. ; I/O                    ;                   ;
; Pass         ; IO_000026 ; I/O Properties Checks for One I/O ; On Chip Termination and Current Strength should not be used at the same time.      ; Critical ; 0 such failures found.                                                   ; I/O                    ;                   ;
; Pass         ; IO_000024 ; I/O Properties Checks for One I/O ; The I/O direction should support the On Chip Termination value.                    ; Critical ; 0 such failures found.                                                   ; I/O                    ;                   ;
; Inapplicable ; IO_000023 ; I/O Properties Checks for One I/O ; The I/O standard should support the Open Drain value.                              ; Critical ; No open drain assignments found.                                         ; I/O                    ;                   ;
; Inapplicable ; IO_000022 ; I/O Properties Checks for One I/O ; The I/O standard should support the requested Bus Hold value.                      ; Critical ; No Enable Bus-Hold Circuitry assignments found.                          ; I/O                    ;                   ;
; Inapplicable ; IO_000021 ; I/O Properties Checks for One I/O ; The I/O standard should support the requested Weak Pull Up value.                  ; Critical ; No Weak Pull-Up Resistor assignments found.                              ; I/O                    ;                   ;
; Inapplicable ; IO_000020 ; I/O Properties Checks for One I/O ; The I/O standard should support the requested PCI Clamp Diode.                     ; Critical ; No Clamping Diode assignments found.                                     ; I/O                    ;                   ;
; Pass         ; IO_000019 ; I/O Properties Checks for One I/O ; The I/O standard should support the requested On Chip Termination value.           ; Critical ; 0 such failures found.                                                   ; I/O                    ;                   ;
; Pass         ; IO_000018 ; I/O Properties Checks for One I/O ; The I/O standard should support the requested Current Strength.                    ; Critical ; 0 such failures found.                                                   ; I/O                    ;                   ;
; Inapplicable ; IO_000015 ; I/O Properties Checks for One I/O ; The location should support the requested PCI Clamp Diode.                         ; Critical ; No Clamping Diode assignments found.                                     ; I/O                    ;                   ;
; Inapplicable ; IO_000014 ; I/O Properties Checks for One I/O ; The location should support the requested Weak Pull Up value.                      ; Critical ; No Weak Pull-Up Resistor assignments found.                              ; I/O                    ;                   ;
; Inapplicable ; IO_000013 ; I/O Properties Checks for One I/O ; The location should support the requested Bus Hold value.                          ; Critical ; No Enable Bus-Hold Circuitry assignments found.                          ; I/O                    ;                   ;
; Pass         ; IO_000012 ; I/O Properties Checks for One I/O ; The location should support the requested On Chip Termination value.               ; Critical ; 0 such failures found.                                                   ; I/O                    ;                   ;
; Pass         ; IO_000011 ; I/O Properties Checks for One I/O ; The location should support the requested Current Strength.                        ; Critical ; 0 such failures found.                                                   ; I/O                    ;                   ;
; Pass         ; IO_000010 ; I/O Properties Checks for One I/O ; The location should support the requested I/O direction.                           ; Critical ; 0 such failures found.                                                   ; I/O                    ;                   ;
; Pass         ; IO_000009 ; I/O Properties Checks for One I/O ; The location should support the requested I/O standard.                            ; Critical ; 0 such failures found.                                                   ; I/O                    ;                   ;
; Pass         ; IO_000034 ; SI Related Distance Checks        ; Single-ended outputs should be 0 LAB row(s) away from a differential I/O.          ; High     ; 0 such failures found.                                                   ; I/O                    ;                   ;
; ----         ; ----      ; Disclaimer                        ; LVDS rules are checked but not reported.                                           ; None     ; ----                                                                     ; Differential Signaling ;                   ;
; ----         ; ----      ; Disclaimer                        ; Memory interface related rules are checked but not reported.                       ; None     ; ----                                                                     ; Memory Interfaces      ;                   ;
; ----         ; ----      ; Disclaimer                        ; OCT rules are checked but not reported.                                            ; None     ; ----                                                                     ; On Chip Termination    ;                   ;
+--------------+-----------+-----------------------------------+------------------------------------------------------------------------------------+----------+--------------------------------------------------------------------------+------------------------+-------------------+


+--------------------------------------------------------------------------------------------------------------------------------------------------------------------------------------------------------------------------------------------------------------------------------------------------------------------------------------------------------------------------------------------------------------------------------------+
; I/O Rules Matrix                                                                                                                                                                                                                                                                                                                                                                                                                     ;
+--------------------+--------------+-----------+-----------+--------------+--------------+-----------+-----------+--------------+--------------+--------------+--------------+--------------+--------------+--------------+--------------+--------------+--------------+--------------+--------------+--------------+--------------+--------------+--------------+--------------+--------------+-----------+-----------+--------------+
; Pin/Rules          ; IO_000002    ; IO_000001 ; IO_000003 ; IO_000004    ; IO_000005    ; IO_000006 ; IO_000007 ; IO_000008    ; IO_000047    ; IO_000046    ; IO_000045    ; IO_000027    ; IO_000026    ; IO_000024    ; IO_000023    ; IO_000022    ; IO_000021    ; IO_000020    ; IO_000019    ; IO_000018    ; IO_000015    ; IO_000014    ; IO_000013    ; IO_000012    ; IO_000011    ; IO_000010 ; IO_000009 ; IO_000034    ;
+--------------------+--------------+-----------+-----------+--------------+--------------+-----------+-----------+--------------+--------------+--------------+--------------+--------------+--------------+--------------+--------------+--------------+--------------+--------------+--------------+--------------+--------------+--------------+--------------+--------------+--------------+-----------+-----------+--------------+
; Total Pass         ; 0            ; 77        ; 77        ; 0            ; 32           ; 77        ; 77        ; 0            ; 0            ; 0            ; 0            ; 0            ; 71           ; 46           ; 0            ; 0            ; 0            ; 0            ; 46           ; 25           ; 0            ; 0            ; 0            ; 46           ; 25           ; 77        ; 77        ; 13           ;
; Total Unchecked    ; 0            ; 0         ; 0         ; 0            ; 0            ; 0         ; 0         ; 0            ; 0            ; 0            ; 0            ; 0            ; 0            ; 0            ; 0            ; 0            ; 0            ; 0            ; 0            ; 0            ; 0            ; 0            ; 0            ; 0            ; 0            ; 0         ; 0         ; 0            ;
; Total Inapplicable ; 77           ; 0         ; 0         ; 77           ; 45           ; 0         ; 0         ; 77           ; 77           ; 77           ; 77           ; 77           ; 6            ; 31           ; 77           ; 77           ; 77           ; 77           ; 31           ; 52           ; 77           ; 77           ; 77           ; 31           ; 52           ; 0         ; 0         ; 64           ;
; Total Fail         ; 0            ; 0         ; 0         ; 0            ; 0            ; 0         ; 0         ; 0            ; 0            ; 0            ; 0            ; 0            ; 0            ; 0            ; 0            ; 0            ; 0            ; 0            ; 0            ; 0            ; 0            ; 0            ; 0            ; 0            ; 0            ; 0         ; 0         ; 0            ;
; HPS_DDR3_ADDR[0]   ; Inapplicable ; Pass      ; Pass      ; Inapplicable ; Inapplicable ; Pass      ; Pass      ; Inapplicable ; Inapplicable ; Inapplicable ; Inapplicable ; Inapplicable ; Pass         ; Inapplicable ; Inapplicable ; Inapplicable ; Inapplicable ; Inapplicable ; Inapplicable ; Pass         ; Inapplicable ; Inapplicable ; Inapplicable ; Inapplicable ; Pass         ; Pass      ; Pass      ; Inapplicable ;
; HPS_DDR3_ADDR[1]   ; Inapplicable ; Pass      ; Pass      ; Inapplicable ; Inapplicable ; Pass      ; Pass      ; Inapplicable ; Inapplicable ; Inapplicable ; Inapplicable ; Inapplicable ; Pass         ; Inapplicable ; Inapplicable ; Inapplicable ; Inapplicable ; Inapplicable ; Inapplicable ; Pass         ; Inapplicable ; Inapplicable ; Inapplicable ; Inapplicable ; Pass         ; Pass      ; Pass      ; Inapplicable ;
; HPS_DDR3_ADDR[2]   ; Inapplicable ; Pass      ; Pass      ; Inapplicable ; Inapplicable ; Pass      ; Pass      ; Inapplicable ; Inapplicable ; Inapplicable ; Inapplicable ; Inapplicable ; Pass         ; Inapplicable ; Inapplicable ; Inapplicable ; Inapplicable ; Inapplicable ; Inapplicable ; Pass         ; Inapplicable ; Inapplicable ; Inapplicable ; Inapplicable ; Pass         ; Pass      ; Pass      ; Inapplicable ;
; HPS_DDR3_ADDR[3]   ; Inapplicable ; Pass      ; Pass      ; Inapplicable ; Inapplicable ; Pass      ; Pass      ; Inapplicable ; Inapplicable ; Inapplicable ; Inapplicable ; Inapplicable ; Pass         ; Inapplicable ; Inapplicable ; Inapplicable ; Inapplicable ; Inapplicable ; Inapplicable ; Pass         ; Inapplicable ; Inapplicable ; Inapplicable ; Inapplicable ; Pass         ; Pass      ; Pass      ; Inapplicable ;
; HPS_DDR3_ADDR[4]   ; Inapplicable ; Pass      ; Pass      ; Inapplicable ; Inapplicable ; Pass      ; Pass      ; Inapplicable ; Inapplicable ; Inapplicable ; Inapplicable ; Inapplicable ; Pass         ; Inapplicable ; Inapplicable ; Inapplicable ; Inapplicable ; Inapplicable ; Inapplicable ; Pass         ; Inapplicable ; Inapplicable ; Inapplicable ; Inapplicable ; Pass         ; Pass      ; Pass      ; Inapplicable ;
; HPS_DDR3_ADDR[5]   ; Inapplicable ; Pass      ; Pass      ; Inapplicable ; Inapplicable ; Pass      ; Pass      ; Inapplicable ; Inapplicable ; Inapplicable ; Inapplicable ; Inapplicable ; Pass         ; Inapplicable ; Inapplicable ; Inapplicable ; Inapplicable ; Inapplicable ; Inapplicable ; Pass         ; Inapplicable ; Inapplicable ; Inapplicable ; Inapplicable ; Pass         ; Pass      ; Pass      ; Inapplicable ;
; HPS_DDR3_ADDR[6]   ; Inapplicable ; Pass      ; Pass      ; Inapplicable ; Inapplicable ; Pass      ; Pass      ; Inapplicable ; Inapplicable ; Inapplicable ; Inapplicable ; Inapplicable ; Pass         ; Inapplicable ; Inapplicable ; Inapplicable ; Inapplicable ; Inapplicable ; Inapplicable ; Pass         ; Inapplicable ; Inapplicable ; Inapplicable ; Inapplicable ; Pass         ; Pass      ; Pass      ; Inapplicable ;
; HPS_DDR3_ADDR[7]   ; Inapplicable ; Pass      ; Pass      ; Inapplicable ; Inapplicable ; Pass      ; Pass      ; Inapplicable ; Inapplicable ; Inapplicable ; Inapplicable ; Inapplicable ; Pass         ; Inapplicable ; Inapplicable ; Inapplicable ; Inapplicable ; Inapplicable ; Inapplicable ; Pass         ; Inapplicable ; Inapplicable ; Inapplicable ; Inapplicable ; Pass         ; Pass      ; Pass      ; Inapplicable ;
; HPS_DDR3_ADDR[8]   ; Inapplicable ; Pass      ; Pass      ; Inapplicable ; Inapplicable ; Pass      ; Pass      ; Inapplicable ; Inapplicable ; Inapplicable ; Inapplicable ; Inapplicable ; Pass         ; Inapplicable ; Inapplicable ; Inapplicable ; Inapplicable ; Inapplicable ; Inapplicable ; Pass         ; Inapplicable ; Inapplicable ; Inapplicable ; Inapplicable ; Pass         ; Pass      ; Pass      ; Inapplicable ;
; HPS_DDR3_ADDR[9]   ; Inapplicable ; Pass      ; Pass      ; Inapplicable ; Inapplicable ; Pass      ; Pass      ; Inapplicable ; Inapplicable ; Inapplicable ; Inapplicable ; Inapplicable ; Pass         ; Inapplicable ; Inapplicable ; Inapplicable ; Inapplicable ; Inapplicable ; Inapplicable ; Pass         ; Inapplicable ; Inapplicable ; Inapplicable ; Inapplicable ; Pass         ; Pass      ; Pass      ; Inapplicable ;
; HPS_DDR3_ADDR[10]  ; Inapplicable ; Pass      ; Pass      ; Inapplicable ; Inapplicable ; Pass      ; Pass      ; Inapplicable ; Inapplicable ; Inapplicable ; Inapplicable ; Inapplicable ; Pass         ; Inapplicable ; Inapplicable ; Inapplicable ; Inapplicable ; Inapplicable ; Inapplicable ; Pass         ; Inapplicable ; Inapplicable ; Inapplicable ; Inapplicable ; Pass         ; Pass      ; Pass      ; Inapplicable ;
; HPS_DDR3_ADDR[11]  ; Inapplicable ; Pass      ; Pass      ; Inapplicable ; Inapplicable ; Pass      ; Pass      ; Inapplicable ; Inapplicable ; Inapplicable ; Inapplicable ; Inapplicable ; Pass         ; Inapplicable ; Inapplicable ; Inapplicable ; Inapplicable ; Inapplicable ; Inapplicable ; Pass         ; Inapplicable ; Inapplicable ; Inapplicable ; Inapplicable ; Pass         ; Pass      ; Pass      ; Inapplicable ;
; HPS_DDR3_ADDR[12]  ; Inapplicable ; Pass      ; Pass      ; Inapplicable ; Inapplicable ; Pass      ; Pass      ; Inapplicable ; Inapplicable ; Inapplicable ; Inapplicable ; Inapplicable ; Pass         ; Inapplicable ; Inapplicable ; Inapplicable ; Inapplicable ; Inapplicable ; Inapplicable ; Pass         ; Inapplicable ; Inapplicable ; Inapplicable ; Inapplicable ; Pass         ; Pass      ; Pass      ; Inapplicable ;
; HPS_DDR3_ADDR[13]  ; Inapplicable ; Pass      ; Pass      ; Inapplicable ; Inapplicable ; Pass      ; Pass      ; Inapplicable ; Inapplicable ; Inapplicable ; Inapplicable ; Inapplicable ; Pass         ; Inapplicable ; Inapplicable ; Inapplicable ; Inapplicable ; Inapplicable ; Inapplicable ; Pass         ; Inapplicable ; Inapplicable ; Inapplicable ; Inapplicable ; Pass         ; Pass      ; Pass      ; Inapplicable ;
; HPS_DDR3_ADDR[14]  ; Inapplicable ; Pass      ; Pass      ; Inapplicable ; Inapplicable ; Pass      ; Pass      ; Inapplicable ; Inapplicable ; Inapplicable ; Inapplicable ; Inapplicable ; Pass         ; Inapplicable ; Inapplicable ; Inapplicable ; Inapplicable ; Inapplicable ; Inapplicable ; Pass         ; Inapplicable ; Inapplicable ; Inapplicable ; Inapplicable ; Pass         ; Pass      ; Pass      ; Inapplicable ;
; HPS_DDR3_BA[0]     ; Inapplicable ; Pass      ; Pass      ; Inapplicable ; Inapplicable ; Pass      ; Pass      ; Inapplicable ; Inapplicable ; Inapplicable ; Inapplicable ; Inapplicable ; Pass         ; Inapplicable ; Inapplicable ; Inapplicable ; Inapplicable ; Inapplicable ; Inapplicable ; Pass         ; Inapplicable ; Inapplicable ; Inapplicable ; Inapplicable ; Pass         ; Pass      ; Pass      ; Inapplicable ;
; HPS_DDR3_BA[1]     ; Inapplicable ; Pass      ; Pass      ; Inapplicable ; Inapplicable ; Pass      ; Pass      ; Inapplicable ; Inapplicable ; Inapplicable ; Inapplicable ; Inapplicable ; Pass         ; Inapplicable ; Inapplicable ; Inapplicable ; Inapplicable ; Inapplicable ; Inapplicable ; Pass         ; Inapplicable ; Inapplicable ; Inapplicable ; Inapplicable ; Pass         ; Pass      ; Pass      ; Inapplicable ;
; HPS_DDR3_BA[2]     ; Inapplicable ; Pass      ; Pass      ; Inapplicable ; Inapplicable ; Pass      ; Pass      ; Inapplicable ; Inapplicable ; Inapplicable ; Inapplicable ; Inapplicable ; Pass         ; Inapplicable ; Inapplicable ; Inapplicable ; Inapplicable ; Inapplicable ; Inapplicable ; Pass         ; Inapplicable ; Inapplicable ; Inapplicable ; Inapplicable ; Pass         ; Pass      ; Pass      ; Inapplicable ;
; HPS_DDR3_CAS_N     ; Inapplicable ; Pass      ; Pass      ; Inapplicable ; Inapplicable ; Pass      ; Pass      ; Inapplicable ; Inapplicable ; Inapplicable ; Inapplicable ; Inapplicable ; Pass         ; Inapplicable ; Inapplicable ; Inapplicable ; Inapplicable ; Inapplicable ; Inapplicable ; Pass         ; Inapplicable ; Inapplicable ; Inapplicable ; Inapplicable ; Pass         ; Pass      ; Pass      ; Inapplicable ;
; HPS_DDR3_CKE       ; Inapplicable ; Pass      ; Pass      ; Inapplicable ; Inapplicable ; Pass      ; Pass      ; Inapplicable ; Inapplicable ; Inapplicable ; Inapplicable ; Inapplicable ; Pass         ; Inapplicable ; Inapplicable ; Inapplicable ; Inapplicable ; Inapplicable ; Inapplicable ; Pass         ; Inapplicable ; Inapplicable ; Inapplicable ; Inapplicable ; Pass         ; Pass      ; Pass      ; Inapplicable ;
; HPS_DDR3_CK_N      ; Inapplicable ; Pass      ; Pass      ; Inapplicable ; Inapplicable ; Pass      ; Pass      ; Inapplicable ; Inapplicable ; Inapplicable ; Inapplicable ; Inapplicable ; Pass         ; Pass         ; Inapplicable ; Inapplicable ; Inapplicable ; Inapplicable ; Pass         ; Inapplicable ; Inapplicable ; Inapplicable ; Inapplicable ; Pass         ; Inapplicable ; Pass      ; Pass      ; Pass         ;
; HPS_DDR3_CK_P      ; Inapplicable ; Pass      ; Pass      ; Inapplicable ; Inapplicable ; Pass      ; Pass      ; Inapplicable ; Inapplicable ; Inapplicable ; Inapplicable ; Inapplicable ; Pass         ; Pass         ; Inapplicable ; Inapplicable ; Inapplicable ; Inapplicable ; Pass         ; Inapplicable ; Inapplicable ; Inapplicable ; Inapplicable ; Pass         ; Inapplicable ; Pass      ; Pass      ; Pass         ;
; HPS_DDR3_CS_N      ; Inapplicable ; Pass      ; Pass      ; Inapplicable ; Inapplicable ; Pass      ; Pass      ; Inapplicable ; Inapplicable ; Inapplicable ; Inapplicable ; Inapplicable ; Pass         ; Inapplicable ; Inapplicable ; Inapplicable ; Inapplicable ; Inapplicable ; Inapplicable ; Pass         ; Inapplicable ; Inapplicable ; Inapplicable ; Inapplicable ; Pass         ; Pass      ; Pass      ; Inapplicable ;
; HPS_DDR3_DM[0]     ; Inapplicable ; Pass      ; Pass      ; Inapplicable ; Inapplicable ; Pass      ; Pass      ; Inapplicable ; Inapplicable ; Inapplicable ; Inapplicable ; Inapplicable ; Pass         ; Pass         ; Inapplicable ; Inapplicable ; Inapplicable ; Inapplicable ; Pass         ; Inapplicable ; Inapplicable ; Inapplicable ; Inapplicable ; Pass         ; Inapplicable ; Pass      ; Pass      ; Inapplicable ;
; HPS_DDR3_DM[1]     ; Inapplicable ; Pass      ; Pass      ; Inapplicable ; Inapplicable ; Pass      ; Pass      ; Inapplicable ; Inapplicable ; Inapplicable ; Inapplicable ; Inapplicable ; Pass         ; Pass         ; Inapplicable ; Inapplicable ; Inapplicable ; Inapplicable ; Pass         ; Inapplicable ; Inapplicable ; Inapplicable ; Inapplicable ; Pass         ; Inapplicable ; Pass      ; Pass      ; Inapplicable ;
; HPS_DDR3_DM[2]     ; Inapplicable ; Pass      ; Pass      ; Inapplicable ; Inapplicable ; Pass      ; Pass      ; Inapplicable ; Inapplicable ; Inapplicable ; Inapplicable ; Inapplicable ; Pass         ; Pass         ; Inapplicable ; Inapplicable ; Inapplicable ; Inapplicable ; Pass         ; Inapplicable ; Inapplicable ; Inapplicable ; Inapplicable ; Pass         ; Inapplicable ; Pass      ; Pass      ; Inapplicable ;
; HPS_DDR3_DM[3]     ; Inapplicable ; Pass      ; Pass      ; Inapplicable ; Inapplicable ; Pass      ; Pass      ; Inapplicable ; Inapplicable ; Inapplicable ; Inapplicable ; Inapplicable ; Pass         ; Pass         ; Inapplicable ; Inapplicable ; Inapplicable ; Inapplicable ; Pass         ; Inapplicable ; Inapplicable ; Inapplicable ; Inapplicable ; Pass         ; Inapplicable ; Pass      ; Pass      ; Inapplicable ;
; HPS_DDR3_ODT       ; Inapplicable ; Pass      ; Pass      ; Inapplicable ; Inapplicable ; Pass      ; Pass      ; Inapplicable ; Inapplicable ; Inapplicable ; Inapplicable ; Inapplicable ; Pass         ; Inapplicable ; Inapplicable ; Inapplicable ; Inapplicable ; Inapplicable ; Inapplicable ; Pass         ; Inapplicable ; Inapplicable ; Inapplicable ; Inapplicable ; Pass         ; Pass      ; Pass      ; Inapplicable ;
; HPS_DDR3_RAS_N     ; Inapplicable ; Pass      ; Pass      ; Inapplicable ; Inapplicable ; Pass      ; Pass      ; Inapplicable ; Inapplicable ; Inapplicable ; Inapplicable ; Inapplicable ; Pass         ; Inapplicable ; Inapplicable ; Inapplicable ; Inapplicable ; Inapplicable ; Inapplicable ; Pass         ; Inapplicable ; Inapplicable ; Inapplicable ; Inapplicable ; Pass         ; Pass      ; Pass      ; Inapplicable ;
; HPS_DDR3_RESET_N   ; Inapplicable ; Pass      ; Pass      ; Inapplicable ; Inapplicable ; Pass      ; Pass      ; Inapplicable ; Inapplicable ; Inapplicable ; Inapplicable ; Inapplicable ; Pass         ; Inapplicable ; Inapplicable ; Inapplicable ; Inapplicable ; Inapplicable ; Inapplicable ; Pass         ; Inapplicable ; Inapplicable ; Inapplicable ; Inapplicable ; Pass         ; Pass      ; Pass      ; Inapplicable ;
; HPS_DDR3_WE_N      ; Inapplicable ; Pass      ; Pass      ; Inapplicable ; Inapplicable ; Pass      ; Pass      ; Inapplicable ; Inapplicable ; Inapplicable ; Inapplicable ; Inapplicable ; Pass         ; Inapplicable ; Inapplicable ; Inapplicable ; Inapplicable ; Inapplicable ; Inapplicable ; Pass         ; Inapplicable ; Inapplicable ; Inapplicable ; Inapplicable ; Pass         ; Pass      ; Pass      ; Inapplicable ;
; ADC_CONVST         ; Inapplicable ; Pass      ; Pass      ; Inapplicable ; Inapplicable ; Pass      ; Pass      ; Inapplicable ; Inapplicable ; Inapplicable ; Inapplicable ; Inapplicable ; Inapplicable ; Inapplicable ; Inapplicable ; Inapplicable ; Inapplicable ; Inapplicable ; Inapplicable ; Inapplicable ; Inapplicable ; Inapplicable ; Inapplicable ; Inapplicable ; Inapplicable ; Pass      ; Pass      ; Pass         ;
; ADC_SCK            ; Inapplicable ; Pass      ; Pass      ; Inapplicable ; Inapplicable ; Pass      ; Pass      ; Inapplicable ; Inapplicable ; Inapplicable ; Inapplicable ; Inapplicable ; Inapplicable ; Inapplicable ; Inapplicable ; Inapplicable ; Inapplicable ; Inapplicable ; Inapplicable ; Inapplicable ; Inapplicable ; Inapplicable ; Inapplicable ; Inapplicable ; Inapplicable ; Pass      ; Pass      ; Pass         ;
; ADC_SDI            ; Inapplicable ; Pass      ; Pass      ; Inapplicable ; Inapplicable ; Pass      ; Pass      ; Inapplicable ; Inapplicable ; Inapplicable ; Inapplicable ; Inapplicable ; Inapplicable ; Inapplicable ; Inapplicable ; Inapplicable ; Inapplicable ; Inapplicable ; Inapplicable ; Inapplicable ; Inapplicable ; Inapplicable ; Inapplicable ; Inapplicable ; Inapplicable ; Pass      ; Pass      ; Pass         ;
; HPS_DDR3_DQ[0]     ; Inapplicable ; Pass      ; Pass      ; Inapplicable ; Pass         ; Pass      ; Pass      ; Inapplicable ; Inapplicable ; Inapplicable ; Inapplicable ; Inapplicable ; Pass         ; Pass         ; Inapplicable ; Inapplicable ; Inapplicable ; Inapplicable ; Pass         ; Inapplicable ; Inapplicable ; Inapplicable ; Inapplicable ; Pass         ; Inapplicable ; Pass      ; Pass      ; Inapplicable ;
; HPS_DDR3_DQ[1]     ; Inapplicable ; Pass      ; Pass      ; Inapplicable ; Pass         ; Pass      ; Pass      ; Inapplicable ; Inapplicable ; Inapplicable ; Inapplicable ; Inapplicable ; Pass         ; Pass         ; Inapplicable ; Inapplicable ; Inapplicable ; Inapplicable ; Pass         ; Inapplicable ; Inapplicable ; Inapplicable ; Inapplicable ; Pass         ; Inapplicable ; Pass      ; Pass      ; Inapplicable ;
; HPS_DDR3_DQ[2]     ; Inapplicable ; Pass      ; Pass      ; Inapplicable ; Pass         ; Pass      ; Pass      ; Inapplicable ; Inapplicable ; Inapplicable ; Inapplicable ; Inapplicable ; Pass         ; Pass         ; Inapplicable ; Inapplicable ; Inapplicable ; Inapplicable ; Pass         ; Inapplicable ; Inapplicable ; Inapplicable ; Inapplicable ; Pass         ; Inapplicable ; Pass      ; Pass      ; Inapplicable ;
; HPS_DDR3_DQ[3]     ; Inapplicable ; Pass      ; Pass      ; Inapplicable ; Pass         ; Pass      ; Pass      ; Inapplicable ; Inapplicable ; Inapplicable ; Inapplicable ; Inapplicable ; Pass         ; Pass         ; Inapplicable ; Inapplicable ; Inapplicable ; Inapplicable ; Pass         ; Inapplicable ; Inapplicable ; Inapplicable ; Inapplicable ; Pass         ; Inapplicable ; Pass      ; Pass      ; Inapplicable ;
; HPS_DDR3_DQ[4]     ; Inapplicable ; Pass      ; Pass      ; Inapplicable ; Pass         ; Pass      ; Pass      ; Inapplicable ; Inapplicable ; Inapplicable ; Inapplicable ; Inapplicable ; Pass         ; Pass         ; Inapplicable ; Inapplicable ; Inapplicable ; Inapplicable ; Pass         ; Inapplicable ; Inapplicable ; Inapplicable ; Inapplicable ; Pass         ; Inapplicable ; Pass      ; Pass      ; Inapplicable ;
; HPS_DDR3_DQ[5]     ; Inapplicable ; Pass      ; Pass      ; Inapplicable ; Pass         ; Pass      ; Pass      ; Inapplicable ; Inapplicable ; Inapplicable ; Inapplicable ; Inapplicable ; Pass         ; Pass         ; Inapplicable ; Inapplicable ; Inapplicable ; Inapplicable ; Pass         ; Inapplicable ; Inapplicable ; Inapplicable ; Inapplicable ; Pass         ; Inapplicable ; Pass      ; Pass      ; Inapplicable ;
; HPS_DDR3_DQ[6]     ; Inapplicable ; Pass      ; Pass      ; Inapplicable ; Pass         ; Pass      ; Pass      ; Inapplicable ; Inapplicable ; Inapplicable ; Inapplicable ; Inapplicable ; Pass         ; Pass         ; Inapplicable ; Inapplicable ; Inapplicable ; Inapplicable ; Pass         ; Inapplicable ; Inapplicable ; Inapplicable ; Inapplicable ; Pass         ; Inapplicable ; Pass      ; Pass      ; Inapplicable ;
; HPS_DDR3_DQ[7]     ; Inapplicable ; Pass      ; Pass      ; Inapplicable ; Pass         ; Pass      ; Pass      ; Inapplicable ; Inapplicable ; Inapplicable ; Inapplicable ; Inapplicable ; Pass         ; Pass         ; Inapplicable ; Inapplicable ; Inapplicable ; Inapplicable ; Pass         ; Inapplicable ; Inapplicable ; Inapplicable ; Inapplicable ; Pass         ; Inapplicable ; Pass      ; Pass      ; Inapplicable ;
; HPS_DDR3_DQ[8]     ; Inapplicable ; Pass      ; Pass      ; Inapplicable ; Pass         ; Pass      ; Pass      ; Inapplicable ; Inapplicable ; Inapplicable ; Inapplicable ; Inapplicable ; Pass         ; Pass         ; Inapplicable ; Inapplicable ; Inapplicable ; Inapplicable ; Pass         ; Inapplicable ; Inapplicable ; Inapplicable ; Inapplicable ; Pass         ; Inapplicable ; Pass      ; Pass      ; Inapplicable ;
; HPS_DDR3_DQ[9]     ; Inapplicable ; Pass      ; Pass      ; Inapplicable ; Pass         ; Pass      ; Pass      ; Inapplicable ; Inapplicable ; Inapplicable ; Inapplicable ; Inapplicable ; Pass         ; Pass         ; Inapplicable ; Inapplicable ; Inapplicable ; Inapplicable ; Pass         ; Inapplicable ; Inapplicable ; Inapplicable ; Inapplicable ; Pass         ; Inapplicable ; Pass      ; Pass      ; Inapplicable ;
; HPS_DDR3_DQ[10]    ; Inapplicable ; Pass      ; Pass      ; Inapplicable ; Pass         ; Pass      ; Pass      ; Inapplicable ; Inapplicable ; Inapplicable ; Inapplicable ; Inapplicable ; Pass         ; Pass         ; Inapplicable ; Inapplicable ; Inapplicable ; Inapplicable ; Pass         ; Inapplicable ; Inapplicable ; Inapplicable ; Inapplicable ; Pass         ; Inapplicable ; Pass      ; Pass      ; Inapplicable ;
; HPS_DDR3_DQ[11]    ; Inapplicable ; Pass      ; Pass      ; Inapplicable ; Pass         ; Pass      ; Pass      ; Inapplicable ; Inapplicable ; Inapplicable ; Inapplicable ; Inapplicable ; Pass         ; Pass         ; Inapplicable ; Inapplicable ; Inapplicable ; Inapplicable ; Pass         ; Inapplicable ; Inapplicable ; Inapplicable ; Inapplicable ; Pass         ; Inapplicable ; Pass      ; Pass      ; Inapplicable ;
; HPS_DDR3_DQ[12]    ; Inapplicable ; Pass      ; Pass      ; Inapplicable ; Pass         ; Pass      ; Pass      ; Inapplicable ; Inapplicable ; Inapplicable ; Inapplicable ; Inapplicable ; Pass         ; Pass         ; Inapplicable ; Inapplicable ; Inapplicable ; Inapplicable ; Pass         ; Inapplicable ; Inapplicable ; Inapplicable ; Inapplicable ; Pass         ; Inapplicable ; Pass      ; Pass      ; Inapplicable ;
; HPS_DDR3_DQ[13]    ; Inapplicable ; Pass      ; Pass      ; Inapplicable ; Pass         ; Pass      ; Pass      ; Inapplicable ; Inapplicable ; Inapplicable ; Inapplicable ; Inapplicable ; Pass         ; Pass         ; Inapplicable ; Inapplicable ; Inapplicable ; Inapplicable ; Pass         ; Inapplicable ; Inapplicable ; Inapplicable ; Inapplicable ; Pass         ; Inapplicable ; Pass      ; Pass      ; Inapplicable ;
; HPS_DDR3_DQ[14]    ; Inapplicable ; Pass      ; Pass      ; Inapplicable ; Pass         ; Pass      ; Pass      ; Inapplicable ; Inapplicable ; Inapplicable ; Inapplicable ; Inapplicable ; Pass         ; Pass         ; Inapplicable ; Inapplicable ; Inapplicable ; Inapplicable ; Pass         ; Inapplicable ; Inapplicable ; Inapplicable ; Inapplicable ; Pass         ; Inapplicable ; Pass      ; Pass      ; Inapplicable ;
; HPS_DDR3_DQ[15]    ; Inapplicable ; Pass      ; Pass      ; Inapplicable ; Pass         ; Pass      ; Pass      ; Inapplicable ; Inapplicable ; Inapplicable ; Inapplicable ; Inapplicable ; Pass         ; Pass         ; Inapplicable ; Inapplicable ; Inapplicable ; Inapplicable ; Pass         ; Inapplicable ; Inapplicable ; Inapplicable ; Inapplicable ; Pass         ; Inapplicable ; Pass      ; Pass      ; Inapplicable ;
; HPS_DDR3_DQ[16]    ; Inapplicable ; Pass      ; Pass      ; Inapplicable ; Pass         ; Pass      ; Pass      ; Inapplicable ; Inapplicable ; Inapplicable ; Inapplicable ; Inapplicable ; Pass         ; Pass         ; Inapplicable ; Inapplicable ; Inapplicable ; Inapplicable ; Pass         ; Inapplicable ; Inapplicable ; Inapplicable ; Inapplicable ; Pass         ; Inapplicable ; Pass      ; Pass      ; Inapplicable ;
; HPS_DDR3_DQ[17]    ; Inapplicable ; Pass      ; Pass      ; Inapplicable ; Pass         ; Pass      ; Pass      ; Inapplicable ; Inapplicable ; Inapplicable ; Inapplicable ; Inapplicable ; Pass         ; Pass         ; Inapplicable ; Inapplicable ; Inapplicable ; Inapplicable ; Pass         ; Inapplicable ; Inapplicable ; Inapplicable ; Inapplicable ; Pass         ; Inapplicable ; Pass      ; Pass      ; Inapplicable ;
; HPS_DDR3_DQ[18]    ; Inapplicable ; Pass      ; Pass      ; Inapplicable ; Pass         ; Pass      ; Pass      ; Inapplicable ; Inapplicable ; Inapplicable ; Inapplicable ; Inapplicable ; Pass         ; Pass         ; Inapplicable ; Inapplicable ; Inapplicable ; Inapplicable ; Pass         ; Inapplicable ; Inapplicable ; Inapplicable ; Inapplicable ; Pass         ; Inapplicable ; Pass      ; Pass      ; Inapplicable ;
; HPS_DDR3_DQ[19]    ; Inapplicable ; Pass      ; Pass      ; Inapplicable ; Pass         ; Pass      ; Pass      ; Inapplicable ; Inapplicable ; Inapplicable ; Inapplicable ; Inapplicable ; Pass         ; Pass         ; Inapplicable ; Inapplicable ; Inapplicable ; Inapplicable ; Pass         ; Inapplicable ; Inapplicable ; Inapplicable ; Inapplicable ; Pass         ; Inapplicable ; Pass      ; Pass      ; Inapplicable ;
; HPS_DDR3_DQ[20]    ; Inapplicable ; Pass      ; Pass      ; Inapplicable ; Pass         ; Pass      ; Pass      ; Inapplicable ; Inapplicable ; Inapplicable ; Inapplicable ; Inapplicable ; Pass         ; Pass         ; Inapplicable ; Inapplicable ; Inapplicable ; Inapplicable ; Pass         ; Inapplicable ; Inapplicable ; Inapplicable ; Inapplicable ; Pass         ; Inapplicable ; Pass      ; Pass      ; Inapplicable ;
; HPS_DDR3_DQ[21]    ; Inapplicable ; Pass      ; Pass      ; Inapplicable ; Pass         ; Pass      ; Pass      ; Inapplicable ; Inapplicable ; Inapplicable ; Inapplicable ; Inapplicable ; Pass         ; Pass         ; Inapplicable ; Inapplicable ; Inapplicable ; Inapplicable ; Pass         ; Inapplicable ; Inapplicable ; Inapplicable ; Inapplicable ; Pass         ; Inapplicable ; Pass      ; Pass      ; Inapplicable ;
; HPS_DDR3_DQ[22]    ; Inapplicable ; Pass      ; Pass      ; Inapplicable ; Pass         ; Pass      ; Pass      ; Inapplicable ; Inapplicable ; Inapplicable ; Inapplicable ; Inapplicable ; Pass         ; Pass         ; Inapplicable ; Inapplicable ; Inapplicable ; Inapplicable ; Pass         ; Inapplicable ; Inapplicable ; Inapplicable ; Inapplicable ; Pass         ; Inapplicable ; Pass      ; Pass      ; Inapplicable ;
; HPS_DDR3_DQ[23]    ; Inapplicable ; Pass      ; Pass      ; Inapplicable ; Pass         ; Pass      ; Pass      ; Inapplicable ; Inapplicable ; Inapplicable ; Inapplicable ; Inapplicable ; Pass         ; Pass         ; Inapplicable ; Inapplicable ; Inapplicable ; Inapplicable ; Pass         ; Inapplicable ; Inapplicable ; Inapplicable ; Inapplicable ; Pass         ; Inapplicable ; Pass      ; Pass      ; Inapplicable ;
; HPS_DDR3_DQ[24]    ; Inapplicable ; Pass      ; Pass      ; Inapplicable ; Pass         ; Pass      ; Pass      ; Inapplicable ; Inapplicable ; Inapplicable ; Inapplicable ; Inapplicable ; Pass         ; Pass         ; Inapplicable ; Inapplicable ; Inapplicable ; Inapplicable ; Pass         ; Inapplicable ; Inapplicable ; Inapplicable ; Inapplicable ; Pass         ; Inapplicable ; Pass      ; Pass      ; Inapplicable ;
; HPS_DDR3_DQ[25]    ; Inapplicable ; Pass      ; Pass      ; Inapplicable ; Pass         ; Pass      ; Pass      ; Inapplicable ; Inapplicable ; Inapplicable ; Inapplicable ; Inapplicable ; Pass         ; Pass         ; Inapplicable ; Inapplicable ; Inapplicable ; Inapplicable ; Pass         ; Inapplicable ; Inapplicable ; Inapplicable ; Inapplicable ; Pass         ; Inapplicable ; Pass      ; Pass      ; Inapplicable ;
; HPS_DDR3_DQ[26]    ; Inapplicable ; Pass      ; Pass      ; Inapplicable ; Pass         ; Pass      ; Pass      ; Inapplicable ; Inapplicable ; Inapplicable ; Inapplicable ; Inapplicable ; Pass         ; Pass         ; Inapplicable ; Inapplicable ; Inapplicable ; Inapplicable ; Pass         ; Inapplicable ; Inapplicable ; Inapplicable ; Inapplicable ; Pass         ; Inapplicable ; Pass      ; Pass      ; Inapplicable ;
; HPS_DDR3_DQ[27]    ; Inapplicable ; Pass      ; Pass      ; Inapplicable ; Pass         ; Pass      ; Pass      ; Inapplicable ; Inapplicable ; Inapplicable ; Inapplicable ; Inapplicable ; Pass         ; Pass         ; Inapplicable ; Inapplicable ; Inapplicable ; Inapplicable ; Pass         ; Inapplicable ; Inapplicable ; Inapplicable ; Inapplicable ; Pass         ; Inapplicable ; Pass      ; Pass      ; Inapplicable ;
; HPS_DDR3_DQ[28]    ; Inapplicable ; Pass      ; Pass      ; Inapplicable ; Pass         ; Pass      ; Pass      ; Inapplicable ; Inapplicable ; Inapplicable ; Inapplicable ; Inapplicable ; Pass         ; Pass         ; Inapplicable ; Inapplicable ; Inapplicable ; Inapplicable ; Pass         ; Inapplicable ; Inapplicable ; Inapplicable ; Inapplicable ; Pass         ; Inapplicable ; Pass      ; Pass      ; Inapplicable ;
; HPS_DDR3_DQ[29]    ; Inapplicable ; Pass      ; Pass      ; Inapplicable ; Pass         ; Pass      ; Pass      ; Inapplicable ; Inapplicable ; Inapplicable ; Inapplicable ; Inapplicable ; Pass         ; Pass         ; Inapplicable ; Inapplicable ; Inapplicable ; Inapplicable ; Pass         ; Inapplicable ; Inapplicable ; Inapplicable ; Inapplicable ; Pass         ; Inapplicable ; Pass      ; Pass      ; Inapplicable ;
; HPS_DDR3_DQ[30]    ; Inapplicable ; Pass      ; Pass      ; Inapplicable ; Pass         ; Pass      ; Pass      ; Inapplicable ; Inapplicable ; Inapplicable ; Inapplicable ; Inapplicable ; Pass         ; Pass         ; Inapplicable ; Inapplicable ; Inapplicable ; Inapplicable ; Pass         ; Inapplicable ; Inapplicable ; Inapplicable ; Inapplicable ; Pass         ; Inapplicable ; Pass      ; Pass      ; Inapplicable ;
; HPS_DDR3_DQ[31]    ; Inapplicable ; Pass      ; Pass      ; Inapplicable ; Pass         ; Pass      ; Pass      ; Inapplicable ; Inapplicable ; Inapplicable ; Inapplicable ; Inapplicable ; Pass         ; Pass         ; Inapplicable ; Inapplicable ; Inapplicable ; Inapplicable ; Pass         ; Inapplicable ; Inapplicable ; Inapplicable ; Inapplicable ; Pass         ; Inapplicable ; Pass      ; Pass      ; Inapplicable ;
; HPS_DDR3_DQS_N[0]  ; Inapplicable ; Pass      ; Pass      ; Inapplicable ; Inapplicable ; Pass      ; Pass      ; Inapplicable ; Inapplicable ; Inapplicable ; Inapplicable ; Inapplicable ; Pass         ; Pass         ; Inapplicable ; Inapplicable ; Inapplicable ; Inapplicable ; Pass         ; Inapplicable ; Inapplicable ; Inapplicable ; Inapplicable ; Pass         ; Inapplicable ; Pass      ; Pass      ; Pass         ;
; HPS_DDR3_DQS_N[1]  ; Inapplicable ; Pass      ; Pass      ; Inapplicable ; Inapplicable ; Pass      ; Pass      ; Inapplicable ; Inapplicable ; Inapplicable ; Inapplicable ; Inapplicable ; Pass         ; Pass         ; Inapplicable ; Inapplicable ; Inapplicable ; Inapplicable ; Pass         ; Inapplicable ; Inapplicable ; Inapplicable ; Inapplicable ; Pass         ; Inapplicable ; Pass      ; Pass      ; Pass         ;
; HPS_DDR3_DQS_N[2]  ; Inapplicable ; Pass      ; Pass      ; Inapplicable ; Inapplicable ; Pass      ; Pass      ; Inapplicable ; Inapplicable ; Inapplicable ; Inapplicable ; Inapplicable ; Pass         ; Pass         ; Inapplicable ; Inapplicable ; Inapplicable ; Inapplicable ; Pass         ; Inapplicable ; Inapplicable ; Inapplicable ; Inapplicable ; Pass         ; Inapplicable ; Pass      ; Pass      ; Pass         ;
; HPS_DDR3_DQS_N[3]  ; Inapplicable ; Pass      ; Pass      ; Inapplicable ; Inapplicable ; Pass      ; Pass      ; Inapplicable ; Inapplicable ; Inapplicable ; Inapplicable ; Inapplicable ; Pass         ; Pass         ; Inapplicable ; Inapplicable ; Inapplicable ; Inapplicable ; Pass         ; Inapplicable ; Inapplicable ; Inapplicable ; Inapplicable ; Pass         ; Inapplicable ; Pass      ; Pass      ; Pass         ;
; HPS_DDR3_DQS_P[0]  ; Inapplicable ; Pass      ; Pass      ; Inapplicable ; Inapplicable ; Pass      ; Pass      ; Inapplicable ; Inapplicable ; Inapplicable ; Inapplicable ; Inapplicable ; Pass         ; Pass         ; Inapplicable ; Inapplicable ; Inapplicable ; Inapplicable ; Pass         ; Inapplicable ; Inapplicable ; Inapplicable ; Inapplicable ; Pass         ; Inapplicable ; Pass      ; Pass      ; Pass         ;
; HPS_DDR3_DQS_P[1]  ; Inapplicable ; Pass      ; Pass      ; Inapplicable ; Inapplicable ; Pass      ; Pass      ; Inapplicable ; Inapplicable ; Inapplicable ; Inapplicable ; Inapplicable ; Pass         ; Pass         ; Inapplicable ; Inapplicable ; Inapplicable ; Inapplicable ; Pass         ; Inapplicable ; Inapplicable ; Inapplicable ; Inapplicable ; Pass         ; Inapplicable ; Pass      ; Pass      ; Pass         ;
; HPS_DDR3_DQS_P[2]  ; Inapplicable ; Pass      ; Pass      ; Inapplicable ; Inapplicable ; Pass      ; Pass      ; Inapplicable ; Inapplicable ; Inapplicable ; Inapplicable ; Inapplicable ; Pass         ; Pass         ; Inapplicable ; Inapplicable ; Inapplicable ; Inapplicable ; Pass         ; Inapplicable ; Inapplicable ; Inapplicable ; Inapplicable ; Pass         ; Inapplicable ; Pass      ; Pass      ; Pass         ;
; HPS_DDR3_DQS_P[3]  ; Inapplicable ; Pass      ; Pass      ; Inapplicable ; Inapplicable ; Pass      ; Pass      ; Inapplicable ; Inapplicable ; Inapplicable ; Inapplicable ; Inapplicable ; Pass         ; Pass         ; Inapplicable ; Inapplicable ; Inapplicable ; Inapplicable ; Pass         ; Inapplicable ; Inapplicable ; Inapplicable ; Inapplicable ; Pass         ; Inapplicable ; Pass      ; Pass      ; Pass         ;
; HPS_DDR3_RZQ       ; Inapplicable ; Pass      ; Pass      ; Inapplicable ; Inapplicable ; Pass      ; Pass      ; Inapplicable ; Inapplicable ; Inapplicable ; Inapplicable ; Inapplicable ; Inapplicable ; Inapplicable ; Inapplicable ; Inapplicable ; Inapplicable ; Inapplicable ; Inapplicable ; Inapplicable ; Inapplicable ; Inapplicable ; Inapplicable ; Inapplicable ; Inapplicable ; Pass      ; Pass      ; Inapplicable ;
; FPGA_CLK1_50       ; Inapplicable ; Pass      ; Pass      ; Inapplicable ; Inapplicable ; Pass      ; Pass      ; Inapplicable ; Inapplicable ; Inapplicable ; Inapplicable ; Inapplicable ; Inapplicable ; Inapplicable ; Inapplicable ; Inapplicable ; Inapplicable ; Inapplicable ; Inapplicable ; Inapplicable ; Inapplicable ; Inapplicable ; Inapplicable ; Inapplicable ; Inapplicable ; Pass      ; Pass      ; Inapplicable ;
; ADC_SDO            ; Inapplicable ; Pass      ; Pass      ; Inapplicable ; Inapplicable ; Pass      ; Pass      ; Inapplicable ; Inapplicable ; Inapplicable ; Inapplicable ; Inapplicable ; Inapplicable ; Inapplicable ; Inapplicable ; Inapplicable ; Inapplicable ; Inapplicable ; Inapplicable ; Inapplicable ; Inapplicable ; Inapplicable ; Inapplicable ; Inapplicable ; Inapplicable ; Pass      ; Pass      ; Inapplicable ;
+--------------------+--------------+-----------+-----------+--------------+--------------+-----------+-----------+--------------+--------------+--------------+--------------+--------------+--------------+--------------+--------------+--------------+--------------+--------------+--------------+--------------+--------------+--------------+--------------+--------------+--------------+-----------+-----------+--------------+


+------------------------------------------------------------------------------------------------+
; Fitter Device Options                                                                          ;
+------------------------------------------------------------------+-----------------------------+
; Option                                                           ; Setting                     ;
+------------------------------------------------------------------+-----------------------------+
; Enable user-supplied start-up clock (CLKUSR)                     ; Off                         ;
; Enable device-wide reset (DEV_CLRn)                              ; Off                         ;
; Enable device-wide output enable (DEV_OE)                        ; Off                         ;
; Enable INIT_DONE output                                          ; Off                         ;
; Configuration scheme                                             ; Passive Serial              ;
; Enable Error Detection CRC_ERROR pin                             ; Off                         ;
; Enable CvP_CONFDONE pin                                          ; Off                         ;
; Enable open drain on CRC_ERROR pin                               ; On                          ;
; Enable open drain on CvP_CONFDONE pin                            ; On                          ;
; Enable open drain on INIT_DONE pin                               ; On                          ;
; Enable open drain on Partial Reconfiguration pins                ; Off                         ;
; Enable open drain on nCEO pin                                    ; On                          ;
; Enable Partial Reconfiguration pins                              ; Off                         ;
; Enable input tri-state on active configuration pins in user mode ; Off                         ;
; Enable internal scrubbing                                        ; Off                         ;
; Active Serial clock source                                       ; 100 MHz Internal Oscillator ;
; Device initialization clock source                               ; Internal Oscillator         ;
; Configuration via Protocol                                       ; Off                         ;
; Configuration Voltage Level                                      ; Auto                        ;
; Force Configuration Voltage Level                                ; Off                         ;
; Enable nCEO output                                               ; Off                         ;
; Data[15..8]                                                      ; Unreserved                  ;
; Data[7..5]                                                       ; Unreserved                  ;
; Base pin-out file on sameframe device                            ; Off                         ;
+------------------------------------------------------------------+-----------------------------+


+------------------------------------+
; Operating Settings and Conditions  ;
+---------------------------+--------+
; Setting                   ; Value  ;
+---------------------------+--------+
; Nominal Core Voltage      ; 1.10 V ;
; Low Junction Temperature  ; -40 °C ;
; High Junction Temperature ; 100 °C ;
+---------------------------+--------+


+------------------------------------------------------------+
; Estimated Delay Added for Hold Timing Summary              ;
+-----------------+----------------------+-------------------+
; Source Clock(s) ; Destination Clock(s) ; Delay Added in ns ;
+-----------------+----------------------+-------------------+
; sys_clk         ; sys_clk              ; 159.0             ;
; sys_clk,I/O     ; sys_clk              ; 3.4               ;
+-----------------+----------------------+-------------------+
Note: For more information on problematic transfers, consider running the Fitter again with the Optimize hold timing option (Settings Menu) turned off.
This will disable optimization of problematic paths and expose them for further analysis using the Timing Analyzer.


+---------------------------------------------------------------------------------------------------------------------------------------------------------------------------------------------------------------------------------------------------------------------------------------------------------------------------------------------------------------------------------------------------------------------------------------------------------------------------------------------------------------------------------------+
; Estimated Delay Added for Hold Timing Details                                                                                                                                                                                                                                                                                                                                                                                                                                                                                         ;
+---------------------------------------------------------------------------------------------------------------------------------------------------------------------------------------------------------------------------------------------------------+---------------------------------------------------------------------------------------------------------------------------------------------------------------------------------------------------------------------------------------------------------+-------------------+
; Source Register                                                                                                                                                                                                                                         ; Destination Register                                                                                                                                                                                                                                    ; Delay Added in ns ;
+---------------------------------------------------------------------------------------------------------------------------------------------------------------------------------------------------------------------------------------------------------+---------------------------------------------------------------------------------------------------------------------------------------------------------------------------------------------------------------------------------------------------------+-------------------+
; scilab_adc2:u_system|scilab_adc2_hps_0:hps_0|scilab_adc2_hps_0_fpga_interfaces:fpga_interfaces|hps2fpga_light_weight~FF_1676                                                                                                                            ; scilab_adc2:u_system|scilab_adc2_mm_interconnect_0:mm_interconnect_0|altera_merlin_burst_adapter:adc_ltc2308_0_avalon_slave_0_burst_adapter|altera_merlin_burst_adapter_13_1:altera_merlin_burst_adapter_13_1.burst_adapter|in_data_reg[0]              ; 1.262             ;
; scilab_adc2:u_system|scilab_adc2_hps_0:hps_0|scilab_adc2_hps_0_fpga_interfaces:fpga_interfaces|hps2fpga_light_weight~FF_1673                                                                                                                            ; scilab_adc2:u_system|scilab_adc2_mm_interconnect_0:mm_interconnect_0|altera_merlin_burst_adapter:adc_ltc2308_0_avalon_slave_0_burst_adapter|altera_merlin_burst_adapter_13_1:altera_merlin_burst_adapter_13_1.burst_adapter|in_data_reg[3]              ; 1.240             ;
; scilab_adc2:u_system|scilab_adc2_hps_0:hps_0|scilab_adc2_hps_0_fpga_interfaces:fpga_interfaces|hps2fpga_light_weight~FF_1564                                                                                                                            ; scilab_adc2:u_system|scilab_adc2_mm_interconnect_0:mm_interconnect_0|altera_merlin_burst_adapter:adc_ltc2308_0_avalon_slave_0_burst_adapter|altera_merlin_burst_adapter_13_1:altera_merlin_burst_adapter_13_1.burst_adapter|in_data_reg[74]             ; 1.203             ;
; scilab_adc2:u_system|scilab_adc2_hps_0:hps_0|scilab_adc2_hps_0_fpga_interfaces:fpga_interfaces|hps2fpga_light_weight~FF_1651                                                                                                                            ; scilab_adc2:u_system|scilab_adc2_mm_interconnect_0:mm_interconnect_0|altera_merlin_burst_adapter:adc_ltc2308_0_avalon_slave_0_burst_adapter|altera_merlin_burst_adapter_13_1:altera_merlin_burst_adapter_13_1.burst_adapter|in_data_reg[9]              ; 1.199             ;
; scilab_adc2:u_system|scilab_adc2_hps_0:hps_0|scilab_adc2_hps_0_fpga_interfaces:fpga_interfaces|hps2fpga_light_weight~FF_1565                                                                                                                            ; scilab_adc2:u_system|scilab_adc2_mm_interconnect_0:mm_interconnect_0|altera_merlin_burst_adapter:adc_ltc2308_0_avalon_slave_0_burst_adapter|altera_merlin_burst_adapter_13_1:altera_merlin_burst_adapter_13_1.burst_adapter|in_data_reg[73]             ; 1.168             ;
; scilab_adc2:u_system|scilab_adc2_hps_0:hps_0|scilab_adc2_hps_0_fpga_interfaces:fpga_interfaces|hps2fpga_light_weight~FF_1692                                                                                                                            ; scilab_adc2:u_system|scilab_adc2_mm_interconnect_0:mm_interconnect_0|altera_merlin_burst_adapter:adc_ltc2308_0_avalon_slave_0_burst_adapter|altera_merlin_burst_adapter_13_1:altera_merlin_burst_adapter_13_1.burst_adapter|in_byteen_reg[0]            ; 1.038             ;
; scilab_adc2:u_system|scilab_adc2_hps_0:hps_0|scilab_adc2_hps_0_fpga_interfaces:fpga_interfaces|hps2fpga_light_weight~FF_1691                                                                                                                            ; scilab_adc2:u_system|scilab_adc2_mm_interconnect_0:mm_interconnect_0|altera_merlin_burst_adapter:adc_ltc2308_0_avalon_slave_0_burst_adapter|altera_merlin_burst_adapter_13_1:altera_merlin_burst_adapter_13_1.burst_adapter|in_byteen_reg[1]            ; 1.023             ;
; scilab_adc2:u_system|scilab_adc2_hps_0:hps_0|scilab_adc2_hps_0_fpga_interfaces:fpga_interfaces|hps2fpga_light_weight~FF_1655                                                                                                                            ; scilab_adc2:u_system|scilab_adc2_mm_interconnect_0:mm_interconnect_0|altera_merlin_burst_adapter:adc_ltc2308_0_avalon_slave_0_burst_adapter|altera_merlin_burst_adapter_13_1:altera_merlin_burst_adapter_13_1.burst_adapter|in_data_reg[5]              ; 1.006             ;
; scilab_adc2:u_system|scilab_adc2_hps_0:hps_0|scilab_adc2_hps_0_fpga_interfaces:fpga_interfaces|hps2fpga_light_weight~FF_1665                                                                                                                            ; scilab_adc2:u_system|scilab_adc2_mm_interconnect_0:mm_interconnect_0|altera_merlin_burst_adapter:adc_ltc2308_0_avalon_slave_0_burst_adapter|altera_merlin_burst_adapter_13_1:altera_merlin_burst_adapter_13_1.burst_adapter|in_data_reg[11]             ; 1.004             ;
; scilab_adc2:u_system|scilab_adc2_hps_0:hps_0|scilab_adc2_hps_0_fpga_interfaces:fpga_interfaces|hps2fpga_light_weight~FF_1668                                                                                                                            ; scilab_adc2:u_system|scilab_adc2_mm_interconnect_0:mm_interconnect_0|altera_merlin_burst_adapter:adc_ltc2308_0_avalon_slave_0_burst_adapter|altera_merlin_burst_adapter_13_1:altera_merlin_burst_adapter_13_1.burst_adapter|in_data_reg[8]              ; 1.004             ;
; scilab_adc2:u_system|scilab_adc2_hps_0:hps_0|scilab_adc2_hps_0_fpga_interfaces:fpga_interfaces|hps2fpga_light_weight~FF_1669                                                                                                                            ; scilab_adc2:u_system|scilab_adc2_mm_interconnect_0:mm_interconnect_0|altera_merlin_burst_adapter:adc_ltc2308_0_avalon_slave_0_burst_adapter|altera_merlin_burst_adapter_13_1:altera_merlin_burst_adapter_13_1.burst_adapter|in_data_reg[7]              ; 1.004             ;
; scilab_adc2:u_system|scilab_adc2_hps_0:hps_0|scilab_adc2_hps_0_fpga_interfaces:fpga_interfaces|hps2fpga_light_weight~FF_1667                                                                                                                            ; scilab_adc2:u_system|scilab_adc2_mm_interconnect_0:mm_interconnect_0|altera_merlin_burst_adapter:adc_ltc2308_0_avalon_slave_0_burst_adapter|altera_merlin_burst_adapter_13_1:altera_merlin_burst_adapter_13_1.burst_adapter|in_data_reg[9]              ; 0.998             ;
; scilab_adc2:u_system|scilab_adc2_hps_0:hps_0|scilab_adc2_hps_0_fpga_interfaces:fpga_interfaces|hps2fpga_light_weight~FF_1666                                                                                                                            ; scilab_adc2:u_system|scilab_adc2_mm_interconnect_0:mm_interconnect_0|altera_merlin_burst_adapter:adc_ltc2308_0_avalon_slave_0_burst_adapter|altera_merlin_burst_adapter_13_1:altera_merlin_burst_adapter_13_1.burst_adapter|in_data_reg[10]             ; 0.997             ;
; scilab_adc2:u_system|scilab_adc2_hps_0:hps_0|scilab_adc2_hps_0_fpga_interfaces:fpga_interfaces|hps2fpga_light_weight~FF_1560                                                                                                                            ; scilab_adc2:u_system|scilab_adc2_mm_interconnect_0:mm_interconnect_0|altera_merlin_burst_adapter:adc_ltc2308_0_avalon_slave_0_burst_adapter|altera_merlin_burst_adapter_13_1:altera_merlin_burst_adapter_13_1.burst_adapter|in_data_reg[78]             ; 0.994             ;
; scilab_adc2:u_system|scilab_adc2_hps_0:hps_0|scilab_adc2_hps_0_fpga_interfaces:fpga_interfaces|hps2fpga_light_weight~FF_1674                                                                                                                            ; scilab_adc2:u_system|scilab_adc2_mm_interconnect_0:mm_interconnect_0|altera_merlin_burst_adapter:adc_ltc2308_0_avalon_slave_0_burst_adapter|altera_merlin_burst_adapter_13_1:altera_merlin_burst_adapter_13_1.burst_adapter|in_data_reg[2]              ; 0.993             ;
; scilab_adc2:u_system|scilab_adc2_hps_0:hps_0|scilab_adc2_hps_0_fpga_interfaces:fpga_interfaces|hps2fpga_light_weight~FF_1670                                                                                                                            ; scilab_adc2:u_system|scilab_adc2_mm_interconnect_0:mm_interconnect_0|altera_merlin_burst_adapter:adc_ltc2308_0_avalon_slave_0_burst_adapter|altera_merlin_burst_adapter_13_1:altera_merlin_burst_adapter_13_1.burst_adapter|in_data_reg[6]              ; 0.983             ;
; scilab_adc2:u_system|scilab_adc2_hps_0:hps_0|scilab_adc2_hps_0_fpga_interfaces:fpga_interfaces|hps2fpga_light_weight~FF_1672                                                                                                                            ; scilab_adc2:u_system|scilab_adc2_mm_interconnect_0:mm_interconnect_0|altera_merlin_burst_adapter:adc_ltc2308_0_avalon_slave_0_burst_adapter|altera_merlin_burst_adapter_13_1:altera_merlin_burst_adapter_13_1.burst_adapter|in_data_reg[4]              ; 0.978             ;
; scilab_adc2:u_system|scilab_adc2_hps_0:hps_0|scilab_adc2_hps_0_fpga_interfaces:fpga_interfaces|hps2fpga_light_weight~FF_1690                                                                                                                            ; scilab_adc2:u_system|scilab_adc2_mm_interconnect_0:mm_interconnect_0|altera_merlin_burst_adapter:adc_ltc2308_0_avalon_slave_0_burst_adapter|altera_merlin_burst_adapter_13_1:altera_merlin_burst_adapter_13_1.burst_adapter|in_byteen_reg[0]            ; 0.977             ;
; scilab_adc2:u_system|scilab_adc2_hps_0:hps_0|scilab_adc2_hps_0_fpga_interfaces:fpga_interfaces|hps2fpga_light_weight~FF_1649                                                                                                                            ; scilab_adc2:u_system|scilab_adc2_mm_interconnect_0:mm_interconnect_0|altera_merlin_burst_adapter:adc_ltc2308_0_avalon_slave_0_burst_adapter|altera_merlin_burst_adapter_13_1:altera_merlin_burst_adapter_13_1.burst_adapter|in_data_reg[11]             ; 0.976             ;
; scilab_adc2:u_system|scilab_adc2_hps_0:hps_0|scilab_adc2_hps_0_fpga_interfaces:fpga_interfaces|hps2fpga_light_weight~FF_1567                                                                                                                            ; scilab_adc2:u_system|scilab_adc2_mm_interconnect_0:mm_interconnect_0|altera_merlin_burst_adapter:adc_ltc2308_0_avalon_slave_0_burst_adapter|altera_merlin_burst_adapter_13_1:altera_merlin_burst_adapter_13_1.burst_adapter|in_data_reg[71]             ; 0.975             ;
; scilab_adc2:u_system|scilab_adc2_hps_0:hps_0|scilab_adc2_hps_0_fpga_interfaces:fpga_interfaces|hps2fpga_light_weight~FF_1557                                                                                                                            ; scilab_adc2:u_system|scilab_adc2_mm_interconnect_0:mm_interconnect_0|altera_merlin_burst_adapter:adc_ltc2308_0_avalon_slave_0_burst_adapter|altera_merlin_burst_adapter_13_1:altera_merlin_burst_adapter_13_1.burst_adapter|in_data_reg[81]             ; 0.972             ;
; scilab_adc2:u_system|scilab_adc2_hps_0:hps_0|scilab_adc2_hps_0_fpga_interfaces:fpga_interfaces|hps2fpga_light_weight~FF_1659                                                                                                                            ; scilab_adc2:u_system|scilab_adc2_mm_interconnect_0:mm_interconnect_0|altera_merlin_burst_adapter:adc_ltc2308_0_avalon_slave_0_burst_adapter|altera_merlin_burst_adapter_13_1:altera_merlin_burst_adapter_13_1.burst_adapter|in_data_reg[1]              ; 0.972             ;
; scilab_adc2:u_system|scilab_adc2_hps_0:hps_0|scilab_adc2_hps_0_fpga_interfaces:fpga_interfaces|hps2fpga_light_weight~FF_1654                                                                                                                            ; scilab_adc2:u_system|scilab_adc2_mm_interconnect_0:mm_interconnect_0|altera_merlin_burst_adapter:adc_ltc2308_0_avalon_slave_0_burst_adapter|altera_merlin_burst_adapter_13_1:altera_merlin_burst_adapter_13_1.burst_adapter|in_data_reg[6]              ; 0.967             ;
; scilab_adc2:u_system|scilab_adc2_hps_0:hps_0|scilab_adc2_hps_0_fpga_interfaces:fpga_interfaces|hps2fpga_light_weight~FF_1671                                                                                                                            ; scilab_adc2:u_system|scilab_adc2_mm_interconnect_0:mm_interconnect_0|altera_merlin_burst_adapter:adc_ltc2308_0_avalon_slave_0_burst_adapter|altera_merlin_burst_adapter_13_1:altera_merlin_burst_adapter_13_1.burst_adapter|in_data_reg[5]              ; 0.965             ;
; scilab_adc2:u_system|scilab_adc2_hps_0:hps_0|scilab_adc2_hps_0_fpga_interfaces:fpga_interfaces|hps2fpga_light_weight~FF_1657                                                                                                                            ; scilab_adc2:u_system|scilab_adc2_mm_interconnect_0:mm_interconnect_0|altera_merlin_burst_adapter:adc_ltc2308_0_avalon_slave_0_burst_adapter|altera_merlin_burst_adapter_13_1:altera_merlin_burst_adapter_13_1.burst_adapter|in_data_reg[3]              ; 0.959             ;
; scilab_adc2:u_system|scilab_adc2_hps_0:hps_0|scilab_adc2_hps_0_fpga_interfaces:fpga_interfaces|hps2fpga_light_weight~FF_1660                                                                                                                            ; scilab_adc2:u_system|scilab_adc2_mm_interconnect_0:mm_interconnect_0|altera_merlin_burst_adapter:adc_ltc2308_0_avalon_slave_0_burst_adapter|altera_merlin_burst_adapter_13_1:altera_merlin_burst_adapter_13_1.burst_adapter|in_data_reg[0]              ; 0.959             ;
; scilab_adc2:u_system|scilab_adc2_hps_0:hps_0|scilab_adc2_hps_0_fpga_interfaces:fpga_interfaces|hps2fpga_light_weight~FF_1562                                                                                                                            ; scilab_adc2:u_system|scilab_adc2_mm_interconnect_0:mm_interconnect_0|altera_merlin_burst_adapter:adc_ltc2308_0_avalon_slave_0_burst_adapter|altera_merlin_burst_adapter_13_1:altera_merlin_burst_adapter_13_1.burst_adapter|in_data_reg[76]             ; 0.959             ;
; scilab_adc2:u_system|scilab_adc2_hps_0:hps_0|scilab_adc2_hps_0_fpga_interfaces:fpga_interfaces|hps2fpga_light_weight~FF_1653                                                                                                                            ; scilab_adc2:u_system|scilab_adc2_mm_interconnect_0:mm_interconnect_0|altera_merlin_burst_adapter:adc_ltc2308_0_avalon_slave_0_burst_adapter|altera_merlin_burst_adapter_13_1:altera_merlin_burst_adapter_13_1.burst_adapter|in_data_reg[7]              ; 0.955             ;
; scilab_adc2:u_system|scilab_adc2_hps_0:hps_0|scilab_adc2_hps_0_fpga_interfaces:fpga_interfaces|hps2fpga_light_weight~FF_1658                                                                                                                            ; scilab_adc2:u_system|scilab_adc2_mm_interconnect_0:mm_interconnect_0|altera_merlin_burst_adapter:adc_ltc2308_0_avalon_slave_0_burst_adapter|altera_merlin_burst_adapter_13_1:altera_merlin_burst_adapter_13_1.burst_adapter|in_data_reg[2]              ; 0.955             ;
; scilab_adc2:u_system|scilab_adc2_hps_0:hps_0|scilab_adc2_hps_0_fpga_interfaces:fpga_interfaces|hps2fpga_light_weight~FF_1566                                                                                                                            ; scilab_adc2:u_system|scilab_adc2_mm_interconnect_0:mm_interconnect_0|altera_merlin_burst_adapter:adc_ltc2308_0_avalon_slave_0_burst_adapter|altera_merlin_burst_adapter_13_1:altera_merlin_burst_adapter_13_1.burst_adapter|in_data_reg[72]             ; 0.954             ;
; scilab_adc2:u_system|scilab_adc2_hps_0:hps_0|scilab_adc2_hps_0_fpga_interfaces:fpga_interfaces|hps2fpga_light_weight~FF_1675                                                                                                                            ; scilab_adc2:u_system|scilab_adc2_mm_interconnect_0:mm_interconnect_0|altera_merlin_burst_adapter:adc_ltc2308_0_avalon_slave_0_burst_adapter|altera_merlin_burst_adapter_13_1:altera_merlin_burst_adapter_13_1.burst_adapter|in_data_reg[1]              ; 0.954             ;
; scilab_adc2:u_system|scilab_adc2_hps_0:hps_0|scilab_adc2_hps_0_fpga_interfaces:fpga_interfaces|hps2fpga_light_weight~FF_1652                                                                                                                            ; scilab_adc2:u_system|scilab_adc2_mm_interconnect_0:mm_interconnect_0|altera_merlin_burst_adapter:adc_ltc2308_0_avalon_slave_0_burst_adapter|altera_merlin_burst_adapter_13_1:altera_merlin_burst_adapter_13_1.burst_adapter|in_data_reg[8]              ; 0.953             ;
; scilab_adc2:u_system|scilab_adc2_hps_0:hps_0|scilab_adc2_hps_0_fpga_interfaces:fpga_interfaces|hps2fpga_light_weight~FF_1568                                                                                                                            ; scilab_adc2:u_system|scilab_adc2_mm_interconnect_0:mm_interconnect_0|altera_merlin_burst_adapter:adc_ltc2308_0_avalon_slave_0_burst_adapter|altera_merlin_burst_adapter_13_1:altera_merlin_burst_adapter_13_1.burst_adapter|in_data_reg[70]             ; 0.950             ;
; scilab_adc2:u_system|scilab_adc2_hps_0:hps_0|scilab_adc2_hps_0_fpga_interfaces:fpga_interfaces|hps2fpga_light_weight~FF_1558                                                                                                                            ; scilab_adc2:u_system|scilab_adc2_mm_interconnect_0:mm_interconnect_0|altera_merlin_burst_adapter:adc_ltc2308_0_avalon_slave_0_burst_adapter|altera_merlin_burst_adapter_13_1:altera_merlin_burst_adapter_13_1.burst_adapter|in_data_reg[80]             ; 0.950             ;
; scilab_adc2:u_system|scilab_adc2_hps_0:hps_0|scilab_adc2_hps_0_fpga_interfaces:fpga_interfaces|hps2fpga_light_weight~FF_1563                                                                                                                            ; scilab_adc2:u_system|scilab_adc2_mm_interconnect_0:mm_interconnect_0|altera_merlin_burst_adapter:adc_ltc2308_0_avalon_slave_0_burst_adapter|altera_merlin_burst_adapter_13_1:altera_merlin_burst_adapter_13_1.burst_adapter|in_data_reg[75]             ; 0.948             ;
; scilab_adc2:u_system|scilab_adc2_hps_0:hps_0|scilab_adc2_hps_0_fpga_interfaces:fpga_interfaces|hps2fpga_light_weight~FF_1689                                                                                                                            ; scilab_adc2:u_system|scilab_adc2_mm_interconnect_0:mm_interconnect_0|altera_merlin_burst_adapter:adc_ltc2308_0_avalon_slave_0_burst_adapter|altera_merlin_burst_adapter_13_1:altera_merlin_burst_adapter_13_1.burst_adapter|in_byteen_reg[1]            ; 0.948             ;
; scilab_adc2:u_system|scilab_adc2_hps_0:hps_0|scilab_adc2_hps_0_fpga_interfaces:fpga_interfaces|hps2fpga_light_weight~FF_1561                                                                                                                            ; scilab_adc2:u_system|scilab_adc2_mm_interconnect_0:mm_interconnect_0|altera_merlin_burst_adapter:adc_ltc2308_0_avalon_slave_0_burst_adapter|altera_merlin_burst_adapter_13_1:altera_merlin_burst_adapter_13_1.burst_adapter|in_data_reg[77]             ; 0.947             ;
; scilab_adc2:u_system|scilab_adc2_hps_0:hps_0|scilab_adc2_hps_0_fpga_interfaces:fpga_interfaces|hps2fpga_light_weight~FF_1656                                                                                                                            ; scilab_adc2:u_system|scilab_adc2_mm_interconnect_0:mm_interconnect_0|altera_merlin_burst_adapter:adc_ltc2308_0_avalon_slave_0_burst_adapter|altera_merlin_burst_adapter_13_1:altera_merlin_burst_adapter_13_1.burst_adapter|in_data_reg[4]              ; 0.941             ;
; scilab_adc2:u_system|scilab_adc2_hps_0:hps_0|scilab_adc2_hps_0_fpga_interfaces:fpga_interfaces|hps2fpga_light_weight~FF_1650                                                                                                                            ; scilab_adc2:u_system|scilab_adc2_mm_interconnect_0:mm_interconnect_0|altera_merlin_burst_adapter:adc_ltc2308_0_avalon_slave_0_burst_adapter|altera_merlin_burst_adapter_13_1:altera_merlin_burst_adapter_13_1.burst_adapter|in_data_reg[10]             ; 0.933             ;
; scilab_adc2:u_system|scilab_adc2_hps_0:hps_0|scilab_adc2_hps_0_fpga_interfaces:fpga_interfaces|hps2fpga_light_weight~FF_1559                                                                                                                            ; scilab_adc2:u_system|scilab_adc2_mm_interconnect_0:mm_interconnect_0|altera_merlin_burst_adapter:adc_ltc2308_0_avalon_slave_0_burst_adapter|altera_merlin_burst_adapter_13_1:altera_merlin_burst_adapter_13_1.burst_adapter|in_data_reg[79]             ; 0.824             ;
; scilab_adc2:u_system|scilab_adc2_hps_0:hps_0|scilab_adc2_hps_0_fpga_interfaces:fpga_interfaces|hps2fpga_light_weight~FF_1513                                                                                                                            ; scilab_adc2:u_system|scilab_adc2_mm_interconnect_0:mm_interconnect_0|altera_merlin_burst_adapter:adc_ltc2308_0_avalon_slave_0_burst_adapter|altera_merlin_burst_adapter_13_1:altera_merlin_burst_adapter_13_1.burst_adapter|in_data_reg[78]             ; 0.781             ;
; scilab_adc2:u_system|scilab_adc2_hps_0:hps_0|scilab_adc2_hps_0_fpga_interfaces:fpga_interfaces|hps2fpga_light_weight~FF_1515                                                                                                                            ; scilab_adc2:u_system|scilab_adc2_mm_interconnect_0:mm_interconnect_0|altera_merlin_burst_adapter:adc_ltc2308_0_avalon_slave_0_burst_adapter|altera_merlin_burst_adapter_13_1:altera_merlin_burst_adapter_13_1.burst_adapter|in_data_reg[76]             ; 0.770             ;
; scilab_adc2:u_system|scilab_adc2_mm_interconnect_0:mm_interconnect_0|altera_avalon_sc_fifo:adc_ltc2308_0_avalon_slave_0_agent_rsp_fifo|mem_used[0]                                                                                                      ; scilab_adc2:u_system|scilab_adc2_hps_0:hps_0|scilab_adc2_hps_0_fpga_interfaces:fpga_interfaces|hps2fpga_light_weight~FF_1611                                                                                                                            ; 0.764             ;
; scilab_adc2:u_system|scilab_adc2_hps_0:hps_0|scilab_adc2_hps_0_fpga_interfaces:fpga_interfaces|hps2fpga_light_weight~FF_1519                                                                                                                            ; scilab_adc2:u_system|scilab_adc2_mm_interconnect_0:mm_interconnect_0|altera_merlin_burst_adapter:adc_ltc2308_0_avalon_slave_0_burst_adapter|altera_merlin_burst_adapter_13_1:altera_merlin_burst_adapter_13_1.burst_adapter|in_data_reg[72]             ; 0.755             ;
; scilab_adc2:u_system|scilab_adc2_hps_0:hps_0|scilab_adc2_hps_0_fpga_interfaces:fpga_interfaces|hps2fpga_light_weight~FF_1521                                                                                                                            ; scilab_adc2:u_system|scilab_adc2_mm_interconnect_0:mm_interconnect_0|altera_merlin_burst_adapter:adc_ltc2308_0_avalon_slave_0_burst_adapter|altera_merlin_burst_adapter_13_1:altera_merlin_burst_adapter_13_1.burst_adapter|in_data_reg[70]             ; 0.731             ;
; scilab_adc2:u_system|scilab_adc2_hps_0:hps_0|scilab_adc2_hps_0_fpga_interfaces:fpga_interfaces|hps2fpga_light_weight~FF_1510                                                                                                                            ; scilab_adc2:u_system|scilab_adc2_mm_interconnect_0:mm_interconnect_0|altera_merlin_burst_adapter:adc_ltc2308_0_avalon_slave_0_burst_adapter|altera_merlin_burst_adapter_13_1:altera_merlin_burst_adapter_13_1.burst_adapter|in_data_reg[81]             ; 0.721             ;
; scilab_adc2:u_system|scilab_adc2_mm_interconnect_0:mm_interconnect_0|altera_merlin_slave_agent:adc_ltc2308_0_avalon_slave_0_agent|altera_merlin_burst_uncompressor:uncompressor|burst_uncompress_address_base[1]                                        ; scilab_adc2:u_system|scilab_adc2_hps_0:hps_0|scilab_adc2_hps_0_fpga_interfaces:fpga_interfaces|hps2fpga_light_weight~FF_1611                                                                                                                            ; 0.717             ;
; scilab_adc2:u_system|scilab_adc2_mm_interconnect_0:mm_interconnect_0|altera_avalon_sc_fifo:adc_ltc2308_0_avalon_slave_0_agent_rsp_fifo|mem[0][94]                                                                                                       ; scilab_adc2:u_system|scilab_adc2_hps_0:hps_0|scilab_adc2_hps_0_fpga_interfaces:fpga_interfaces|hps2fpga_light_weight~FF_1611                                                                                                                            ; 0.681             ;
; scilab_adc2:u_system|scilab_adc2_mm_interconnect_0:mm_interconnect_0|scilab_adc2_mm_interconnect_0_cmd_mux:cmd_mux|saved_grant[0]                                                                                                                       ; scilab_adc2:u_system|scilab_adc2_mm_interconnect_0:mm_interconnect_0|altera_merlin_burst_adapter:adc_ltc2308_0_avalon_slave_0_burst_adapter|altera_merlin_burst_adapter_13_1:altera_merlin_burst_adapter_13_1.burst_adapter|in_eop_reg                  ; 0.669             ;
; scilab_adc2:u_system|scilab_adc2_hps_0:hps_0|scilab_adc2_hps_0_fpga_interfaces:fpga_interfaces|hps2fpga_light_weight~FF_1511                                                                                                                            ; scilab_adc2:u_system|scilab_adc2_mm_interconnect_0:mm_interconnect_0|altera_merlin_burst_adapter:adc_ltc2308_0_avalon_slave_0_burst_adapter|altera_merlin_burst_adapter_13_1:altera_merlin_burst_adapter_13_1.burst_adapter|in_data_reg[80]             ; 0.594             ;
; scilab_adc2:u_system|scilab_adc2_mm_interconnect_0:mm_interconnect_0|altera_merlin_width_adapter:adc_ltc2308_0_avalon_slave_0_cmd_width_adapter|byte_cnt_reg[1]                                                                                         ; scilab_adc2:u_system|scilab_adc2_mm_interconnect_0:mm_interconnect_0|altera_merlin_burst_adapter:adc_ltc2308_0_avalon_slave_0_burst_adapter|altera_merlin_burst_adapter_13_1:altera_merlin_burst_adapter_13_1.burst_adapter|new_burst_reg               ; 0.592             ;
; scilab_adc2:u_system|adc_ltc2308_fifo:adc_ltc2308_0|measure_count[1]                                                                                                                                                                                    ; scilab_adc2:u_system|adc_ltc2308_fifo:adc_ltc2308_0|measure_count[9]                                                                                                                                                                                    ; 0.586             ;
; scilab_adc2:u_system|scilab_adc2_hps_0:hps_0|scilab_adc2_hps_0_fpga_interfaces:fpga_interfaces|hps2fpga_light_weight~FF_1514                                                                                                                            ; scilab_adc2:u_system|scilab_adc2_mm_interconnect_0:mm_interconnect_0|altera_merlin_burst_adapter:adc_ltc2308_0_avalon_slave_0_burst_adapter|altera_merlin_burst_adapter_13_1:altera_merlin_burst_adapter_13_1.burst_adapter|in_data_reg[77]             ; 0.582             ;
; scilab_adc2:u_system|scilab_adc2_hps_0:hps_0|scilab_adc2_hps_0_fpga_interfaces:fpga_interfaces|hps2fpga_light_weight~FF_1517                                                                                                                            ; scilab_adc2:u_system|scilab_adc2_mm_interconnect_0:mm_interconnect_0|altera_merlin_burst_adapter:adc_ltc2308_0_avalon_slave_0_burst_adapter|altera_merlin_burst_adapter_13_1:altera_merlin_burst_adapter_13_1.burst_adapter|in_data_reg[74]             ; 0.563             ;
; scilab_adc2:u_system|scilab_adc2_mm_interconnect_0:mm_interconnect_0|altera_merlin_width_adapter:adc_ltc2308_0_avalon_slave_0_cmd_width_adapter|use_reg                                                                                                 ; scilab_adc2:u_system|scilab_adc2_mm_interconnect_0:mm_interconnect_0|altera_merlin_burst_adapter:adc_ltc2308_0_avalon_slave_0_burst_adapter|altera_merlin_burst_adapter_13_1:altera_merlin_burst_adapter_13_1.burst_adapter|new_burst_reg               ; 0.561             ;
; scilab_adc2:u_system|scilab_adc2_hps_0:hps_0|scilab_adc2_hps_0_fpga_interfaces:fpga_interfaces|hps2fpga_light_weight~FF_1520                                                                                                                            ; scilab_adc2:u_system|scilab_adc2_mm_interconnect_0:mm_interconnect_0|altera_merlin_burst_adapter:adc_ltc2308_0_avalon_slave_0_burst_adapter|altera_merlin_burst_adapter_13_1:altera_merlin_burst_adapter_13_1.burst_adapter|in_data_reg[71]             ; 0.560             ;
; scilab_adc2:u_system|adc_ltc2308_fifo:adc_ltc2308_0|adc_ltc2308:adc_ltc2308_inst|tick[1]                                                                                                                                                                ; scilab_adc2:u_system|adc_ltc2308_fifo:adc_ltc2308_0|adc_ltc2308:adc_ltc2308_inst|tick[15]                                                                                                                                                               ; 0.555             ;
; scilab_adc2:u_system|scilab_adc2_hps_0:hps_0|scilab_adc2_hps_0_fpga_interfaces:fpga_interfaces|hps2fpga_light_weight~FF_1516                                                                                                                            ; scilab_adc2:u_system|scilab_adc2_mm_interconnect_0:mm_interconnect_0|altera_merlin_burst_adapter:adc_ltc2308_0_avalon_slave_0_burst_adapter|altera_merlin_burst_adapter_13_1:altera_merlin_burst_adapter_13_1.burst_adapter|in_data_reg[75]             ; 0.546             ;
; scilab_adc2:u_system|scilab_adc2_mm_interconnect_0:mm_interconnect_0|altera_merlin_burst_adapter:adc_ltc2308_0_avalon_slave_0_burst_adapter|altera_merlin_burst_adapter_13_1:altera_merlin_burst_adapter_13_1.burst_adapter|int_byte_cnt_narrow_reg[1]  ; scilab_adc2:u_system|scilab_adc2_mm_interconnect_0:mm_interconnect_0|altera_merlin_burst_adapter:adc_ltc2308_0_avalon_slave_0_burst_adapter|altera_merlin_burst_adapter_13_1:altera_merlin_burst_adapter_13_1.burst_adapter|int_nxt_addr_reg_dly[1]     ; 0.500             ;
; scilab_adc2:u_system|scilab_adc2_mm_interconnect_0:mm_interconnect_0|altera_merlin_burst_adapter:adc_ltc2308_0_avalon_slave_0_burst_adapter|altera_merlin_burst_adapter_13_1:altera_merlin_burst_adapter_13_1.burst_adapter|int_nxt_addr_reg_dly[1]     ; scilab_adc2:u_system|scilab_adc2_mm_interconnect_0:mm_interconnect_0|altera_merlin_burst_adapter:adc_ltc2308_0_avalon_slave_0_burst_adapter|altera_merlin_burst_adapter_13_1:altera_merlin_burst_adapter_13_1.burst_adapter|int_nxt_addr_reg_dly[1]     ; 0.500             ;
; scilab_adc2:u_system|scilab_adc2_mm_interconnect_0:mm_interconnect_0|altera_merlin_burst_adapter:adc_ltc2308_0_avalon_slave_0_burst_adapter|altera_merlin_burst_adapter_13_1:altera_merlin_burst_adapter_13_1.burst_adapter|int_nxt_addr_reg_dly[0]     ; scilab_adc2:u_system|scilab_adc2_mm_interconnect_0:mm_interconnect_0|altera_merlin_burst_adapter:adc_ltc2308_0_avalon_slave_0_burst_adapter|altera_merlin_burst_adapter_13_1:altera_merlin_burst_adapter_13_1.burst_adapter|int_nxt_addr_reg_dly[1]     ; 0.500             ;
; scilab_adc2:u_system|scilab_adc2_mm_interconnect_0:mm_interconnect_0|altera_merlin_burst_adapter:adc_ltc2308_0_avalon_slave_0_burst_adapter|altera_merlin_burst_adapter_13_1:altera_merlin_burst_adapter_13_1.burst_adapter|int_byte_cnt_narrow_reg[0]  ; scilab_adc2:u_system|scilab_adc2_mm_interconnect_0:mm_interconnect_0|altera_merlin_burst_adapter:adc_ltc2308_0_avalon_slave_0_burst_adapter|altera_merlin_burst_adapter_13_1:altera_merlin_burst_adapter_13_1.burst_adapter|int_nxt_addr_reg_dly[1]     ; 0.500             ;
; scilab_adc2:u_system|scilab_adc2_mm_interconnect_0:mm_interconnect_0|altera_merlin_burst_adapter:adc_ltc2308_0_avalon_slave_0_burst_adapter|altera_merlin_burst_adapter_13_1:altera_merlin_burst_adapter_13_1.burst_adapter|state.ST_COMP_TRANS         ; scilab_adc2:u_system|scilab_adc2_mm_interconnect_0:mm_interconnect_0|altera_avalon_sc_fifo:adc_ltc2308_0_avalon_slave_0_agent_rsp_fifo|mem_used[1]                                                                                                      ; 0.500             ;
; scilab_adc2:u_system|adc_ltc2308_fifo:adc_ltc2308_0|adc_data_fifo:adc_data_fifo_inst|dcfifo:dcfifo_component|dcfifo_s7q1:auto_generated|a_graycounter_pv6:rdptr_g1p|counter5a4                                                                          ; scilab_adc2:u_system|adc_ltc2308_fifo:adc_ltc2308_0|adc_data_fifo:adc_data_fifo_inst|dcfifo:dcfifo_component|dcfifo_s7q1:auto_generated|altsyncram_91b1:fifo_ram|ram_block11a0~portb_address_reg0                                                       ; 0.487             ;
; scilab_adc2:u_system|adc_ltc2308_fifo:adc_ltc2308_0|adc_data_fifo:adc_data_fifo_inst|dcfifo:dcfifo_component|dcfifo_s7q1:auto_generated|a_graycounter_pv6:rdptr_g1p|counter5a8                                                                          ; scilab_adc2:u_system|adc_ltc2308_fifo:adc_ltc2308_0|adc_data_fifo:adc_data_fifo_inst|dcfifo:dcfifo_component|dcfifo_s7q1:auto_generated|altsyncram_91b1:fifo_ram|ram_block11a0~portb_address_reg0                                                       ; 0.487             ;
; scilab_adc2:u_system|adc_ltc2308_fifo:adc_ltc2308_0|adc_data_fifo:adc_data_fifo_inst|dcfifo:dcfifo_component|dcfifo_s7q1:auto_generated|a_graycounter_ldc:wrptr_g1p|counter8a9                                                                          ; scilab_adc2:u_system|adc_ltc2308_fifo:adc_ltc2308_0|adc_data_fifo:adc_data_fifo_inst|dcfifo:dcfifo_component|dcfifo_s7q1:auto_generated|a_graycounter_ldc:wrptr_g1p|sub_parity10a[1]                                                                    ; 0.462             ;
; scilab_adc2:u_system|adc_ltc2308_fifo:adc_ltc2308_0|adc_data_fifo:adc_data_fifo_inst|dcfifo:dcfifo_component|dcfifo_s7q1:auto_generated|a_graycounter_ldc:wrptr_g1p|counter8a3                                                                          ; scilab_adc2:u_system|adc_ltc2308_fifo:adc_ltc2308_0|adc_data_fifo:adc_data_fifo_inst|dcfifo:dcfifo_component|dcfifo_s7q1:auto_generated|a_graycounter_ldc:wrptr_g1p|sub_parity10a[0]                                                                    ; 0.462             ;
; scilab_adc2:u_system|scilab_adc2_mm_interconnect_0:mm_interconnect_0|altera_avalon_sc_fifo:adc_ltc2308_0_avalon_slave_0_agent_rsp_fifo|mem[0][46]                                                                                                       ; scilab_adc2:u_system|scilab_adc2_mm_interconnect_0:mm_interconnect_0|altera_merlin_slave_agent:adc_ltc2308_0_avalon_slave_0_agent|altera_merlin_burst_uncompressor:uncompressor|burst_uncompress_byte_counter[2]                                        ; 0.461             ;
; scilab_adc2:u_system|scilab_adc2_mm_interconnect_0:mm_interconnect_0|altera_avalon_sc_fifo:adc_ltc2308_0_avalon_slave_0_agent_rsp_fifo|mem[0][47]                                                                                                       ; scilab_adc2:u_system|scilab_adc2_mm_interconnect_0:mm_interconnect_0|altera_merlin_slave_agent:adc_ltc2308_0_avalon_slave_0_agent|altera_merlin_burst_uncompressor:uncompressor|burst_uncompress_byte_counter[2]                                        ; 0.460             ;
; scilab_adc2:u_system|scilab_adc2_mm_interconnect_0:mm_interconnect_0|scilab_adc2_mm_interconnect_0_cmd_mux:cmd_mux|altera_merlin_arbitrator:arb|top_priority_reg[1]                                                                                     ; scilab_adc2:u_system|scilab_adc2_mm_interconnect_0:mm_interconnect_0|scilab_adc2_mm_interconnect_0_cmd_mux:cmd_mux|altera_merlin_arbitrator:arb|top_priority_reg[0]                                                                                     ; 0.459             ;
; scilab_adc2:u_system|adc_ltc2308_fifo:adc_ltc2308_0|adc_data_fifo:adc_data_fifo_inst|dcfifo:dcfifo_component|dcfifo_s7q1:auto_generated|a_graycounter_ldc:wrptr_g1p|counter8a8                                                                          ; scilab_adc2:u_system|adc_ltc2308_fifo:adc_ltc2308_0|adc_data_fifo:adc_data_fifo_inst|dcfifo:dcfifo_component|dcfifo_s7q1:auto_generated|a_graycounter_ldc:wrptr_g1p|sub_parity10a[1]                                                                    ; 0.458             ;
; scilab_adc2:u_system|adc_ltc2308_fifo:adc_ltc2308_0|adc_data_fifo:adc_data_fifo_inst|dcfifo:dcfifo_component|dcfifo_s7q1:auto_generated|a_graycounter_ldc:wrptr_g1p|counter8a1                                                                          ; scilab_adc2:u_system|adc_ltc2308_fifo:adc_ltc2308_0|adc_data_fifo:adc_data_fifo_inst|dcfifo:dcfifo_component|dcfifo_s7q1:auto_generated|a_graycounter_ldc:wrptr_g1p|counter8a3                                                                          ; 0.457             ;
; scilab_adc2:u_system|scilab_adc2_mm_interconnect_0:mm_interconnect_0|altera_merlin_burst_adapter:adc_ltc2308_0_avalon_slave_0_burst_adapter|altera_merlin_burst_adapter_13_1:altera_merlin_burst_adapter_13_1.burst_adapter|out_burstwrap_reg[1]        ; scilab_adc2:u_system|scilab_adc2_mm_interconnect_0:mm_interconnect_0|altera_avalon_sc_fifo:adc_ltc2308_0_avalon_slave_0_agent_rsp_fifo|mem[1][53]                                                                                                       ; 0.457             ;
; scilab_adc2:u_system|scilab_adc2_mm_interconnect_0:mm_interconnect_0|altera_merlin_slave_agent:adc_ltc2308_0_avalon_slave_0_agent|altera_merlin_burst_uncompressor:uncompressor|burst_uncompress_byte_counter[6]                                        ; scilab_adc2:u_system|scilab_adc2_mm_interconnect_0:mm_interconnect_0|altera_merlin_slave_agent:adc_ltc2308_0_avalon_slave_0_agent|altera_merlin_burst_uncompressor:uncompressor|burst_uncompress_byte_counter[7]                                        ; 0.454             ;
; scilab_adc2:u_system|scilab_adc2_mm_interconnect_0:mm_interconnect_0|altera_merlin_burst_adapter:adc_ltc2308_0_avalon_slave_0_burst_adapter|altera_merlin_burst_adapter_13_1:altera_merlin_burst_adapter_13_1.burst_adapter|state.ST_UNCOMP_TRANS       ; scilab_adc2:u_system|scilab_adc2_mm_interconnect_0:mm_interconnect_0|altera_merlin_burst_adapter:adc_ltc2308_0_avalon_slave_0_burst_adapter|altera_merlin_burst_adapter_13_1:altera_merlin_burst_adapter_13_1.burst_adapter|state.ST_UNCOMP_WR_SUBBURST ; 0.454             ;
; scilab_adc2:u_system|adc_ltc2308_fifo:adc_ltc2308_0|adc_data_fifo:adc_data_fifo_inst|dcfifo:dcfifo_component|dcfifo_s7q1:auto_generated|a_graycounter_pv6:rdptr_g1p|counter5a3                                                                          ; scilab_adc2:u_system|adc_ltc2308_fifo:adc_ltc2308_0|adc_data_fifo:adc_data_fifo_inst|dcfifo:dcfifo_component|dcfifo_s7q1:auto_generated|a_graycounter_pv6:rdptr_g1p|sub_parity7a[0]                                                                     ; 0.454             ;
; scilab_adc2:u_system|scilab_adc2_mm_interconnect_0:mm_interconnect_0|altera_merlin_slave_agent:adc_ltc2308_0_avalon_slave_0_agent|altera_merlin_burst_uncompressor:uncompressor|burst_uncompress_busy                                                   ; scilab_adc2:u_system|scilab_adc2_hps_0:hps_0|scilab_adc2_hps_0_fpga_interfaces:fpga_interfaces|hps2fpga_light_weight~FF_3437                                                                                                                            ; 0.453             ;
; scilab_adc2:u_system|adc_ltc2308_fifo:adc_ltc2308_0|adc_data_fifo:adc_data_fifo_inst|dcfifo:dcfifo_component|dcfifo_s7q1:auto_generated|a_graycounter_ldc:wrptr_g1p|counter8a2                                                                          ; scilab_adc2:u_system|adc_ltc2308_fifo:adc_ltc2308_0|adc_data_fifo:adc_data_fifo_inst|dcfifo:dcfifo_component|dcfifo_s7q1:auto_generated|a_graycounter_ldc:wrptr_g1p|sub_parity10a[0]                                                                    ; 0.453             ;
; scilab_adc2:u_system|adc_ltc2308_fifo:adc_ltc2308_0|adc_data_fifo:adc_data_fifo_inst|dcfifo:dcfifo_component|dcfifo_s7q1:auto_generated|a_graycounter_pv6:rdptr_g1p|counter5a7                                                                          ; scilab_adc2:u_system|adc_ltc2308_fifo:adc_ltc2308_0|adc_data_fifo:adc_data_fifo_inst|dcfifo:dcfifo_component|dcfifo_s7q1:auto_generated|a_graycounter_pv6:rdptr_g1p|counter5a10                                                                         ; 0.453             ;
; scilab_adc2:u_system|adc_ltc2308_fifo:adc_ltc2308_0|adc_data_fifo:adc_data_fifo_inst|dcfifo:dcfifo_component|dcfifo_s7q1:auto_generated|a_graycounter_pv6:rdptr_g1p|counter5a9                                                                          ; scilab_adc2:u_system|adc_ltc2308_fifo:adc_ltc2308_0|adc_data_fifo:adc_data_fifo_inst|dcfifo:dcfifo_component|dcfifo_s7q1:auto_generated|a_graycounter_pv6:rdptr_g1p|counter5a10                                                                         ; 0.453             ;
; scilab_adc2:u_system|adc_ltc2308_fifo:adc_ltc2308_0|adc_data_fifo:adc_data_fifo_inst|dcfifo:dcfifo_component|dcfifo_s7q1:auto_generated|a_graycounter_pv6:rdptr_g1p|sub_parity7a[1]                                                                     ; scilab_adc2:u_system|adc_ltc2308_fifo:adc_ltc2308_0|adc_data_fifo:adc_data_fifo_inst|dcfifo:dcfifo_component|dcfifo_s7q1:auto_generated|a_graycounter_pv6:rdptr_g1p|parity6                                                                             ; 0.453             ;
; scilab_adc2:u_system|adc_ltc2308_fifo:adc_ltc2308_0|adc_data_fifo:adc_data_fifo_inst|dcfifo:dcfifo_component|dcfifo_s7q1:auto_generated|a_graycounter_pv6:rdptr_g1p|counter5a2                                                                          ; scilab_adc2:u_system|adc_ltc2308_fifo:adc_ltc2308_0|adc_data_fifo:adc_data_fifo_inst|dcfifo:dcfifo_component|dcfifo_s7q1:auto_generated|a_graycounter_pv6:rdptr_g1p|sub_parity7a[0]                                                                     ; 0.453             ;
; scilab_adc2:u_system|scilab_adc2_mm_interconnect_0:mm_interconnect_0|altera_avalon_sc_fifo:adc_ltc2308_0_avalon_slave_0_agent_rsp_fifo|mem[0][48]                                                                                                       ; scilab_adc2:u_system|scilab_adc2_mm_interconnect_0:mm_interconnect_0|altera_merlin_slave_agent:adc_ltc2308_0_avalon_slave_0_agent|altera_merlin_burst_uncompressor:uncompressor|burst_uncompress_byte_counter[3]                                        ; 0.453             ;
; scilab_adc2:u_system|adc_ltc2308_fifo:adc_ltc2308_0|adc_data_fifo:adc_data_fifo_inst|dcfifo:dcfifo_component|dcfifo_s7q1:auto_generated|a_graycounter_ldc:wrptr_g1p|counter8a10                                                                         ; scilab_adc2:u_system|adc_ltc2308_fifo:adc_ltc2308_0|adc_data_fifo:adc_data_fifo_inst|dcfifo:dcfifo_component|dcfifo_s7q1:auto_generated|a_graycounter_ldc:wrptr_g1p|sub_parity10a[1]                                                                    ; 0.447             ;
; scilab_adc2:u_system|adc_ltc2308_fifo:adc_ltc2308_0|adc_data_fifo:adc_data_fifo_inst|dcfifo:dcfifo_component|dcfifo_s7q1:auto_generated|a_graycounter_pv6:rdptr_g1p|counter5a0                                                                          ; scilab_adc2:u_system|adc_ltc2308_fifo:adc_ltc2308_0|adc_data_fifo:adc_data_fifo_inst|dcfifo:dcfifo_component|dcfifo_s7q1:auto_generated|a_graycounter_pv6:rdptr_g1p|sub_parity7a[0]                                                                     ; 0.446             ;
; scilab_adc2:u_system|adc_ltc2308_fifo:adc_ltc2308_0|adc_data_fifo:adc_data_fifo_inst|dcfifo:dcfifo_component|dcfifo_s7q1:auto_generated|a_graycounter_pv6:rdptr_g1p|parity6                                                                             ; scilab_adc2:u_system|adc_ltc2308_fifo:adc_ltc2308_0|adc_data_fifo:adc_data_fifo_inst|dcfifo:dcfifo_component|dcfifo_s7q1:auto_generated|a_graycounter_pv6:rdptr_g1p|counter5a0                                                                          ; 0.444             ;
; scilab_adc2:u_system|scilab_adc2_hps_0:hps_0|scilab_adc2_hps_0_fpga_interfaces:fpga_interfaces|hps2fpga_light_weight~FF_1512                                                                                                                            ; scilab_adc2:u_system|scilab_adc2_mm_interconnect_0:mm_interconnect_0|altera_merlin_burst_adapter:adc_ltc2308_0_avalon_slave_0_burst_adapter|altera_merlin_burst_adapter_13_1:altera_merlin_burst_adapter_13_1.burst_adapter|in_data_reg[79]             ; 0.441             ;
; scilab_adc2:u_system|scilab_adc2_mm_interconnect_0:mm_interconnect_0|altera_avalon_sc_fifo:adc_ltc2308_0_avalon_slave_0_agent_rsp_fifo|mem[0][50]                                                                                                       ; scilab_adc2:u_system|scilab_adc2_mm_interconnect_0:mm_interconnect_0|altera_merlin_slave_agent:adc_ltc2308_0_avalon_slave_0_agent|altera_merlin_burst_uncompressor:uncompressor|burst_uncompress_byte_counter[5]                                        ; 0.440             ;
; scilab_adc2:u_system|scilab_adc2_mm_interconnect_0:mm_interconnect_0|altera_avalon_sc_fifo:adc_ltc2308_0_avalon_slave_0_agent_rsp_fifo|mem_used[1]                                                                                                      ; scilab_adc2:u_system|scilab_adc2_mm_interconnect_0:mm_interconnect_0|altera_avalon_sc_fifo:adc_ltc2308_0_avalon_slave_0_agent_rsp_fifo|mem[1][75]                                                                                                       ; 0.438             ;
; scilab_adc2:u_system|scilab_adc2_mm_interconnect_0:mm_interconnect_0|altera_merlin_burst_adapter:adc_ltc2308_0_avalon_slave_0_burst_adapter|altera_merlin_burst_adapter_13_1:altera_merlin_burst_adapter_13_1.burst_adapter|out_addr_reg[0]             ; scilab_adc2:u_system|scilab_adc2_mm_interconnect_0:mm_interconnect_0|altera_avalon_sc_fifo:adc_ltc2308_0_avalon_slave_0_agent_rsp_fifo|mem[1][18]                                                                                                       ; 0.436             ;
; scilab_adc2:u_system|scilab_adc2_mm_interconnect_0:mm_interconnect_0|altera_merlin_slave_agent:adc_ltc2308_0_avalon_slave_0_agent|altera_merlin_burst_uncompressor:uncompressor|burst_uncompress_byte_counter[7]                                        ; scilab_adc2:u_system|scilab_adc2_mm_interconnect_0:mm_interconnect_0|altera_merlin_slave_agent:adc_ltc2308_0_avalon_slave_0_agent|altera_merlin_burst_uncompressor:uncompressor|burst_uncompress_byte_counter[6]                                        ; 0.436             ;
; scilab_adc2:u_system|adc_ltc2308_fifo:adc_ltc2308_0|adc_data_fifo:adc_data_fifo_inst|dcfifo:dcfifo_component|dcfifo_s7q1:auto_generated|a_graycounter_ldc:wrptr_g1p|parity9                                                                             ; scilab_adc2:u_system|adc_ltc2308_fifo:adc_ltc2308_0|adc_data_fifo:adc_data_fifo_inst|dcfifo:dcfifo_component|dcfifo_s7q1:auto_generated|a_graycounter_ldc:wrptr_g1p|counter8a2                                                                          ; 0.432             ;
; scilab_adc2:u_system|scilab_adc2_mm_interconnect_0:mm_interconnect_0|altera_merlin_axi_master_ni:hps_0_h2f_lw_axi_master_agent|sop_enable                                                                                                               ; scilab_adc2:u_system|scilab_adc2_mm_interconnect_0:mm_interconnect_0|altera_merlin_axi_master_ni:hps_0_h2f_lw_axi_master_agent|burst_bytecount[6]                                                                                                       ; 0.430             ;
; scilab_adc2:u_system|adc_ltc2308_fifo:adc_ltc2308_0|adc_data_fifo:adc_data_fifo_inst|dcfifo:dcfifo_component|dcfifo_s7q1:auto_generated|a_graycounter_ldc:wrptr_g1p|sub_parity10a[1]                                                                    ; scilab_adc2:u_system|adc_ltc2308_fifo:adc_ltc2308_0|adc_data_fifo:adc_data_fifo_inst|dcfifo:dcfifo_component|dcfifo_s7q1:auto_generated|a_graycounter_ldc:wrptr_g1p|parity9                                                                             ; 0.423             ;
; scilab_adc2:u_system|scilab_adc2_mm_interconnect_0:mm_interconnect_0|altera_merlin_burst_adapter:adc_ltc2308_0_avalon_slave_0_burst_adapter|altera_merlin_burst_adapter_13_1:altera_merlin_burst_adapter_13_1.burst_adapter|state.ST_UNCOMP_WR_SUBBURST ; scilab_adc2:u_system|scilab_adc2_mm_interconnect_0:mm_interconnect_0|altera_avalon_sc_fifo:adc_ltc2308_0_avalon_slave_0_agent_rsp_fifo|mem[1][49]                                                                                                       ; 0.423             ;
; scilab_adc2:u_system|scilab_adc2_mm_interconnect_0:mm_interconnect_0|altera_merlin_slave_translator:adc_ltc2308_0_avalon_slave_0_translator|av_readdata_pre[8]                                                                                          ; scilab_adc2:u_system|scilab_adc2_mm_interconnect_0:mm_interconnect_0|altera_avalon_sc_fifo:adc_ltc2308_0_avalon_slave_0_agent_rdata_fifo|mem[1][8]                                                                                                      ; 0.421             ;
; scilab_adc2:u_system|adc_ltc2308_fifo:adc_ltc2308_0|adc_data_fifo:adc_data_fifo_inst|dcfifo:dcfifo_component|dcfifo_s7q1:auto_generated|a_graycounter_ldc:wrptr_g1p|counter8a5                                                                          ; scilab_adc2:u_system|adc_ltc2308_fifo:adc_ltc2308_0|adc_data_fifo:adc_data_fifo_inst|dcfifo:dcfifo_component|dcfifo_s7q1:auto_generated|a_graycounter_ldc:wrptr_g1p|sub_parity10a[0]                                                                    ; 0.421             ;
; scilab_adc2:u_system|adc_ltc2308_fifo:adc_ltc2308_0|adc_data_fifo:adc_data_fifo_inst|dcfifo:dcfifo_component|dcfifo_s7q1:auto_generated|a_graycounter_pv6:rdptr_g1p|counter5a5                                                                          ; scilab_adc2:u_system|adc_ltc2308_fifo:adc_ltc2308_0|adc_data_fifo:adc_data_fifo_inst|dcfifo:dcfifo_component|dcfifo_s7q1:auto_generated|a_graycounter_pv6:rdptr_g1p|counter5a7                                                                          ; 0.420             ;
; scilab_adc2:u_system|adc_ltc2308_fifo:adc_ltc2308_0|adc_data_fifo:adc_data_fifo_inst|dcfifo:dcfifo_component|dcfifo_s7q1:auto_generated|a_graycounter_pv6:rdptr_g1p|sub_parity7a[0]                                                                     ; scilab_adc2:u_system|adc_ltc2308_fifo:adc_ltc2308_0|adc_data_fifo:adc_data_fifo_inst|dcfifo:dcfifo_component|dcfifo_s7q1:auto_generated|a_graycounter_pv6:rdptr_g1p|parity6                                                                             ; 0.420             ;
; scilab_adc2:u_system|scilab_adc2_mm_interconnect_0:mm_interconnect_0|altera_merlin_slave_agent:adc_ltc2308_0_avalon_slave_0_agent|altera_merlin_burst_uncompressor:uncompressor|burst_uncompress_byte_counter[1]                                        ; scilab_adc2:u_system|scilab_adc2_mm_interconnect_0:mm_interconnect_0|altera_merlin_slave_agent:adc_ltc2308_0_avalon_slave_0_agent|altera_merlin_burst_uncompressor:uncompressor|burst_uncompress_byte_counter[2]                                        ; 0.420             ;
+---------------------------------------------------------------------------------------------------------------------------------------------------------------------------------------------------------------------------------------------------------+---------------------------------------------------------------------------------------------------------------------------------------------------------------------------------------------------------------------------------------------------------+-------------------+
Note: This table only shows the top 100 path(s) that have the largest delay added for hold.


+-----------------+
; Fitter Messages ;
+-----------------+
Warning (18236): Number of processors has not been specified which may cause overloading on shared machines.  Set the global assignment NUM_PARALLEL_PROCESSORS in your QSF to an appropriate value for best performance.
Info (20030): Parallel compilation is enabled and will use 16 of the 16 processors detected
Info (119006): Selected device 5CSEBA6U23I7 for design "scilabdemo_adc2"
Info (21077): Low junction temperature is -40 degrees C
Info (21077): High junction temperature is 100 degrees C
Warning: RST port on the PLL is not properly connected on instance scilab_adc2:u_system|scilab_adc2_pll_0:pll_0|altera_pll:altera_pll_i|general[0].gpll. The reset port on the PLL should be connected. If the PLL loses lock for any reason, you might need to manually reset the PLL in order to re-establish lock to the reference clock. File: /data/Tools/Intel/intelFPGA_lite/24_1/Installed/quartus/libraries/megafunctions/altera_pll.v Line: 749
    Info: Must be connected
Warning (21300): LOCKED port on the PLL is not properly connected on instance "scilab_adc2:u_system|scilab_adc2_pll_0:pll_0|altera_pll:altera_pll_i|general[0].gpll". The LOCKED port on the PLL should be connected when the FBOUTCLK port is connected. Although it is unnecessary to connect the LOCKED signal, any logic driven off of an output clock of the PLL will not know when the PLL is locked and ready.
Info (171003): Fitter is performing an Auto Fit compilation, which may decrease Fitter effort to reduce compilation time
Warning (292013): Feature LogicLock is only available with a valid subscription license. You can purchase a software subscription to gain full access to this feature.
Warning (15714): Some pins have incomplete I/O assignments. Refer to the I/O Assignment Warnings report for details
Info (176045): Design uses memory blocks. Violating setup or hold times of memory block address registers for either read or write operations could cause memory contents to be corrupted. Make sure that all memory block address registers meet the setup and hold time requirements.
Info (184020): Starting Fitter periphery placement operations
Warning (177007): PLL(s) placed in location FRACTIONALPLL_X0_Y15_N0 do not have a PLL clock to compensate specified - the Fitter will attempt to compensate all PLL clocks
    Info (177008): PLL scilab_adc2:u_system|scilab_adc2_pll_0:pll_0|altera_pll:altera_pll_i|general[0].gpll~FRACTIONAL_PLL
Info (11178): Promoted 2 clocks (2 global)
    Info (11162): scilab_adc2:u_system|scilab_adc2_hps_0:hps_0|scilab_adc2_hps_0_fpga_interfaces:fpga_interfaces|h2f_rst_n[0]~CLKENA0 with 3 fanout uses global clock CLKCTRL_G8
    Info (11162): scilab_adc2:u_system|scilab_adc2_pll_0:pll_0|altera_pll:altera_pll_i|outclk_wire[0]~CLKENA0 with 449 fanout uses global clock CLKCTRL_G7
Info (184021): Fitter periphery placement operations ending: elapsed time is 00:00:00
Info (332164): Evaluating HDL-embedded SDC commands
    Info (332165): Entity dcfifo_s7q1
        Info (332166): set_false_path -from *rdptr_g* -to *ws_dgrp|dffpipe_se9:dffpipe15|dffe16a* 
        Info (332166): set_false_path -from *delayed_wrptr_g* -to *rs_dgwp|dffpipe_re9:dffpipe12|dffe13a* 
Info (332104): Reading SDC File: 'user_const.sdc'
Info (332104): Reading SDC File: 'scilab_adc2/synthesis/submodules/altera_reset_controller.sdc'
Info (332104): Reading SDC File: 'scilab_adc2/synthesis/submodules/hps_sdram_p0.sdc'
Info (332151): Clock uncertainty is not calculated until you update the timing netlist.
Warning (332174): Ignored filter at hps_sdram_p0.sdc(551): *:u_system|*:hps_0|*:hps_io|*:border|*:hps_sdram_inst|*s0|* could not be matched with a clock or keeper or register or port or pin or cell or partition File: /data/DesignFiles/scilabdemo_adc2/scilab_adc2/synthesis/submodules/hps_sdram_p0.sdc Line: 551
Warning (332049): Ignored set_false_path at hps_sdram_p0.sdc(551): Argument <from> is not an object ID File: /data/DesignFiles/scilabdemo_adc2/scilab_adc2/synthesis/submodules/hps_sdram_p0.sdc Line: 551
    Info (332050): set_false_path -from ${prefix}|*s0|* -to [get_clocks $local_pll_write_clk] File: /data/DesignFiles/scilabdemo_adc2/scilab_adc2/synthesis/submodules/hps_sdram_p0.sdc Line: 551
Warning (332174): Ignored filter at hps_sdram_p0.sdc(552): *:u_system|*:hps_0|*:hps_io|*:border|*:hps_sdram_inst|*s0|*hphy_bridge_s0_translator|av_readdata_pre[*] could not be matched with a clock or keeper or register or port or pin or cell or partition File: /data/DesignFiles/scilabdemo_adc2/scilab_adc2/synthesis/submodules/hps_sdram_p0.sdc Line: 552
Warning (332049): Ignored set_false_path at hps_sdram_p0.sdc(552): Argument <to> is not an object ID File: /data/DesignFiles/scilabdemo_adc2/scilab_adc2/synthesis/submodules/hps_sdram_p0.sdc Line: 552
    Info (332050): set_false_path -from [get_clocks $local_pll_write_clk] -to ${prefix}|*s0|*hphy_bridge_s0_translator|av_readdata_pre[*] File: /data/DesignFiles/scilabdemo_adc2/scilab_adc2/synthesis/submodules/hps_sdram_p0.sdc Line: 552
Info (332104): Reading SDC File: '/data/DesignFiles/scilabdemo_adc2/db/ip/scilab_adc2/submodules/altera_reset_controller.sdc'
Info (332104): Reading SDC File: '/data/DesignFiles/scilabdemo_adc2/db/ip/scilab_adc2/submodules/hps_sdram_p0.sdc'
Info (332151): Clock uncertainty is not calculated until you update the timing netlist.
Warning (332043): Overwriting existing clock: scilab_adc2:u_system|scilab_adc2_hps_0:hps_0|scilab_adc2_hps_0_hps_io:hps_io|scilab_adc2_hps_0_hps_io_border:border|hps_sdram:hps_sdram_inst|hps_sdram_pll:pll|pll_write_clk_dq_write_clk
Warning (332043): Overwriting existing clock: scilab_adc2:u_system|scilab_adc2_hps_0:hps_0|scilab_adc2_hps_0_hps_io:hps_io|scilab_adc2_hps_0_hps_io_border:border|hps_sdram:hps_sdram_inst|hps_sdram_pll:pll|afi_clk_write_clk
Warning (332043): Overwriting existing clock: u_system|hps_0|hps_io|border|hps_sdram_inst|hps_sdram_p0_sampling_clock
Warning (332043): Overwriting existing clock: HPS_DDR3_CK_P
Warning (332043): Overwriting existing clock: HPS_DDR3_CK_N
Warning (332043): Overwriting existing clock: HPS_DDR3_DQS_P[0]_IN
Warning (332043): Overwriting existing clock: HPS_DDR3_DQS_P[1]_IN
Warning (332043): Overwriting existing clock: HPS_DDR3_DQS_P[2]_IN
Warning (332043): Overwriting existing clock: HPS_DDR3_DQS_P[3]_IN
Warning (332043): Overwriting existing clock: HPS_DDR3_DQS_P[0]_OUT
Warning (332043): Overwriting existing clock: HPS_DDR3_DQS_P[1]_OUT
Warning (332043): Overwriting existing clock: HPS_DDR3_DQS_P[2]_OUT
Warning (332043): Overwriting existing clock: HPS_DDR3_DQS_P[3]_OUT
Warning (332043): Overwriting existing clock: HPS_DDR3_DQS_N[0]_OUT
Warning (332043): Overwriting existing clock: HPS_DDR3_DQS_N[1]_OUT
Warning (332043): Overwriting existing clock: HPS_DDR3_DQS_N[2]_OUT
Warning (332043): Overwriting existing clock: HPS_DDR3_DQS_N[3]_OUT
Warning (332174): Ignored filter at hps_sdram_p0.sdc(551): *:u_system|*:hps_0|*:hps_io|*:border|*:hps_sdram_inst|*s0|* could not be matched with a clock or keeper or register or port or pin or cell or partition File: /data/DesignFiles/scilabdemo_adc2/db/ip/scilab_adc2/submodules/hps_sdram_p0.sdc Line: 551
Warning (332049): Ignored set_false_path at hps_sdram_p0.sdc(551): Argument <from> is not an object ID File: /data/DesignFiles/scilabdemo_adc2/db/ip/scilab_adc2/submodules/hps_sdram_p0.sdc Line: 551
    Info (332050): set_false_path -from ${prefix}|*s0|* -to [get_clocks $local_pll_write_clk] File: /data/DesignFiles/scilabdemo_adc2/db/ip/scilab_adc2/submodules/hps_sdram_p0.sdc Line: 551
Warning (332174): Ignored filter at hps_sdram_p0.sdc(552): *:u_system|*:hps_0|*:hps_io|*:border|*:hps_sdram_inst|*s0|*hphy_bridge_s0_translator|av_readdata_pre[*] could not be matched with a clock or keeper or register or port or pin or cell or partition File: /data/DesignFiles/scilabdemo_adc2/db/ip/scilab_adc2/submodules/hps_sdram_p0.sdc Line: 552
Warning (332049): Ignored set_false_path at hps_sdram_p0.sdc(552): Argument <to> is not an object ID File: /data/DesignFiles/scilabdemo_adc2/db/ip/scilab_adc2/submodules/hps_sdram_p0.sdc Line: 552
    Info (332050): set_false_path -from [get_clocks $local_pll_write_clk] -to ${prefix}|*s0|*hphy_bridge_s0_translator|av_readdata_pre[*] File: /data/DesignFiles/scilabdemo_adc2/db/ip/scilab_adc2/submodules/hps_sdram_p0.sdc Line: 552
Info (332097): The following timing edges are non-unate.  The Timing Analyzer will assume pos-unate behavior for these edges in the clock network.
    Info (332098): From: u_system|hps_0|fpga_interfaces|hps2fpga_light_weight|clk  to: scilab_adc2:u_system|scilab_adc2_hps_0:hps_0|scilab_adc2_hps_0_fpga_interfaces:fpga_interfaces|hps2fpga_light_weight~FF_3425
    Info (332098): Cell: u_system|hps_0|hps_io|border|hps_sdram_inst|p0|umemphy|uio_pads|dq_ddio[0].ubidir_dq_dqs|altdq_dqs2_inst|dqs_delay_chain  from: dqsin  to: dqsbusout
    Info (332098): Cell: u_system|hps_0|hps_io|border|hps_sdram_inst|p0|umemphy|uio_pads|dq_ddio[0].ubidir_dq_dqs|altdq_dqs2_inst|dqs_in_delay_1  from: datain  to: dataout
    Info (332098): Cell: u_system|hps_0|hps_io|border|hps_sdram_inst|p0|umemphy|uio_pads|dq_ddio[0].ubidir_dq_dqs|altdq_dqs2_inst|dqs_out_delay_1  from: datain  to: dataout
    Info (332098): Cell: u_system|hps_0|hps_io|border|hps_sdram_inst|p0|umemphy|uio_pads|dq_ddio[0].ubidir_dq_dqs|altdq_dqs2_inst|phase_align_os  from: muxsel  to: dataout
    Info (332098): Cell: u_system|hps_0|hps_io|border|hps_sdram_inst|p0|umemphy|uio_pads|dq_ddio[1].ubidir_dq_dqs|altdq_dqs2_inst|dqs_delay_chain  from: dqsin  to: dqsbusout
    Info (332098): Cell: u_system|hps_0|hps_io|border|hps_sdram_inst|p0|umemphy|uio_pads|dq_ddio[1].ubidir_dq_dqs|altdq_dqs2_inst|dqs_in_delay_1  from: datain  to: dataout
    Info (332098): Cell: u_system|hps_0|hps_io|border|hps_sdram_inst|p0|umemphy|uio_pads|dq_ddio[1].ubidir_dq_dqs|altdq_dqs2_inst|dqs_out_delay_1  from: datain  to: dataout
    Info (332098): Cell: u_system|hps_0|hps_io|border|hps_sdram_inst|p0|umemphy|uio_pads|dq_ddio[1].ubidir_dq_dqs|altdq_dqs2_inst|phase_align_os  from: muxsel  to: dataout
    Info (332098): Cell: u_system|hps_0|hps_io|border|hps_sdram_inst|p0|umemphy|uio_pads|dq_ddio[2].ubidir_dq_dqs|altdq_dqs2_inst|dqs_delay_chain  from: dqsin  to: dqsbusout
    Info (332098): Cell: u_system|hps_0|hps_io|border|hps_sdram_inst|p0|umemphy|uio_pads|dq_ddio[2].ubidir_dq_dqs|altdq_dqs2_inst|dqs_in_delay_1  from: datain  to: dataout
    Info (332098): Cell: u_system|hps_0|hps_io|border|hps_sdram_inst|p0|umemphy|uio_pads|dq_ddio[2].ubidir_dq_dqs|altdq_dqs2_inst|dqs_out_delay_1  from: datain  to: dataout
    Info (332098): Cell: u_system|hps_0|hps_io|border|hps_sdram_inst|p0|umemphy|uio_pads|dq_ddio[2].ubidir_dq_dqs|altdq_dqs2_inst|phase_align_os  from: muxsel  to: dataout
    Info (332098): Cell: u_system|hps_0|hps_io|border|hps_sdram_inst|p0|umemphy|uio_pads|dq_ddio[3].ubidir_dq_dqs|altdq_dqs2_inst|dqs_delay_chain  from: dqsin  to: dqsbusout
    Info (332098): Cell: u_system|hps_0|hps_io|border|hps_sdram_inst|p0|umemphy|uio_pads|dq_ddio[3].ubidir_dq_dqs|altdq_dqs2_inst|dqs_in_delay_1  from: datain  to: dataout
    Info (332098): Cell: u_system|hps_0|hps_io|border|hps_sdram_inst|p0|umemphy|uio_pads|dq_ddio[3].ubidir_dq_dqs|altdq_dqs2_inst|dqs_out_delay_1  from: datain  to: dataout
    Info (332098): Cell: u_system|hps_0|hps_io|border|hps_sdram_inst|p0|umemphy|uio_pads|dq_ddio[3].ubidir_dq_dqs|altdq_dqs2_inst|phase_align_os  from: muxsel  to: dataout
    Info (332098): Cell: u_system|hps_0|hps_io|border|hps_sdram_inst|p0|umemphy|uio_pads|uaddr_cmd_pads|clock_gen[0].umem_ck_pad|auto_generated|ddio_outa[0]  from: muxsel  to: dataout
    Info (332098): Cell: u_system|pll_0|altera_pll_i|general[0].gpll~FRACTIONAL_PLL  from: refclkin  to: fbclk
    Info (332098): Cell: u_system|pll_0|altera_pll_i|general[0].gpll~PLL_OUTPUT_COUNTER  from: vco0ph[0]  to: divclk
    Info (332098): Cell: u_system|pll_0|altera_pll_i|general[0].gpll~PLL_REFCLK_SELECT  from: clkin[0]  to: clkout
Info (332123): Deriving Clock Uncertainty. Please refer to report_sdc in the Timing Analyzer to see clock uncertainties.
Info (332152): The following assignments are ignored by the derive_clock_uncertainty command
Warning (332056): PLL cross checking found inconsistent PLL clock settings:
    Warning (332056): Node: u_system|pll_0|altera_pll_i|general[0].gpll~FRACTIONAL_PLL|vcoph[0] was found missing 1 generated clock that corresponds to a base clock with a period of: 20.000
Info (332171): The following clock uncertainty values are less than the recommended values that would be applied by the derive_clock_uncertainty command
    Info (332172): Setup clock transfer from HPS_DDR3_DQS_P[0]_IN (Rise) to HPS_DDR3_DQS_P[0]_IN (Rise) has uncertainty 0.000 that is less than the recommended uncertainty 0.160
    Info (332172): Setup clock transfer from HPS_DDR3_DQS_P[0]_IN (Rise) to HPS_DDR3_DQS_P[0]_IN (Fall) has uncertainty 0.000 that is less than the recommended uncertainty 0.160
    Info (332172): Setup clock transfer from HPS_DDR3_DQS_P[1]_IN (Rise) to HPS_DDR3_DQS_P[1]_IN (Rise) has uncertainty 0.000 that is less than the recommended uncertainty 0.160
    Info (332172): Setup clock transfer from HPS_DDR3_DQS_P[1]_IN (Rise) to HPS_DDR3_DQS_P[1]_IN (Fall) has uncertainty 0.000 that is less than the recommended uncertainty 0.160
    Info (332172): Setup clock transfer from HPS_DDR3_DQS_P[2]_IN (Rise) to HPS_DDR3_DQS_P[2]_IN (Rise) has uncertainty 0.000 that is less than the recommended uncertainty 0.160
    Info (332172): Setup clock transfer from HPS_DDR3_DQS_P[2]_IN (Rise) to HPS_DDR3_DQS_P[2]_IN (Fall) has uncertainty 0.000 that is less than the recommended uncertainty 0.160
    Info (332172): Setup clock transfer from HPS_DDR3_DQS_P[3]_IN (Rise) to HPS_DDR3_DQS_P[3]_IN (Rise) has uncertainty 0.000 that is less than the recommended uncertainty 0.160
    Info (332172): Setup clock transfer from HPS_DDR3_DQS_P[3]_IN (Rise) to HPS_DDR3_DQS_P[3]_IN (Fall) has uncertainty 0.000 that is less than the recommended uncertainty 0.160
    Info (332172): Setup clock transfer from scilab_adc2:u_system|scilab_adc2_hps_0:hps_0|scilab_adc2_hps_0_hps_io:hps_io|scilab_adc2_hps_0_hps_io_border:border|hps_sdram:hps_sdram_inst|hps_sdram_pll:pll|pll_write_clk_dq_write_clk (Rise) to HPS_DDR3_DQS_P[0]_OUT (Rise) has uncertainty 0.000 that is less than the recommended uncertainty 0.230
    Info (332172): Hold clock transfer from scilab_adc2:u_system|scilab_adc2_hps_0:hps_0|scilab_adc2_hps_0_hps_io:hps_io|scilab_adc2_hps_0_hps_io_border:border|hps_sdram:hps_sdram_inst|hps_sdram_pll:pll|pll_write_clk_dq_write_clk (Rise) to HPS_DDR3_DQS_P[0]_OUT (Rise) has uncertainty 0.000 that is less than the recommended uncertainty 0.230
    Info (332172): Setup clock transfer from scilab_adc2:u_system|scilab_adc2_hps_0:hps_0|scilab_adc2_hps_0_hps_io:hps_io|scilab_adc2_hps_0_hps_io_border:border|hps_sdram:hps_sdram_inst|hps_sdram_pll:pll|pll_write_clk_dq_write_clk (Fall) to HPS_DDR3_DQS_P[0]_OUT (Rise) has uncertainty 0.000 that is less than the recommended uncertainty 0.230
    Info (332172): Hold clock transfer from scilab_adc2:u_system|scilab_adc2_hps_0:hps_0|scilab_adc2_hps_0_hps_io:hps_io|scilab_adc2_hps_0_hps_io_border:border|hps_sdram:hps_sdram_inst|hps_sdram_pll:pll|pll_write_clk_dq_write_clk (Fall) to HPS_DDR3_DQS_P[0]_OUT (Rise) has uncertainty 0.000 that is less than the recommended uncertainty 0.230
    Info (332172): Setup clock transfer from scilab_adc2:u_system|scilab_adc2_hps_0:hps_0|scilab_adc2_hps_0_hps_io:hps_io|scilab_adc2_hps_0_hps_io_border:border|hps_sdram:hps_sdram_inst|hps_sdram_pll:pll|afi_clk_write_clk (Rise) to HPS_DDR3_DQS_P[0]_OUT (Fall) has uncertainty 0.000 that is less than the recommended uncertainty 0.230
    Info (332172): Hold clock transfer from scilab_adc2:u_system|scilab_adc2_hps_0:hps_0|scilab_adc2_hps_0_hps_io:hps_io|scilab_adc2_hps_0_hps_io_border:border|hps_sdram:hps_sdram_inst|hps_sdram_pll:pll|afi_clk_write_clk (Rise) to HPS_DDR3_DQS_P[0]_OUT (Fall) has uncertainty 0.000 that is less than the recommended uncertainty 0.230
    Info (332172): Setup clock transfer from u_system|hps_0|hps_io|border|hps_sdram_inst|hps_sdram_p0_sampling_clock (Rise) to HPS_DDR3_DQS_P[0]_OUT (Fall) has uncertainty 0.000 that is less than the recommended uncertainty 0.380
    Info (332172): Hold clock transfer from u_system|hps_0|hps_io|border|hps_sdram_inst|hps_sdram_p0_sampling_clock (Rise) to HPS_DDR3_DQS_P[0]_OUT (Fall) has uncertainty 0.000 that is less than the recommended uncertainty 0.380
    Info (332172): Setup clock transfer from u_system|hps_0|hps_io|border|hps_sdram_inst|hps_sdram_p0_sampling_clock (Fall) to HPS_DDR3_DQS_P[0]_OUT (Fall) has uncertainty 0.000 that is less than the recommended uncertainty 0.380
    Info (332172): Hold clock transfer from u_system|hps_0|hps_io|border|hps_sdram_inst|hps_sdram_p0_sampling_clock (Fall) to HPS_DDR3_DQS_P[0]_OUT (Fall) has uncertainty 0.000 that is less than the recommended uncertainty 0.380
    Info (332172): Setup clock transfer from scilab_adc2:u_system|scilab_adc2_hps_0:hps_0|scilab_adc2_hps_0_hps_io:hps_io|scilab_adc2_hps_0_hps_io_border:border|hps_sdram:hps_sdram_inst|hps_sdram_pll:pll|pll_write_clk_dq_write_clk (Rise) to HPS_DDR3_DQS_P[1]_OUT (Rise) has uncertainty 0.000 that is less than the recommended uncertainty 0.230
    Info (332172): Hold clock transfer from scilab_adc2:u_system|scilab_adc2_hps_0:hps_0|scilab_adc2_hps_0_hps_io:hps_io|scilab_adc2_hps_0_hps_io_border:border|hps_sdram:hps_sdram_inst|hps_sdram_pll:pll|pll_write_clk_dq_write_clk (Rise) to HPS_DDR3_DQS_P[1]_OUT (Rise) has uncertainty 0.000 that is less than the recommended uncertainty 0.230
    Info (332172): Setup clock transfer from scilab_adc2:u_system|scilab_adc2_hps_0:hps_0|scilab_adc2_hps_0_hps_io:hps_io|scilab_adc2_hps_0_hps_io_border:border|hps_sdram:hps_sdram_inst|hps_sdram_pll:pll|pll_write_clk_dq_write_clk (Fall) to HPS_DDR3_DQS_P[1]_OUT (Rise) has uncertainty 0.000 that is less than the recommended uncertainty 0.230
    Info (332172): Hold clock transfer from scilab_adc2:u_system|scilab_adc2_hps_0:hps_0|scilab_adc2_hps_0_hps_io:hps_io|scilab_adc2_hps_0_hps_io_border:border|hps_sdram:hps_sdram_inst|hps_sdram_pll:pll|pll_write_clk_dq_write_clk (Fall) to HPS_DDR3_DQS_P[1]_OUT (Rise) has uncertainty 0.000 that is less than the recommended uncertainty 0.230
    Info (332172): Setup clock transfer from scilab_adc2:u_system|scilab_adc2_hps_0:hps_0|scilab_adc2_hps_0_hps_io:hps_io|scilab_adc2_hps_0_hps_io_border:border|hps_sdram:hps_sdram_inst|hps_sdram_pll:pll|afi_clk_write_clk (Rise) to HPS_DDR3_DQS_P[1]_OUT (Fall) has uncertainty 0.000 that is less than the recommended uncertainty 0.230
    Info (332172): Hold clock transfer from scilab_adc2:u_system|scilab_adc2_hps_0:hps_0|scilab_adc2_hps_0_hps_io:hps_io|scilab_adc2_hps_0_hps_io_border:border|hps_sdram:hps_sdram_inst|hps_sdram_pll:pll|afi_clk_write_clk (Rise) to HPS_DDR3_DQS_P[1]_OUT (Fall) has uncertainty 0.000 that is less than the recommended uncertainty 0.230
    Info (332172): Setup clock transfer from u_system|hps_0|hps_io|border|hps_sdram_inst|hps_sdram_p0_sampling_clock (Rise) to HPS_DDR3_DQS_P[1]_OUT (Fall) has uncertainty 0.000 that is less than the recommended uncertainty 0.380
    Info (332172): Hold clock transfer from u_system|hps_0|hps_io|border|hps_sdram_inst|hps_sdram_p0_sampling_clock (Rise) to HPS_DDR3_DQS_P[1]_OUT (Fall) has uncertainty 0.000 that is less than the recommended uncertainty 0.380
    Info (332172): Setup clock transfer from u_system|hps_0|hps_io|border|hps_sdram_inst|hps_sdram_p0_sampling_clock (Fall) to HPS_DDR3_DQS_P[1]_OUT (Fall) has uncertainty 0.000 that is less than the recommended uncertainty 0.380
    Info (332172): Hold clock transfer from u_system|hps_0|hps_io|border|hps_sdram_inst|hps_sdram_p0_sampling_clock (Fall) to HPS_DDR3_DQS_P[1]_OUT (Fall) has uncertainty 0.000 that is less than the recommended uncertainty 0.380
    Info (332172): Setup clock transfer from scilab_adc2:u_system|scilab_adc2_hps_0:hps_0|scilab_adc2_hps_0_hps_io:hps_io|scilab_adc2_hps_0_hps_io_border:border|hps_sdram:hps_sdram_inst|hps_sdram_pll:pll|pll_write_clk_dq_write_clk (Rise) to HPS_DDR3_DQS_P[2]_OUT (Rise) has uncertainty 0.000 that is less than the recommended uncertainty 0.230
    Info (332172): Hold clock transfer from scilab_adc2:u_system|scilab_adc2_hps_0:hps_0|scilab_adc2_hps_0_hps_io:hps_io|scilab_adc2_hps_0_hps_io_border:border|hps_sdram:hps_sdram_inst|hps_sdram_pll:pll|pll_write_clk_dq_write_clk (Rise) to HPS_DDR3_DQS_P[2]_OUT (Rise) has uncertainty 0.000 that is less than the recommended uncertainty 0.230
    Info (332172): Setup clock transfer from scilab_adc2:u_system|scilab_adc2_hps_0:hps_0|scilab_adc2_hps_0_hps_io:hps_io|scilab_adc2_hps_0_hps_io_border:border|hps_sdram:hps_sdram_inst|hps_sdram_pll:pll|pll_write_clk_dq_write_clk (Fall) to HPS_DDR3_DQS_P[2]_OUT (Rise) has uncertainty 0.000 that is less than the recommended uncertainty 0.230
    Info (332172): Hold clock transfer from scilab_adc2:u_system|scilab_adc2_hps_0:hps_0|scilab_adc2_hps_0_hps_io:hps_io|scilab_adc2_hps_0_hps_io_border:border|hps_sdram:hps_sdram_inst|hps_sdram_pll:pll|pll_write_clk_dq_write_clk (Fall) to HPS_DDR3_DQS_P[2]_OUT (Rise) has uncertainty 0.000 that is less than the recommended uncertainty 0.230
    Info (332172): Setup clock transfer from scilab_adc2:u_system|scilab_adc2_hps_0:hps_0|scilab_adc2_hps_0_hps_io:hps_io|scilab_adc2_hps_0_hps_io_border:border|hps_sdram:hps_sdram_inst|hps_sdram_pll:pll|afi_clk_write_clk (Rise) to HPS_DDR3_DQS_P[2]_OUT (Fall) has uncertainty 0.000 that is less than the recommended uncertainty 0.230
    Info (332172): Hold clock transfer from scilab_adc2:u_system|scilab_adc2_hps_0:hps_0|scilab_adc2_hps_0_hps_io:hps_io|scilab_adc2_hps_0_hps_io_border:border|hps_sdram:hps_sdram_inst|hps_sdram_pll:pll|afi_clk_write_clk (Rise) to HPS_DDR3_DQS_P[2]_OUT (Fall) has uncertainty 0.000 that is less than the recommended uncertainty 0.230
    Info (332172): Setup clock transfer from u_system|hps_0|hps_io|border|hps_sdram_inst|hps_sdram_p0_sampling_clock (Rise) to HPS_DDR3_DQS_P[2]_OUT (Fall) has uncertainty 0.000 that is less than the recommended uncertainty 0.380
    Info (332172): Hold clock transfer from u_system|hps_0|hps_io|border|hps_sdram_inst|hps_sdram_p0_sampling_clock (Rise) to HPS_DDR3_DQS_P[2]_OUT (Fall) has uncertainty 0.000 that is less than the recommended uncertainty 0.260
    Info (332172): Setup clock transfer from u_system|hps_0|hps_io|border|hps_sdram_inst|hps_sdram_p0_sampling_clock (Fall) to HPS_DDR3_DQS_P[2]_OUT (Fall) has uncertainty 0.000 that is less than the recommended uncertainty 0.380
    Info (332172): Hold clock transfer from u_system|hps_0|hps_io|border|hps_sdram_inst|hps_sdram_p0_sampling_clock (Fall) to HPS_DDR3_DQS_P[2]_OUT (Fall) has uncertainty 0.000 that is less than the recommended uncertainty 0.260
    Info (332172): Setup clock transfer from scilab_adc2:u_system|scilab_adc2_hps_0:hps_0|scilab_adc2_hps_0_hps_io:hps_io|scilab_adc2_hps_0_hps_io_border:border|hps_sdram:hps_sdram_inst|hps_sdram_pll:pll|pll_write_clk_dq_write_clk (Rise) to HPS_DDR3_DQS_P[3]_OUT (Rise) has uncertainty 0.000 that is less than the recommended uncertainty 0.230
    Info (332172): Hold clock transfer from scilab_adc2:u_system|scilab_adc2_hps_0:hps_0|scilab_adc2_hps_0_hps_io:hps_io|scilab_adc2_hps_0_hps_io_border:border|hps_sdram:hps_sdram_inst|hps_sdram_pll:pll|pll_write_clk_dq_write_clk (Rise) to HPS_DDR3_DQS_P[3]_OUT (Rise) has uncertainty 0.000 that is less than the recommended uncertainty 0.230
    Info (332172): Setup clock transfer from scilab_adc2:u_system|scilab_adc2_hps_0:hps_0|scilab_adc2_hps_0_hps_io:hps_io|scilab_adc2_hps_0_hps_io_border:border|hps_sdram:hps_sdram_inst|hps_sdram_pll:pll|pll_write_clk_dq_write_clk (Fall) to HPS_DDR3_DQS_P[3]_OUT (Rise) has uncertainty 0.000 that is less than the recommended uncertainty 0.230
    Info (332172): Hold clock transfer from scilab_adc2:u_system|scilab_adc2_hps_0:hps_0|scilab_adc2_hps_0_hps_io:hps_io|scilab_adc2_hps_0_hps_io_border:border|hps_sdram:hps_sdram_inst|hps_sdram_pll:pll|pll_write_clk_dq_write_clk (Fall) to HPS_DDR3_DQS_P[3]_OUT (Rise) has uncertainty 0.000 that is less than the recommended uncertainty 0.230
    Info (332172): Setup clock transfer from scilab_adc2:u_system|scilab_adc2_hps_0:hps_0|scilab_adc2_hps_0_hps_io:hps_io|scilab_adc2_hps_0_hps_io_border:border|hps_sdram:hps_sdram_inst|hps_sdram_pll:pll|afi_clk_write_clk (Rise) to HPS_DDR3_DQS_P[3]_OUT (Fall) has uncertainty 0.000 that is less than the recommended uncertainty 0.230
    Info (332172): Hold clock transfer from scilab_adc2:u_system|scilab_adc2_hps_0:hps_0|scilab_adc2_hps_0_hps_io:hps_io|scilab_adc2_hps_0_hps_io_border:border|hps_sdram:hps_sdram_inst|hps_sdram_pll:pll|afi_clk_write_clk (Rise) to HPS_DDR3_DQS_P[3]_OUT (Fall) has uncertainty 0.000 that is less than the recommended uncertainty 0.230
    Info (332172): Setup clock transfer from u_system|hps_0|hps_io|border|hps_sdram_inst|hps_sdram_p0_sampling_clock (Rise) to HPS_DDR3_DQS_P[3]_OUT (Fall) has uncertainty 0.000 that is less than the recommended uncertainty 0.380
    Info (332172): Hold clock transfer from u_system|hps_0|hps_io|border|hps_sdram_inst|hps_sdram_p0_sampling_clock (Rise) to HPS_DDR3_DQS_P[3]_OUT (Fall) has uncertainty 0.000 that is less than the recommended uncertainty 0.380
    Info (332172): Setup clock transfer from u_system|hps_0|hps_io|border|hps_sdram_inst|hps_sdram_p0_sampling_clock (Fall) to HPS_DDR3_DQS_P[3]_OUT (Fall) has uncertainty 0.000 that is less than the recommended uncertainty 0.380
    Info (332172): Hold clock transfer from u_system|hps_0|hps_io|border|hps_sdram_inst|hps_sdram_p0_sampling_clock (Fall) to HPS_DDR3_DQS_P[3]_OUT (Fall) has uncertainty 0.000 that is less than the recommended uncertainty 0.380
    Info (332172): Setup clock transfer from scilab_adc2:u_system|scilab_adc2_hps_0:hps_0|scilab_adc2_hps_0_hps_io:hps_io|scilab_adc2_hps_0_hps_io_border:border|hps_sdram:hps_sdram_inst|hps_sdram_pll:pll|pll_write_clk_dq_write_clk (Rise) to HPS_DDR3_DQS_N[0]_OUT (Rise) has uncertainty 0.000 that is less than the recommended uncertainty 0.210
    Info (332172): Hold clock transfer from scilab_adc2:u_system|scilab_adc2_hps_0:hps_0|scilab_adc2_hps_0_hps_io:hps_io|scilab_adc2_hps_0_hps_io_border:border|hps_sdram:hps_sdram_inst|hps_sdram_pll:pll|pll_write_clk_dq_write_clk (Rise) to HPS_DDR3_DQS_N[0]_OUT (Rise) has uncertainty 0.000 that is less than the recommended uncertainty 0.210
    Info (332172): Setup clock transfer from scilab_adc2:u_system|scilab_adc2_hps_0:hps_0|scilab_adc2_hps_0_hps_io:hps_io|scilab_adc2_hps_0_hps_io_border:border|hps_sdram:hps_sdram_inst|hps_sdram_pll:pll|pll_write_clk_dq_write_clk (Fall) to HPS_DDR3_DQS_N[0]_OUT (Rise) has uncertainty 0.000 that is less than the recommended uncertainty 0.210
    Info (332172): Hold clock transfer from scilab_adc2:u_system|scilab_adc2_hps_0:hps_0|scilab_adc2_hps_0_hps_io:hps_io|scilab_adc2_hps_0_hps_io_border:border|hps_sdram:hps_sdram_inst|hps_sdram_pll:pll|pll_write_clk_dq_write_clk (Fall) to HPS_DDR3_DQS_N[0]_OUT (Rise) has uncertainty 0.000 that is less than the recommended uncertainty 0.210
    Info (332172): Setup clock transfer from scilab_adc2:u_system|scilab_adc2_hps_0:hps_0|scilab_adc2_hps_0_hps_io:hps_io|scilab_adc2_hps_0_hps_io_border:border|hps_sdram:hps_sdram_inst|hps_sdram_pll:pll|pll_write_clk_dq_write_clk (Rise) to HPS_DDR3_DQS_N[1]_OUT (Rise) has uncertainty 0.000 that is less than the recommended uncertainty 0.210
    Info (332172): Hold clock transfer from scilab_adc2:u_system|scilab_adc2_hps_0:hps_0|scilab_adc2_hps_0_hps_io:hps_io|scilab_adc2_hps_0_hps_io_border:border|hps_sdram:hps_sdram_inst|hps_sdram_pll:pll|pll_write_clk_dq_write_clk (Rise) to HPS_DDR3_DQS_N[1]_OUT (Rise) has uncertainty 0.000 that is less than the recommended uncertainty 0.210
    Info (332172): Setup clock transfer from scilab_adc2:u_system|scilab_adc2_hps_0:hps_0|scilab_adc2_hps_0_hps_io:hps_io|scilab_adc2_hps_0_hps_io_border:border|hps_sdram:hps_sdram_inst|hps_sdram_pll:pll|pll_write_clk_dq_write_clk (Fall) to HPS_DDR3_DQS_N[1]_OUT (Rise) has uncertainty 0.000 that is less than the recommended uncertainty 0.210
    Info (332172): Hold clock transfer from scilab_adc2:u_system|scilab_adc2_hps_0:hps_0|scilab_adc2_hps_0_hps_io:hps_io|scilab_adc2_hps_0_hps_io_border:border|hps_sdram:hps_sdram_inst|hps_sdram_pll:pll|pll_write_clk_dq_write_clk (Fall) to HPS_DDR3_DQS_N[1]_OUT (Rise) has uncertainty 0.000 that is less than the recommended uncertainty 0.210
    Info (332172): Setup clock transfer from scilab_adc2:u_system|scilab_adc2_hps_0:hps_0|scilab_adc2_hps_0_hps_io:hps_io|scilab_adc2_hps_0_hps_io_border:border|hps_sdram:hps_sdram_inst|hps_sdram_pll:pll|pll_write_clk_dq_write_clk (Rise) to HPS_DDR3_DQS_N[2]_OUT (Rise) has uncertainty 0.000 that is less than the recommended uncertainty 0.210
    Info (332172): Hold clock transfer from scilab_adc2:u_system|scilab_adc2_hps_0:hps_0|scilab_adc2_hps_0_hps_io:hps_io|scilab_adc2_hps_0_hps_io_border:border|hps_sdram:hps_sdram_inst|hps_sdram_pll:pll|pll_write_clk_dq_write_clk (Rise) to HPS_DDR3_DQS_N[2]_OUT (Rise) has uncertainty 0.000 that is less than the recommended uncertainty 0.210
    Info (332172): Setup clock transfer from scilab_adc2:u_system|scilab_adc2_hps_0:hps_0|scilab_adc2_hps_0_hps_io:hps_io|scilab_adc2_hps_0_hps_io_border:border|hps_sdram:hps_sdram_inst|hps_sdram_pll:pll|pll_write_clk_dq_write_clk (Fall) to HPS_DDR3_DQS_N[2]_OUT (Rise) has uncertainty 0.000 that is less than the recommended uncertainty 0.210
    Info (332172): Hold clock transfer from scilab_adc2:u_system|scilab_adc2_hps_0:hps_0|scilab_adc2_hps_0_hps_io:hps_io|scilab_adc2_hps_0_hps_io_border:border|hps_sdram:hps_sdram_inst|hps_sdram_pll:pll|pll_write_clk_dq_write_clk (Fall) to HPS_DDR3_DQS_N[2]_OUT (Rise) has uncertainty 0.000 that is less than the recommended uncertainty 0.210
    Info (332172): Setup clock transfer from scilab_adc2:u_system|scilab_adc2_hps_0:hps_0|scilab_adc2_hps_0_hps_io:hps_io|scilab_adc2_hps_0_hps_io_border:border|hps_sdram:hps_sdram_inst|hps_sdram_pll:pll|pll_write_clk_dq_write_clk (Rise) to HPS_DDR3_DQS_N[3]_OUT (Rise) has uncertainty 0.000 that is less than the recommended uncertainty 0.210
    Info (332172): Hold clock transfer from scilab_adc2:u_system|scilab_adc2_hps_0:hps_0|scilab_adc2_hps_0_hps_io:hps_io|scilab_adc2_hps_0_hps_io_border:border|hps_sdram:hps_sdram_inst|hps_sdram_pll:pll|pll_write_clk_dq_write_clk (Rise) to HPS_DDR3_DQS_N[3]_OUT (Rise) has uncertainty 0.000 that is less than the recommended uncertainty 0.210
    Info (332172): Setup clock transfer from scilab_adc2:u_system|scilab_adc2_hps_0:hps_0|scilab_adc2_hps_0_hps_io:hps_io|scilab_adc2_hps_0_hps_io_border:border|hps_sdram:hps_sdram_inst|hps_sdram_pll:pll|pll_write_clk_dq_write_clk (Fall) to HPS_DDR3_DQS_N[3]_OUT (Rise) has uncertainty 0.000 that is less than the recommended uncertainty 0.210
    Info (332172): Hold clock transfer from scilab_adc2:u_system|scilab_adc2_hps_0:hps_0|scilab_adc2_hps_0_hps_io:hps_io|scilab_adc2_hps_0_hps_io_border:border|hps_sdram:hps_sdram_inst|hps_sdram_pll:pll|pll_write_clk_dq_write_clk (Fall) to HPS_DDR3_DQS_N[3]_OUT (Rise) has uncertainty 0.000 that is less than the recommended uncertainty 0.210
Info (332129): Detected timing requirements -- optimizing circuit to achieve only the specified requirements
Info (332111): Found 18 clocks
    Info (332111):   Period   Clock Name
    Info (332111): ======== ============
    Info (332111):    2.500 HPS_DDR3_CK_N
    Info (332111):    2.500 HPS_DDR3_CK_P
    Info (332111):    2.500 HPS_DDR3_DQS_N[0]_OUT
    Info (332111):    2.500 HPS_DDR3_DQS_N[1]_OUT
    Info (332111):    2.500 HPS_DDR3_DQS_N[2]_OUT
    Info (332111):    2.500 HPS_DDR3_DQS_N[3]_OUT
    Info (332111):    2.500 HPS_DDR3_DQS_P[0]_IN
    Info (332111):    2.500 HPS_DDR3_DQS_P[0]_OUT
    Info (332111):    2.500 HPS_DDR3_DQS_P[1]_IN
    Info (332111):    2.500 HPS_DDR3_DQS_P[1]_OUT
    Info (332111):    2.500 HPS_DDR3_DQS_P[2]_IN
    Info (332111):    2.500 HPS_DDR3_DQS_P[2]_OUT
    Info (332111):    2.500 HPS_DDR3_DQS_P[3]_IN
    Info (332111):    2.500 HPS_DDR3_DQS_P[3]_OUT
    Info (332111):    2.500 scilab_adc2:u_system|scilab_adc2_hps_0:hps_0|scilab_adc2_hps_0_hps_io:hps_io|scilab_adc2_hps_0_hps_io_border:border|hps_sdram:hps_sdram_inst|hps_sdram_pll:pll|afi_clk_write_clk
    Info (332111):    2.500 scilab_adc2:u_system|scilab_adc2_hps_0:hps_0|scilab_adc2_hps_0_hps_io:hps_io|scilab_adc2_hps_0_hps_io_border:border|hps_sdram:hps_sdram_inst|hps_sdram_pll:pll|pll_write_clk_dq_write_clk
    Info (332111):   20.000      sys_clk
    Info (332111):    2.500 u_system|hps_0|hps_io|border|hps_sdram_inst|hps_sdram_p0_sampling_clock
Info (176233): Starting register packing
Info (176235): Finished register packing
    Extra Info (176219): No registers were packed into other blocks
Warning (15705): Ignored locations or region assignments to the following nodes
    Warning (15706): Node "FPGA_CLK2_50" is assigned to location or region, but does not exist in design
    Warning (15706): Node "FPGA_CLK3_50" is assigned to location or region, but does not exist in design
    Warning (15706): Node "HDMI_I2C_SCL" is assigned to location or region, but does not exist in design
    Warning (15706): Node "HDMI_I2C_SDA" is assigned to location or region, but does not exist in design
    Warning (15706): Node "HDMI_I2S" is assigned to location or region, but does not exist in design
    Warning (15706): Node "HDMI_LRCLK" is assigned to location or region, but does not exist in design
    Warning (15706): Node "HDMI_MCLK" is assigned to location or region, but does not exist in design
    Warning (15706): Node "HDMI_SCLK" is assigned to location or region, but does not exist in design
    Warning (15706): Node "HDMI_TX_CLK" is assigned to location or region, but does not exist in design
    Warning (15706): Node "HDMI_TX_DE" is assigned to location or region, but does not exist in design
    Warning (15706): Node "HDMI_TX_D[0]" is assigned to location or region, but does not exist in design
    Warning (15706): Node "HDMI_TX_D[10]" is assigned to location or region, but does not exist in design
    Warning (15706): Node "HDMI_TX_D[11]" is assigned to location or region, but does not exist in design
    Warning (15706): Node "HDMI_TX_D[12]" is assigned to location or region, but does not exist in design
    Warning (15706): Node "HDMI_TX_D[13]" is assigned to location or region, but does not exist in design
    Warning (15706): Node "HDMI_TX_D[14]" is assigned to location or region, but does not exist in design
    Warning (15706): Node "HDMI_TX_D[15]" is assigned to location or region, but does not exist in design
    Warning (15706): Node "HDMI_TX_D[16]" is assigned to location or region, but does not exist in design
    Warning (15706): Node "HDMI_TX_D[17]" is assigned to location or region, but does not exist in design
    Warning (15706): Node "HDMI_TX_D[18]" is assigned to location or region, but does not exist in design
    Warning (15706): Node "HDMI_TX_D[19]" is assigned to location or region, but does not exist in design
    Warning (15706): Node "HDMI_TX_D[1]" is assigned to location or region, but does not exist in design
    Warning (15706): Node "HDMI_TX_D[20]" is assigned to location or region, but does not exist in design
    Warning (15706): Node "HDMI_TX_D[21]" is assigned to location or region, but does not exist in design
    Warning (15706): Node "HDMI_TX_D[22]" is assigned to location or region, but does not exist in design
    Warning (15706): Node "HDMI_TX_D[23]" is assigned to location or region, but does not exist in design
    Warning (15706): Node "HDMI_TX_D[2]" is assigned to location or region, but does not exist in design
    Warning (15706): Node "HDMI_TX_D[3]" is assigned to location or region, but does not exist in design
    Warning (15706): Node "HDMI_TX_D[4]" is assigned to location or region, but does not exist in design
    Warning (15706): Node "HDMI_TX_D[5]" is assigned to location or region, but does not exist in design
    Warning (15706): Node "HDMI_TX_D[6]" is assigned to location or region, but does not exist in design
    Warning (15706): Node "HDMI_TX_D[7]" is assigned to location or region, but does not exist in design
    Warning (15706): Node "HDMI_TX_D[8]" is assigned to location or region, but does not exist in design
    Warning (15706): Node "HDMI_TX_D[9]" is assigned to location or region, but does not exist in design
    Warning (15706): Node "HDMI_TX_HS" is assigned to location or region, but does not exist in design
    Warning (15706): Node "HDMI_TX_INT" is assigned to location or region, but does not exist in design
    Warning (15706): Node "HDMI_TX_VS" is assigned to location or region, but does not exist in design
    Warning (15706): Node "KEY[0]" is assigned to location or region, but does not exist in design
    Warning (15706): Node "KEY[1]" is assigned to location or region, but does not exist in design
    Warning (15706): Node "LED[0]" is assigned to location or region, but does not exist in design
    Warning (15706): Node "LED[1]" is assigned to location or region, but does not exist in design
    Warning (15706): Node "LED[2]" is assigned to location or region, but does not exist in design
    Warning (15706): Node "LED[3]" is assigned to location or region, but does not exist in design
    Warning (15706): Node "LED[4]" is assigned to location or region, but does not exist in design
    Warning (15706): Node "LED[5]" is assigned to location or region, but does not exist in design
    Warning (15706): Node "LED[6]" is assigned to location or region, but does not exist in design
    Warning (15706): Node "LED[7]" is assigned to location or region, but does not exist in design
    Warning (15706): Node "SW[0]" is assigned to location or region, but does not exist in design
    Warning (15706): Node "SW[1]" is assigned to location or region, but does not exist in design
    Warning (15706): Node "SW[2]" is assigned to location or region, but does not exist in design
    Warning (15706): Node "SW[3]" is assigned to location or region, but does not exist in design
Info (11798): Fitter preparation operations ending: elapsed time is 00:00:18
Info (170189): Fitter placement preparation operations beginning
Info (14951): The Fitter is using Advanced Physical Optimization.
Info (170190): Fitter placement preparation operations ending: elapsed time is 00:00:06
Info (170191): Fitter placement operations beginning
Info (170137): Fitter placement was successful
Info (170192): Fitter placement operations ending: elapsed time is 00:00:02
Info (170193): Fitter routing operations beginning
Info (170195): Router estimated average interconnect usage is 0% of the available device resources
    Info (170196): Router estimated peak interconnect usage is 6% of the available device resources in the region that extends from location X45_Y35 to location X55_Y45
Info (170199): The Fitter performed an Auto Fit compilation.  Optimizations were skipped to reduce compilation time.
    Info (170201): Optimizations that may affect the design's routability were skipped
    Info (170200): Optimizations that may affect the design's timing were skipped
Info (170194): Fitter routing operations ending: elapsed time is 00:00:04
Info (11888): Total time spent on timing analysis during the Fitter is 2.83 seconds.
Info (334003): Started post-fitting delay annotation
Info (334004): Delay annotation completed successfully
Info (334003): Started post-fitting delay annotation
Info (334004): Delay annotation completed successfully
Info (11801): Fitter post-fit operations ending: elapsed time is 00:00:12
Warning (171167): Found invalid Fitter assignments. See the Ignored Assignments panel in the Fitter Compilation Report for more information.
Info (169186): Following groups of pins have the same dynamic on-chip termination control
    Info (169185): Following pins have the same dynamic on-chip termination control: scilab_adc2:u_system|scilab_adc2_hps_0:hps_0|scilab_adc2_hps_0_hps_io:hps_io|scilab_adc2_hps_0_hps_io_border:border|hps_sdram:hps_sdram_inst|hps_sdram_p0:p0|hps_sdram_p0_acv_hard_memphy:umemphy|hps_sdram_p0_acv_hard_io_pads:uio_pads|hps_sdram_p0_altdqdqs:dq_ddio[3].ubidir_dq_dqs|altdq_dqs2_acv_connect_to_hard_phy_cyclonev:altdq_dqs2_inst|diff_dtc
        Info (169066): Type bi-directional pin HPS_DDR3_DQS_P[3] uses the Differential 1.5-V SSTL Class I I/O standard File: /data/DesignFiles/scilabdemo_adc2/top.v Line: 12
    Info (169185): Following pins have the same dynamic on-chip termination control: scilab_adc2:u_system|scilab_adc2_hps_0:hps_0|scilab_adc2_hps_0_hps_io:hps_io|scilab_adc2_hps_0_hps_io_border:border|hps_sdram:hps_sdram_inst|hps_sdram_p0:p0|hps_sdram_p0_acv_hard_memphy:umemphy|hps_sdram_p0_acv_hard_io_pads:uio_pads|hps_sdram_p0_altdqdqs:dq_ddio[2].ubidir_dq_dqs|altdq_dqs2_acv_connect_to_hard_phy_cyclonev:altdq_dqs2_inst|diff_dtc
        Info (169066): Type bi-directional pin HPS_DDR3_DQS_P[2] uses the Differential 1.5-V SSTL Class I I/O standard File: /data/DesignFiles/scilabdemo_adc2/top.v Line: 12
    Info (169185): Following pins have the same dynamic on-chip termination control: scilab_adc2:u_system|scilab_adc2_hps_0:hps_0|scilab_adc2_hps_0_hps_io:hps_io|scilab_adc2_hps_0_hps_io_border:border|hps_sdram:hps_sdram_inst|hps_sdram_p0:p0|hps_sdram_p0_acv_hard_memphy:umemphy|hps_sdram_p0_acv_hard_io_pads:uio_pads|hps_sdram_p0_altdqdqs:dq_ddio[1].ubidir_dq_dqs|altdq_dqs2_acv_connect_to_hard_phy_cyclonev:altdq_dqs2_inst|diff_dtc
        Info (169066): Type bi-directional pin HPS_DDR3_DQS_P[1] uses the Differential 1.5-V SSTL Class I I/O standard File: /data/DesignFiles/scilabdemo_adc2/top.v Line: 12
    Info (169185): Following pins have the same dynamic on-chip termination control: scilab_adc2:u_system|scilab_adc2_hps_0:hps_0|scilab_adc2_hps_0_hps_io:hps_io|scilab_adc2_hps_0_hps_io_border:border|hps_sdram:hps_sdram_inst|hps_sdram_p0:p0|hps_sdram_p0_acv_hard_memphy:umemphy|hps_sdram_p0_acv_hard_io_pads:uio_pads|hps_sdram_p0_altdqdqs:dq_ddio[0].ubidir_dq_dqs|altdq_dqs2_acv_connect_to_hard_phy_cyclonev:altdq_dqs2_inst|diff_dtc
        Info (169066): Type bi-directional pin HPS_DDR3_DQS_P[0] uses the Differential 1.5-V SSTL Class I I/O standard File: /data/DesignFiles/scilabdemo_adc2/top.v Line: 12
    Info (169185): Following pins have the same dynamic on-chip termination control: scilab_adc2:u_system|scilab_adc2_hps_0:hps_0|scilab_adc2_hps_0_hps_io:hps_io|scilab_adc2_hps_0_hps_io_border:border|hps_sdram:hps_sdram_inst|hps_sdram_p0:p0|hps_sdram_p0_acv_hard_memphy:umemphy|hps_sdram_p0_acv_hard_io_pads:uio_pads|hps_sdram_p0_altdqdqs:dq_ddio[3].ubidir_dq_dqs|altdq_dqs2_acv_connect_to_hard_phy_cyclonev:altdq_dqs2_inst|diff_dtc_bar
        Info (169066): Type bi-directional pin HPS_DDR3_DQS_N[3] uses the Differential 1.5-V SSTL Class I I/O standard File: /data/DesignFiles/scilabdemo_adc2/top.v Line: 11
    Info (169185): Following pins have the same dynamic on-chip termination control: scilab_adc2:u_system|scilab_adc2_hps_0:hps_0|scilab_adc2_hps_0_hps_io:hps_io|scilab_adc2_hps_0_hps_io_border:border|hps_sdram:hps_sdram_inst|hps_sdram_p0:p0|hps_sdram_p0_acv_hard_memphy:umemphy|hps_sdram_p0_acv_hard_io_pads:uio_pads|hps_sdram_p0_altdqdqs:dq_ddio[2].ubidir_dq_dqs|altdq_dqs2_acv_connect_to_hard_phy_cyclonev:altdq_dqs2_inst|diff_dtc_bar
        Info (169066): Type bi-directional pin HPS_DDR3_DQS_N[2] uses the Differential 1.5-V SSTL Class I I/O standard File: /data/DesignFiles/scilabdemo_adc2/top.v Line: 11
    Info (169185): Following pins have the same dynamic on-chip termination control: scilab_adc2:u_system|scilab_adc2_hps_0:hps_0|scilab_adc2_hps_0_hps_io:hps_io|scilab_adc2_hps_0_hps_io_border:border|hps_sdram:hps_sdram_inst|hps_sdram_p0:p0|hps_sdram_p0_acv_hard_memphy:umemphy|hps_sdram_p0_acv_hard_io_pads:uio_pads|hps_sdram_p0_altdqdqs:dq_ddio[1].ubidir_dq_dqs|altdq_dqs2_acv_connect_to_hard_phy_cyclonev:altdq_dqs2_inst|diff_dtc_bar
        Info (169066): Type bi-directional pin HPS_DDR3_DQS_N[1] uses the Differential 1.5-V SSTL Class I I/O standard File: /data/DesignFiles/scilabdemo_adc2/top.v Line: 11
    Info (169185): Following pins have the same dynamic on-chip termination control: scilab_adc2:u_system|scilab_adc2_hps_0:hps_0|scilab_adc2_hps_0_hps_io:hps_io|scilab_adc2_hps_0_hps_io_border:border|hps_sdram:hps_sdram_inst|hps_sdram_p0:p0|hps_sdram_p0_acv_hard_memphy:umemphy|hps_sdram_p0_acv_hard_io_pads:uio_pads|hps_sdram_p0_altdqdqs:dq_ddio[0].ubidir_dq_dqs|altdq_dqs2_acv_connect_to_hard_phy_cyclonev:altdq_dqs2_inst|diff_dtc_bar
        Info (169066): Type bi-directional pin HPS_DDR3_DQS_N[0] uses the Differential 1.5-V SSTL Class I I/O standard File: /data/DesignFiles/scilabdemo_adc2/top.v Line: 11
    Info (169185): Following pins have the same dynamic on-chip termination control: scilab_adc2:u_system|scilab_adc2_hps_0:hps_0|scilab_adc2_hps_0_hps_io:hps_io|scilab_adc2_hps_0_hps_io_border:border|hps_sdram:hps_sdram_inst|hps_sdram_p0:p0|hps_sdram_p0_acv_hard_memphy:umemphy|hps_sdram_p0_acv_hard_io_pads:uio_pads|hps_sdram_p0_altdqdqs:dq_ddio[3].ubidir_dq_dqs|altdq_dqs2_acv_connect_to_hard_phy_cyclonev:altdq_dqs2_inst|delayed_oct
        Info (169066): Type bi-directional pin HPS_DDR3_DQ[31] uses the SSTL-15 Class I I/O standard File: /data/DesignFiles/scilabdemo_adc2/top.v Line: 10
    Info (169185): Following pins have the same dynamic on-chip termination control: scilab_adc2:u_system|scilab_adc2_hps_0:hps_0|scilab_adc2_hps_0_hps_io:hps_io|scilab_adc2_hps_0_hps_io_border:border|hps_sdram:hps_sdram_inst|hps_sdram_p0:p0|hps_sdram_p0_acv_hard_memphy:umemphy|hps_sdram_p0_acv_hard_io_pads:uio_pads|hps_sdram_p0_altdqdqs:dq_ddio[3].ubidir_dq_dqs|altdq_dqs2_acv_connect_to_hard_phy_cyclonev:altdq_dqs2_inst|delayed_oct
        Info (169066): Type bi-directional pin HPS_DDR3_DQ[30] uses the SSTL-15 Class I I/O standard File: /data/DesignFiles/scilabdemo_adc2/top.v Line: 10
    Info (169185): Following pins have the same dynamic on-chip termination control: scilab_adc2:u_system|scilab_adc2_hps_0:hps_0|scilab_adc2_hps_0_hps_io:hps_io|scilab_adc2_hps_0_hps_io_border:border|hps_sdram:hps_sdram_inst|hps_sdram_p0:p0|hps_sdram_p0_acv_hard_memphy:umemphy|hps_sdram_p0_acv_hard_io_pads:uio_pads|hps_sdram_p0_altdqdqs:dq_ddio[3].ubidir_dq_dqs|altdq_dqs2_acv_connect_to_hard_phy_cyclonev:altdq_dqs2_inst|delayed_oct
        Info (169066): Type bi-directional pin HPS_DDR3_DQ[29] uses the SSTL-15 Class I I/O standard File: /data/DesignFiles/scilabdemo_adc2/top.v Line: 10
    Info (169185): Following pins have the same dynamic on-chip termination control: scilab_adc2:u_system|scilab_adc2_hps_0:hps_0|scilab_adc2_hps_0_hps_io:hps_io|scilab_adc2_hps_0_hps_io_border:border|hps_sdram:hps_sdram_inst|hps_sdram_p0:p0|hps_sdram_p0_acv_hard_memphy:umemphy|hps_sdram_p0_acv_hard_io_pads:uio_pads|hps_sdram_p0_altdqdqs:dq_ddio[3].ubidir_dq_dqs|altdq_dqs2_acv_connect_to_hard_phy_cyclonev:altdq_dqs2_inst|delayed_oct
        Info (169066): Type bi-directional pin HPS_DDR3_DQ[28] uses the SSTL-15 Class I I/O standard File: /data/DesignFiles/scilabdemo_adc2/top.v Line: 10
    Info (169185): Following pins have the same dynamic on-chip termination control: scilab_adc2:u_system|scilab_adc2_hps_0:hps_0|scilab_adc2_hps_0_hps_io:hps_io|scilab_adc2_hps_0_hps_io_border:border|hps_sdram:hps_sdram_inst|hps_sdram_p0:p0|hps_sdram_p0_acv_hard_memphy:umemphy|hps_sdram_p0_acv_hard_io_pads:uio_pads|hps_sdram_p0_altdqdqs:dq_ddio[3].ubidir_dq_dqs|altdq_dqs2_acv_connect_to_hard_phy_cyclonev:altdq_dqs2_inst|delayed_oct
        Info (169066): Type bi-directional pin HPS_DDR3_DQ[27] uses the SSTL-15 Class I I/O standard File: /data/DesignFiles/scilabdemo_adc2/top.v Line: 10
    Info (169185): Following pins have the same dynamic on-chip termination control: scilab_adc2:u_system|scilab_adc2_hps_0:hps_0|scilab_adc2_hps_0_hps_io:hps_io|scilab_adc2_hps_0_hps_io_border:border|hps_sdram:hps_sdram_inst|hps_sdram_p0:p0|hps_sdram_p0_acv_hard_memphy:umemphy|hps_sdram_p0_acv_hard_io_pads:uio_pads|hps_sdram_p0_altdqdqs:dq_ddio[3].ubidir_dq_dqs|altdq_dqs2_acv_connect_to_hard_phy_cyclonev:altdq_dqs2_inst|delayed_oct
        Info (169066): Type bi-directional pin HPS_DDR3_DQ[26] uses the SSTL-15 Class I I/O standard File: /data/DesignFiles/scilabdemo_adc2/top.v Line: 10
    Info (169185): Following pins have the same dynamic on-chip termination control: scilab_adc2:u_system|scilab_adc2_hps_0:hps_0|scilab_adc2_hps_0_hps_io:hps_io|scilab_adc2_hps_0_hps_io_border:border|hps_sdram:hps_sdram_inst|hps_sdram_p0:p0|hps_sdram_p0_acv_hard_memphy:umemphy|hps_sdram_p0_acv_hard_io_pads:uio_pads|hps_sdram_p0_altdqdqs:dq_ddio[3].ubidir_dq_dqs|altdq_dqs2_acv_connect_to_hard_phy_cyclonev:altdq_dqs2_inst|delayed_oct
        Info (169066): Type bi-directional pin HPS_DDR3_DQ[25] uses the SSTL-15 Class I I/O standard File: /data/DesignFiles/scilabdemo_adc2/top.v Line: 10
    Info (169185): Following pins have the same dynamic on-chip termination control: scilab_adc2:u_system|scilab_adc2_hps_0:hps_0|scilab_adc2_hps_0_hps_io:hps_io|scilab_adc2_hps_0_hps_io_border:border|hps_sdram:hps_sdram_inst|hps_sdram_p0:p0|hps_sdram_p0_acv_hard_memphy:umemphy|hps_sdram_p0_acv_hard_io_pads:uio_pads|hps_sdram_p0_altdqdqs:dq_ddio[3].ubidir_dq_dqs|altdq_dqs2_acv_connect_to_hard_phy_cyclonev:altdq_dqs2_inst|delayed_oct
        Info (169066): Type bi-directional pin HPS_DDR3_DQ[24] uses the SSTL-15 Class I I/O standard File: /data/DesignFiles/scilabdemo_adc2/top.v Line: 10
    Info (169185): Following pins have the same dynamic on-chip termination control: scilab_adc2:u_system|scilab_adc2_hps_0:hps_0|scilab_adc2_hps_0_hps_io:hps_io|scilab_adc2_hps_0_hps_io_border:border|hps_sdram:hps_sdram_inst|hps_sdram_p0:p0|hps_sdram_p0_acv_hard_memphy:umemphy|hps_sdram_p0_acv_hard_io_pads:uio_pads|hps_sdram_p0_altdqdqs:dq_ddio[2].ubidir_dq_dqs|altdq_dqs2_acv_connect_to_hard_phy_cyclonev:altdq_dqs2_inst|delayed_oct
        Info (169066): Type bi-directional pin HPS_DDR3_DQ[23] uses the SSTL-15 Class I I/O standard File: /data/DesignFiles/scilabdemo_adc2/top.v Line: 10
    Info (169185): Following pins have the same dynamic on-chip termination control: scilab_adc2:u_system|scilab_adc2_hps_0:hps_0|scilab_adc2_hps_0_hps_io:hps_io|scilab_adc2_hps_0_hps_io_border:border|hps_sdram:hps_sdram_inst|hps_sdram_p0:p0|hps_sdram_p0_acv_hard_memphy:umemphy|hps_sdram_p0_acv_hard_io_pads:uio_pads|hps_sdram_p0_altdqdqs:dq_ddio[1].ubidir_dq_dqs|altdq_dqs2_acv_connect_to_hard_phy_cyclonev:altdq_dqs2_inst|delayed_oct
        Info (169066): Type bi-directional pin HPS_DDR3_DQ[10] uses the SSTL-15 Class I I/O standard File: /data/DesignFiles/scilabdemo_adc2/top.v Line: 10
    Info (169185): Following pins have the same dynamic on-chip termination control: scilab_adc2:u_system|scilab_adc2_hps_0:hps_0|scilab_adc2_hps_0_hps_io:hps_io|scilab_adc2_hps_0_hps_io_border:border|hps_sdram:hps_sdram_inst|hps_sdram_p0:p0|hps_sdram_p0_acv_hard_memphy:umemphy|hps_sdram_p0_acv_hard_io_pads:uio_pads|hps_sdram_p0_altdqdqs:dq_ddio[1].ubidir_dq_dqs|altdq_dqs2_acv_connect_to_hard_phy_cyclonev:altdq_dqs2_inst|delayed_oct
        Info (169066): Type bi-directional pin HPS_DDR3_DQ[9] uses the SSTL-15 Class I I/O standard File: /data/DesignFiles/scilabdemo_adc2/top.v Line: 10
    Info (169185): Following pins have the same dynamic on-chip termination control: scilab_adc2:u_system|scilab_adc2_hps_0:hps_0|scilab_adc2_hps_0_hps_io:hps_io|scilab_adc2_hps_0_hps_io_border:border|hps_sdram:hps_sdram_inst|hps_sdram_p0:p0|hps_sdram_p0_acv_hard_memphy:umemphy|hps_sdram_p0_acv_hard_io_pads:uio_pads|hps_sdram_p0_altdqdqs:dq_ddio[1].ubidir_dq_dqs|altdq_dqs2_acv_connect_to_hard_phy_cyclonev:altdq_dqs2_inst|delayed_oct
        Info (169066): Type bi-directional pin HPS_DDR3_DQ[8] uses the SSTL-15 Class I I/O standard File: /data/DesignFiles/scilabdemo_adc2/top.v Line: 10
    Info (169185): Following pins have the same dynamic on-chip termination control: scilab_adc2:u_system|scilab_adc2_hps_0:hps_0|scilab_adc2_hps_0_hps_io:hps_io|scilab_adc2_hps_0_hps_io_border:border|hps_sdram:hps_sdram_inst|hps_sdram_p0:p0|hps_sdram_p0_acv_hard_memphy:umemphy|hps_sdram_p0_acv_hard_io_pads:uio_pads|hps_sdram_p0_altdqdqs:dq_ddio[0].ubidir_dq_dqs|altdq_dqs2_acv_connect_to_hard_phy_cyclonev:altdq_dqs2_inst|delayed_oct
        Info (169066): Type bi-directional pin HPS_DDR3_DQ[7] uses the SSTL-15 Class I I/O standard File: /data/DesignFiles/scilabdemo_adc2/top.v Line: 10
    Info (169185): Following pins have the same dynamic on-chip termination control: scilab_adc2:u_system|scilab_adc2_hps_0:hps_0|scilab_adc2_hps_0_hps_io:hps_io|scilab_adc2_hps_0_hps_io_border:border|hps_sdram:hps_sdram_inst|hps_sdram_p0:p0|hps_sdram_p0_acv_hard_memphy:umemphy|hps_sdram_p0_acv_hard_io_pads:uio_pads|hps_sdram_p0_altdqdqs:dq_ddio[0].ubidir_dq_dqs|altdq_dqs2_acv_connect_to_hard_phy_cyclonev:altdq_dqs2_inst|delayed_oct
        Info (169066): Type bi-directional pin HPS_DDR3_DQ[6] uses the SSTL-15 Class I I/O standard File: /data/DesignFiles/scilabdemo_adc2/top.v Line: 10
    Info (169185): Following pins have the same dynamic on-chip termination control: scilab_adc2:u_system|scilab_adc2_hps_0:hps_0|scilab_adc2_hps_0_hps_io:hps_io|scilab_adc2_hps_0_hps_io_border:border|hps_sdram:hps_sdram_inst|hps_sdram_p0:p0|hps_sdram_p0_acv_hard_memphy:umemphy|hps_sdram_p0_acv_hard_io_pads:uio_pads|hps_sdram_p0_altdqdqs:dq_ddio[0].ubidir_dq_dqs|altdq_dqs2_acv_connect_to_hard_phy_cyclonev:altdq_dqs2_inst|delayed_oct
        Info (169066): Type bi-directional pin HPS_DDR3_DQ[5] uses the SSTL-15 Class I I/O standard File: /data/DesignFiles/scilabdemo_adc2/top.v Line: 10
    Info (169185): Following pins have the same dynamic on-chip termination control: scilab_adc2:u_system|scilab_adc2_hps_0:hps_0|scilab_adc2_hps_0_hps_io:hps_io|scilab_adc2_hps_0_hps_io_border:border|hps_sdram:hps_sdram_inst|hps_sdram_p0:p0|hps_sdram_p0_acv_hard_memphy:umemphy|hps_sdram_p0_acv_hard_io_pads:uio_pads|hps_sdram_p0_altdqdqs:dq_ddio[0].ubidir_dq_dqs|altdq_dqs2_acv_connect_to_hard_phy_cyclonev:altdq_dqs2_inst|delayed_oct
        Info (169066): Type bi-directional pin HPS_DDR3_DQ[1] uses the SSTL-15 Class I I/O standard File: /data/DesignFiles/scilabdemo_adc2/top.v Line: 10
    Info (169185): Following pins have the same dynamic on-chip termination control: scilab_adc2:u_system|scilab_adc2_hps_0:hps_0|scilab_adc2_hps_0_hps_io:hps_io|scilab_adc2_hps_0_hps_io_border:border|hps_sdram:hps_sdram_inst|hps_sdram_p0:p0|hps_sdram_p0_acv_hard_memphy:umemphy|hps_sdram_p0_acv_hard_io_pads:uio_pads|hps_sdram_p0_altdqdqs:dq_ddio[0].ubidir_dq_dqs|altdq_dqs2_acv_connect_to_hard_phy_cyclonev:altdq_dqs2_inst|delayed_oct
        Info (169066): Type bi-directional pin HPS_DDR3_DQ[0] uses the SSTL-15 Class I I/O standard File: /data/DesignFiles/scilabdemo_adc2/top.v Line: 10
    Info (169185): Following pins have the same dynamic on-chip termination control: scilab_adc2:u_system|scilab_adc2_hps_0:hps_0|scilab_adc2_hps_0_hps_io:hps_io|scilab_adc2_hps_0_hps_io_border:border|hps_sdram:hps_sdram_inst|hps_sdram_p0:p0|hps_sdram_p0_acv_hard_memphy:umemphy|hps_sdram_p0_acv_hard_io_pads:uio_pads|hps_sdram_p0_altdqdqs:dq_ddio[0].ubidir_dq_dqs|altdq_dqs2_acv_connect_to_hard_phy_cyclonev:altdq_dqs2_inst|delayed_oct
        Info (169066): Type bi-directional pin HPS_DDR3_DQ[2] uses the SSTL-15 Class I I/O standard File: /data/DesignFiles/scilabdemo_adc2/top.v Line: 10
    Info (169185): Following pins have the same dynamic on-chip termination control: scilab_adc2:u_system|scilab_adc2_hps_0:hps_0|scilab_adc2_hps_0_hps_io:hps_io|scilab_adc2_hps_0_hps_io_border:border|hps_sdram:hps_sdram_inst|hps_sdram_p0:p0|hps_sdram_p0_acv_hard_memphy:umemphy|hps_sdram_p0_acv_hard_io_pads:uio_pads|hps_sdram_p0_altdqdqs:dq_ddio[0].ubidir_dq_dqs|altdq_dqs2_acv_connect_to_hard_phy_cyclonev:altdq_dqs2_inst|delayed_oct
        Info (169066): Type bi-directional pin HPS_DDR3_DQ[3] uses the SSTL-15 Class I I/O standard File: /data/DesignFiles/scilabdemo_adc2/top.v Line: 10
    Info (169185): Following pins have the same dynamic on-chip termination control: scilab_adc2:u_system|scilab_adc2_hps_0:hps_0|scilab_adc2_hps_0_hps_io:hps_io|scilab_adc2_hps_0_hps_io_border:border|hps_sdram:hps_sdram_inst|hps_sdram_p0:p0|hps_sdram_p0_acv_hard_memphy:umemphy|hps_sdram_p0_acv_hard_io_pads:uio_pads|hps_sdram_p0_altdqdqs:dq_ddio[0].ubidir_dq_dqs|altdq_dqs2_acv_connect_to_hard_phy_cyclonev:altdq_dqs2_inst|delayed_oct
        Info (169066): Type bi-directional pin HPS_DDR3_DQ[4] uses the SSTL-15 Class I I/O standard File: /data/DesignFiles/scilabdemo_adc2/top.v Line: 10
    Info (169185): Following pins have the same dynamic on-chip termination control: scilab_adc2:u_system|scilab_adc2_hps_0:hps_0|scilab_adc2_hps_0_hps_io:hps_io|scilab_adc2_hps_0_hps_io_border:border|hps_sdram:hps_sdram_inst|hps_sdram_p0:p0|hps_sdram_p0_acv_hard_memphy:umemphy|hps_sdram_p0_acv_hard_io_pads:uio_pads|hps_sdram_p0_altdqdqs:dq_ddio[1].ubidir_dq_dqs|altdq_dqs2_acv_connect_to_hard_phy_cyclonev:altdq_dqs2_inst|delayed_oct
        Info (169066): Type bi-directional pin HPS_DDR3_DQ[11] uses the SSTL-15 Class I I/O standard File: /data/DesignFiles/scilabdemo_adc2/top.v Line: 10
    Info (169185): Following pins have the same dynamic on-chip termination control: scilab_adc2:u_system|scilab_adc2_hps_0:hps_0|scilab_adc2_hps_0_hps_io:hps_io|scilab_adc2_hps_0_hps_io_border:border|hps_sdram:hps_sdram_inst|hps_sdram_p0:p0|hps_sdram_p0_acv_hard_memphy:umemphy|hps_sdram_p0_acv_hard_io_pads:uio_pads|hps_sdram_p0_altdqdqs:dq_ddio[1].ubidir_dq_dqs|altdq_dqs2_acv_connect_to_hard_phy_cyclonev:altdq_dqs2_inst|delayed_oct
        Info (169066): Type bi-directional pin HPS_DDR3_DQ[12] uses the SSTL-15 Class I I/O standard File: /data/DesignFiles/scilabdemo_adc2/top.v Line: 10
    Info (169185): Following pins have the same dynamic on-chip termination control: scilab_adc2:u_system|scilab_adc2_hps_0:hps_0|scilab_adc2_hps_0_hps_io:hps_io|scilab_adc2_hps_0_hps_io_border:border|hps_sdram:hps_sdram_inst|hps_sdram_p0:p0|hps_sdram_p0_acv_hard_memphy:umemphy|hps_sdram_p0_acv_hard_io_pads:uio_pads|hps_sdram_p0_altdqdqs:dq_ddio[1].ubidir_dq_dqs|altdq_dqs2_acv_connect_to_hard_phy_cyclonev:altdq_dqs2_inst|delayed_oct
        Info (169066): Type bi-directional pin HPS_DDR3_DQ[13] uses the SSTL-15 Class I I/O standard File: /data/DesignFiles/scilabdemo_adc2/top.v Line: 10
    Info (169185): Following pins have the same dynamic on-chip termination control: scilab_adc2:u_system|scilab_adc2_hps_0:hps_0|scilab_adc2_hps_0_hps_io:hps_io|scilab_adc2_hps_0_hps_io_border:border|hps_sdram:hps_sdram_inst|hps_sdram_p0:p0|hps_sdram_p0_acv_hard_memphy:umemphy|hps_sdram_p0_acv_hard_io_pads:uio_pads|hps_sdram_p0_altdqdqs:dq_ddio[1].ubidir_dq_dqs|altdq_dqs2_acv_connect_to_hard_phy_cyclonev:altdq_dqs2_inst|delayed_oct
        Info (169066): Type bi-directional pin HPS_DDR3_DQ[14] uses the SSTL-15 Class I I/O standard File: /data/DesignFiles/scilabdemo_adc2/top.v Line: 10
    Info (169185): Following pins have the same dynamic on-chip termination control: scilab_adc2:u_system|scilab_adc2_hps_0:hps_0|scilab_adc2_hps_0_hps_io:hps_io|scilab_adc2_hps_0_hps_io_border:border|hps_sdram:hps_sdram_inst|hps_sdram_p0:p0|hps_sdram_p0_acv_hard_memphy:umemphy|hps_sdram_p0_acv_hard_io_pads:uio_pads|hps_sdram_p0_altdqdqs:dq_ddio[1].ubidir_dq_dqs|altdq_dqs2_acv_connect_to_hard_phy_cyclonev:altdq_dqs2_inst|delayed_oct
        Info (169066): Type bi-directional pin HPS_DDR3_DQ[15] uses the SSTL-15 Class I I/O standard File: /data/DesignFiles/scilabdemo_adc2/top.v Line: 10
    Info (169185): Following pins have the same dynamic on-chip termination control: scilab_adc2:u_system|scilab_adc2_hps_0:hps_0|scilab_adc2_hps_0_hps_io:hps_io|scilab_adc2_hps_0_hps_io_border:border|hps_sdram:hps_sdram_inst|hps_sdram_p0:p0|hps_sdram_p0_acv_hard_memphy:umemphy|hps_sdram_p0_acv_hard_io_pads:uio_pads|hps_sdram_p0_altdqdqs:dq_ddio[2].ubidir_dq_dqs|altdq_dqs2_acv_connect_to_hard_phy_cyclonev:altdq_dqs2_inst|delayed_oct
        Info (169066): Type bi-directional pin HPS_DDR3_DQ[16] uses the SSTL-15 Class I I/O standard File: /data/DesignFiles/scilabdemo_adc2/top.v Line: 10
    Info (169185): Following pins have the same dynamic on-chip termination control: scilab_adc2:u_system|scilab_adc2_hps_0:hps_0|scilab_adc2_hps_0_hps_io:hps_io|scilab_adc2_hps_0_hps_io_border:border|hps_sdram:hps_sdram_inst|hps_sdram_p0:p0|hps_sdram_p0_acv_hard_memphy:umemphy|hps_sdram_p0_acv_hard_io_pads:uio_pads|hps_sdram_p0_altdqdqs:dq_ddio[2].ubidir_dq_dqs|altdq_dqs2_acv_connect_to_hard_phy_cyclonev:altdq_dqs2_inst|delayed_oct
        Info (169066): Type bi-directional pin HPS_DDR3_DQ[17] uses the SSTL-15 Class I I/O standard File: /data/DesignFiles/scilabdemo_adc2/top.v Line: 10
    Info (169185): Following pins have the same dynamic on-chip termination control: scilab_adc2:u_system|scilab_adc2_hps_0:hps_0|scilab_adc2_hps_0_hps_io:hps_io|scilab_adc2_hps_0_hps_io_border:border|hps_sdram:hps_sdram_inst|hps_sdram_p0:p0|hps_sdram_p0_acv_hard_memphy:umemphy|hps_sdram_p0_acv_hard_io_pads:uio_pads|hps_sdram_p0_altdqdqs:dq_ddio[2].ubidir_dq_dqs|altdq_dqs2_acv_connect_to_hard_phy_cyclonev:altdq_dqs2_inst|delayed_oct
        Info (169066): Type bi-directional pin HPS_DDR3_DQ[18] uses the SSTL-15 Class I I/O standard File: /data/DesignFiles/scilabdemo_adc2/top.v Line: 10
    Info (169185): Following pins have the same dynamic on-chip termination control: scilab_adc2:u_system|scilab_adc2_hps_0:hps_0|scilab_adc2_hps_0_hps_io:hps_io|scilab_adc2_hps_0_hps_io_border:border|hps_sdram:hps_sdram_inst|hps_sdram_p0:p0|hps_sdram_p0_acv_hard_memphy:umemphy|hps_sdram_p0_acv_hard_io_pads:uio_pads|hps_sdram_p0_altdqdqs:dq_ddio[2].ubidir_dq_dqs|altdq_dqs2_acv_connect_to_hard_phy_cyclonev:altdq_dqs2_inst|delayed_oct
        Info (169066): Type bi-directional pin HPS_DDR3_DQ[19] uses the SSTL-15 Class I I/O standard File: /data/DesignFiles/scilabdemo_adc2/top.v Line: 10
    Info (169185): Following pins have the same dynamic on-chip termination control: scilab_adc2:u_system|scilab_adc2_hps_0:hps_0|scilab_adc2_hps_0_hps_io:hps_io|scilab_adc2_hps_0_hps_io_border:border|hps_sdram:hps_sdram_inst|hps_sdram_p0:p0|hps_sdram_p0_acv_hard_memphy:umemphy|hps_sdram_p0_acv_hard_io_pads:uio_pads|hps_sdram_p0_altdqdqs:dq_ddio[2].ubidir_dq_dqs|altdq_dqs2_acv_connect_to_hard_phy_cyclonev:altdq_dqs2_inst|delayed_oct
        Info (169066): Type bi-directional pin HPS_DDR3_DQ[20] uses the SSTL-15 Class I I/O standard File: /data/DesignFiles/scilabdemo_adc2/top.v Line: 10
    Info (169185): Following pins have the same dynamic on-chip termination control: scilab_adc2:u_system|scilab_adc2_hps_0:hps_0|scilab_adc2_hps_0_hps_io:hps_io|scilab_adc2_hps_0_hps_io_border:border|hps_sdram:hps_sdram_inst|hps_sdram_p0:p0|hps_sdram_p0_acv_hard_memphy:umemphy|hps_sdram_p0_acv_hard_io_pads:uio_pads|hps_sdram_p0_altdqdqs:dq_ddio[2].ubidir_dq_dqs|altdq_dqs2_acv_connect_to_hard_phy_cyclonev:altdq_dqs2_inst|delayed_oct
        Info (169066): Type bi-directional pin HPS_DDR3_DQ[21] uses the SSTL-15 Class I I/O standard File: /data/DesignFiles/scilabdemo_adc2/top.v Line: 10
    Info (169185): Following pins have the same dynamic on-chip termination control: scilab_adc2:u_system|scilab_adc2_hps_0:hps_0|scilab_adc2_hps_0_hps_io:hps_io|scilab_adc2_hps_0_hps_io_border:border|hps_sdram:hps_sdram_inst|hps_sdram_p0:p0|hps_sdram_p0_acv_hard_memphy:umemphy|hps_sdram_p0_acv_hard_io_pads:uio_pads|hps_sdram_p0_altdqdqs:dq_ddio[2].ubidir_dq_dqs|altdq_dqs2_acv_connect_to_hard_phy_cyclonev:altdq_dqs2_inst|delayed_oct
        Info (169066): Type bi-directional pin HPS_DDR3_DQ[22] uses the SSTL-15 Class I I/O standard File: /data/DesignFiles/scilabdemo_adc2/top.v Line: 10
Info (144001): Generated suppressed messages file /data/DesignFiles/scilabdemo_adc2/output_files/scilabdemo_adc2.fit.smsg
Info: Quartus Prime Fitter was successful. 0 errors, 86 warnings
    Info: Peak virtual memory: 3421 megabytes
    Info: Processing ended: Fri Dec  5 18:22:29 2025
    Info: Elapsed time: 00:01:06
    Info: Total CPU time (on all processors): 00:03:19


+----------------------------+
; Fitter Suppressed Messages ;
+----------------------------+
The suppressed messages can be found in /data/DesignFiles/scilabdemo_adc2/output_files/scilabdemo_adc2.fit.smsg.


